INSERT INTO "client" VALUES  ( '9953e565-53b7-4656-9c19-2c91db520f93',  'Тетерин',  'Станислав',  'Игнатович',  '1999-07-20',  'jndjdrhk18@gmail.com',  '+7 (927) 183-03-58');
INSERT INTO "client" VALUES ('820edaa7-523f-41a4-a7e1-1078fc6f3ad2', 'Одинцов', 'Анатолий', 'Савельевич', '1989-04-14', 'xesrzxen68@gmail.com', '+7 (937) 141-64-57');
INSERT INTO "client" VALUES ('692dc911-d4d8-4847-ad21-d28a064d0f2e', 'Осипова', 'Виолетта', 'Данииловна', '1981-06-01', 'hayxrkrl79@gmail.com', '+7 (991) 885-50-23');
INSERT INTO "client" VALUES ('64112bd3-a1e7-4bbb-8b62-743c8dc0c1ee', 'Вишняков', 'Данила', 'Владиславович', '1987-03-27', 'tmeqnbdw97@gmail.com', '+7 (952) 113-09-00');
INSERT INTO "client" VALUES ('e3729046-eda8-43d6-bd06-ff10d3afd051', 'Ковалёв', 'Игорь', 'Робертович', '2003-03-22', 'spafhjcp15@gmail.com', '+7 (950) 568-76-00');
INSERT INTO "client" VALUES ('3e9d86cd-6787-4e53-8dad-c0a087303fbd', 'Филиппова', 'Диана', 'Игнатовна', '1999-09-01', 'kigyacld4@gmail.com', '+7 (914) 122-54-26');
INSERT INTO "client" VALUES ('25c775ae-addb-43b6-90db-d167e59de331', 'Гордеева', 'Виолетта', 'Даниловна', '1982-08-03', 'bqtzkcuk30@gmail.com', '+7 (921) 532-91-58');
INSERT INTO "client" VALUES ('5e365982-7399-4f0c-8bf3-b2478016d932', 'Гордеева', 'Влада', 'Ильинична', '2000-01-08', 'hiplfavh59@gmail.com', '+7 (912) 767-68-95');
INSERT INTO "client" VALUES ('dd84030b-12ce-4f49-af41-0a34d3605a38', 'Михайлов', 'Роберт', 'Константинович', '2002-12-23', 'rcqvrpfo97@gmail.com', '+7 (970) 636-06-78');
INSERT INTO "client" VALUES ('d344527b-9b77-4df9-93aa-d594b4fb6d02', 'Иванова', 'Стефания', 'Романовна', '2000-12-30', 'bgoabstg65@gmail.com', '+7 (932) 941-13-28');
INSERT INTO "client" VALUES ('6eaaa9e2-904e-4203-b50c-89596dcfb34d', 'Яковлева', 'Мария', 'Ринатовна', '1992-02-13', 'kezxlkxf54@gmail.com', '+7 (995) 520-65-05');
INSERT INTO "client" VALUES ('32a60658-63bc-4278-b8eb-960591850fed', 'Шашков', 'Родион', 'Сергеевич', '1989-07-06', 'utkeylwa37@gmail.com', '+7 (921) 389-97-51');
INSERT INTO "client" VALUES ('54a2a730-66c2-4042-9935-e594e5acecab', 'Зиновьева', 'Ульяна', 'Арсеньевна', '2002-03-06', 'tajctmwj14@gmail.com', '+7 (965) 767-03-12');
INSERT INTO "client" VALUES ('aa1e1c4f-7701-4134-84c3-cf12a49e3b9d', 'Петрова', 'Эмилия', 'Альбертовна', '1982-01-23', 'sfuoudeb27@gmail.com', '+7 (938) 346-65-61');
INSERT INTO "client" VALUES ('d8320a9f-1755-4dd3-9a1e-16e1b26d8168', 'Алексеев', 'Вадим', 'Мирославович', '2000-06-09', 'effyduwk66@gmail.com', '+7 (984) 468-56-96');
INSERT INTO "client" VALUES ('4d6d5bcc-01e9-4ff7-9672-6af77fa7450d', 'Евсеева', 'Евгения', 'Вадимовна', '2003-05-12', 'hqlwnvac45@gmail.com', '+7 (992) 151-29-55');
INSERT INTO "client" VALUES ('66a2066f-ab26-4831-97e7-88b6f13af274', 'Юдина', 'Елизавета', 'Андреевна', '1990-11-06', 'dbftegky47@gmail.com', '+7 (913) 703-70-17');
INSERT INTO "client" VALUES ('4066c901-ac09-47ed-aadc-0c6b91b79ca6', 'Вишняков', 'Дмитрий', 'Львович', '2000-01-10', 'zychlbcj71@gmail.com', '+7 (982) 462-28-17');
INSERT INTO "client" VALUES ('f5bb0587-1c26-40cb-bc63-15fb9bd19578', 'Крылова', 'Лиана', 'Макаровна', '1995-09-19', 'txioauhb50@gmail.com', '+7 (932) 160-76-69');
INSERT INTO "client" VALUES ('dc143abf-ca4c-4971-975c-1afb7dbc2d5f', 'Селиверстов', 'Юрий', 'Данилович', '2003-06-17', 'xcpwxmct8@gmail.com', '+7 (978) 440-73-74');
INSERT INTO "client" VALUES ('0d1c40f2-538d-457e-aedc-05a0ce026b7d', 'Елисеева', 'Камилла', 'Федоровна', '1999-12-05', 'ldfilokg16@gmail.com', '+7 (903) 348-04-81');
INSERT INTO "client" VALUES ('883e539a-5a94-4112-9283-cbfd28a26fe5', 'Ермакова', 'Стефания', 'Петровна', '1982-02-11', 'gjqyjefw39@gmail.com', '+7 (916) 903-38-13');
INSERT INTO "client" VALUES ('1b413ed2-0f04-485e-be11-3d32e09f2c52', 'Наумов', 'Леонид', 'Васильевич', '2000-11-15', 'cyfcbbjd53@gmail.com', '+7 (992) 438-96-17');
INSERT INTO "client" VALUES ('6a9b1134-2d5a-42e0-a25e-5f7c4b0b7fe8', 'Кириллов', 'Евгений', 'Алексеевич', '1996-07-07', 'quhggftq62@gmail.com', '+7 (906) 240-81-76');
INSERT INTO "client" VALUES ('bddc7c28-c2e6-431f-810e-14a017a669e1', 'Громов', 'Артемий', 'Игоревич', '1981-03-16', 'mltijdqd43@gmail.com', '+7 (927) 784-62-44');
INSERT INTO "client" VALUES ('89a20320-e5c2-4b7b-a300-bdbfdf5be3d3', 'Аксёнова', 'Амелия', 'Борисовна', '1983-08-17', 'vpecgtwd85@gmail.com', '+7 (971) 380-92-42');
INSERT INTO "client" VALUES ('d1cf7b03-fa91-465d-96a1-a0aaf565ee3d', 'Ларионов', 'Макар', 'Семенович', '2000-04-17', 'savtqjxs16@gmail.com', '+7 (995) 043-86-08');
INSERT INTO "client" VALUES ('42dc25a3-b777-4d19-90e5-f41fab9b4258', 'Стрелкова', 'Кира', 'Витальевна', '1981-06-30', 'qigrooew14@gmail.com', '+7 (983) 044-33-16');
INSERT INTO "client" VALUES ('d61930f7-2430-40b0-95e0-811b0b7fb9fb', 'Красильникова', 'Полина', 'Владиславовна', '1990-11-01', 'wjopeest78@gmail.com', '+7 (912) 726-58-86');
INSERT INTO "client" VALUES ('b5648ceb-8f79-4111-a8a0-cb64e0e2de12', 'Носова', 'Наталья', 'Данииловна', '1994-06-11', 'yncwrpzj57@gmail.com', '+7 (985) 518-60-05');
INSERT INTO "client" VALUES ('8d8d10ce-2422-404a-92a1-239fe02eab77', 'Кириллов', 'Алексей', 'Артурович', '1989-07-31', 'ewbbmida37@gmail.com', '+7 (910) 401-22-47');
INSERT INTO "client" VALUES ('ae19c134-0762-47db-abfe-a47fe77837db', 'Устинова', 'Олеся', 'Робертовна', '1993-09-13', 'whsezjqd70@gmail.com', '+7 (918) 782-88-93');
INSERT INTO "client" VALUES ('3c94c8f6-d29b-4672-9551-5d657a8a81e5', 'Федотова', 'Юлия', 'Егоровна', '2002-04-01', 'qchcigft85@gmail.com', '+7 (983) 504-05-54');
INSERT INTO "client" VALUES ('54f0d595-3864-4198-979e-4c37eab0d726', 'Савельева', 'Амелия', 'Антоновна', '1986-07-26', 'gpccibpc33@gmail.com', '+7 (963) 748-08-37');
INSERT INTO "client" VALUES ('a98f0ab3-bbb6-45d4-bd59-7c33802020cf', 'Горбачёв', 'Тимофей', 'Рустамович', '1999-11-19', 'obmyejxj27@gmail.com', '+7 (929) 267-75-26');
INSERT INTO "client" VALUES ('aa51864a-dc74-4631-8f53-53283730da56', 'Жданова', 'Амина', 'Даниловна', '1985-02-14', 'mgimnnep61@gmail.com', '+7 (937) 978-39-66');
INSERT INTO "client" VALUES ('eeca761b-2b2c-4b45-b506-66fbb699f6f8', 'Турова', 'Евгения', 'Яновна', '2001-10-03', 'awzafngc32@gmail.com', '+7 (971) 964-04-18');
INSERT INTO "client" VALUES ('9302c67e-3ede-44b0-a151-ae3eef1c6f4d', 'Рыбакова', 'Карина', 'Викторовна', '1984-09-08', 'zlsgickg85@gmail.com', '+7 (910) 508-35-72');
INSERT INTO "client" VALUES ('dae8ddbe-a6c3-45a9-ae01-f85678f344a5', 'Ковалёва', 'Валентина', 'Давидовна', '2003-11-25', 'dmryljdf76@gmail.com', '+7 (925) 437-95-43');
INSERT INTO "client" VALUES ('7e35ee73-1000-4d11-969e-171b51411681', 'Шестаков', 'Альберт', 'Кириллович', '1992-09-14', 'fprbezez99@gmail.com', '+7 (904) 669-45-94');
INSERT INTO "client" VALUES ('2aa7eb1f-75af-4fd5-8e23-3f455a3f3ce7', 'Потапова', 'Владислава', 'Всеволодовна', '2000-05-19', 'ehopkbon76@gmail.com', '+7 (928) 957-19-64');
INSERT INTO "client" VALUES ('35dd9155-fc1e-45af-9f9f-9664c3dd09ee', 'Агафонов', 'Арсен', 'Игоревич', '1994-11-07', 'xkorjauf25@gmail.com', '+7 (918) 954-84-93');
INSERT INTO "client" VALUES ('6a6f7459-42a6-436d-9f02-a20ef0870eca', 'Некрасова', 'Светлана', 'Олеговна', '1995-06-15', 'rttgqeaw24@gmail.com', '+7 (951) 161-70-66');
INSERT INTO "client" VALUES ('33bbfcf6-d7f2-45f8-8352-20e2f7f26ffa', 'Власов', 'Константин', 'Юрьевич', '1983-08-01', 'dysxshaz33@gmail.com', '+7 (967) 509-67-44');
INSERT INTO "client" VALUES ('016d9a2d-507a-45fc-bcc8-29813f8b41b8', 'Терентьева', 'Татьяна', 'Даниловна', '1995-06-08', 'muwiouiy43@gmail.com', '+7 (915) 561-03-71');
INSERT INTO "client" VALUES ('da443b71-ea9e-4c38-8076-dba869c1ad7b', 'Гришина', 'Марьяна', 'Альбертовна', '1991-08-17', 'fxpkpnco65@gmail.com', '+7 (936) 156-59-36');
INSERT INTO "client" VALUES ('6f555d9b-8680-4132-bccb-23889b530cef', 'Третьяков', 'Максим', 'Александрович', '1994-05-10', 'enmspovl58@gmail.com', '+7 (969) 463-96-58');
INSERT INTO "client" VALUES ('07d48b89-368d-4e44-b3b9-e69b5a72a6ef', 'Гришин', 'Виталий', 'Германович', '1982-03-05', 'ijloiauc77@gmail.com', '+7 (982) 704-09-62');
INSERT INTO "client" VALUES ('5caae26f-f014-4b69-ab70-bc7d5ba3fd48', 'Богданов', 'Родион', 'Львович', '2003-03-06', 'rltxlagw70@gmail.com', '+7 (923) 974-57-59');
INSERT INTO "client" VALUES ('80ea1f94-f816-4713-b912-d43dcfa50b70', 'Чернова', 'Антонина', 'Дмитриевна', '1990-01-06', 'lsjwgfah49@gmail.com', '+7 (906) 868-88-86');
INSERT INTO "client" VALUES ('d4b022bc-12d5-43c2-9aa6-3ca6cde40f81', 'Кузьмина', 'Наташа', 'Алексеевна', '2002-01-29', 'rugwqnlr28@gmail.com', '+7 (970) 400-42-05');
INSERT INTO "client" VALUES ('4891e0f0-dfee-4874-b1ea-92af7760e5ec', 'Никифорова', 'Карина', 'Федоровна', '1992-08-02', 'klnzvsby58@gmail.com', '+7 (924) 389-24-76');
INSERT INTO "client" VALUES ('d7e65fff-ebe8-43ee-bef9-092c4d74459d', 'Пономарёв', 'Глеб', 'Артурович', '1992-05-04', 'dmtckjsy59@gmail.com', '+7 (921) 853-25-30');
INSERT INTO "client" VALUES ('4c6f8767-1537-4256-a924-af78e2c587df', 'Селезнёв', 'Павел', 'Артемьевич', '1985-01-24', 'slgyivuc61@gmail.com', '+7 (978) 266-91-94');
INSERT INTO "client" VALUES ('8129236c-4d0b-4c1f-921c-b163a6d6e479', 'Емельянова', 'Мирослава', 'Айдаровна', '1984-04-02', 'molzmlzd40@gmail.com', '+7 (970) 562-82-95');
INSERT INTO "client" VALUES ('952796e6-fcaf-4e5a-8ed5-66c5976b993d', 'Карпов', 'Родион', 'Валерьевич', '1990-08-07', 'micbxyjs48@gmail.com', '+7 (926) 487-57-86');
INSERT INTO "client" VALUES ('15739eb0-a229-4bc7-8bb3-c126ca4c9a5a', 'Мельников', 'Семен', 'Витальевич', '1984-06-19', 'gfmzpbfn10@gmail.com', '+7 (969) 144-33-31');
INSERT INTO "client" VALUES ('10b2785f-ac65-4482-99a5-a32cc5216604', 'Осипов', 'Иван', 'Станиславович', '1992-12-30', 'yiwfsxbl86@gmail.com', '+7 (917) 395-41-80');
INSERT INTO "client" VALUES ('c4aaf7ce-02d3-40a2-9bcf-95f936f515da', 'Панов', 'Леонид', 'Васильевич', '2002-09-18', 'jeclztba81@gmail.com', '+7 (984) 778-39-35');
INSERT INTO "client" VALUES ('70cd549a-ecf6-4af8-8b97-064e1408f39e', 'Рябова', 'Наталия', 'Даниловна', '1990-03-06', 'xdvxnzsh54@gmail.com', '+7 (970) 559-93-28');
INSERT INTO "client" VALUES ('17fa3b0b-8d8b-4ce6-a72a-e4c8155aa77a', 'Воронцова', 'Александра', 'Валерьевна', '1993-11-22', 'xzmsoogu84@gmail.com', '+7 (966) 113-34-91');
INSERT INTO "client" VALUES ('61bbd021-d014-4849-9f0f-0ba63928a64f', 'Беляев', 'Данил', 'Тимурович', '2001-05-04', 'osbljsut35@gmail.com', '+7 (958) 217-86-24');
INSERT INTO "client" VALUES ('42957721-7090-43e7-94e7-52b3d09a8aef', 'Мамонтов', 'Роберт', 'Васильевич', '2002-04-29', 'qsepbrux80@gmail.com', '+7 (929) 162-95-77');
INSERT INTO "client" VALUES ('3a94158c-67f3-4f3e-bb4a-8a6333e434f7', 'Карпова', 'Марина', 'Ильинична', '1992-04-06', 'tgxnfyhc89@gmail.com', '+7 (995) 605-55-08');
INSERT INTO "client" VALUES ('11c45ea1-9a9b-4137-ba85-43411094f70d', 'Лаврентьева', 'Тамара', 'Кирилловна', '1992-03-25', 'trvszbmj68@gmail.com', '+7 (960) 177-89-04');
INSERT INTO "client" VALUES ('53d1d46f-46ce-471e-aacf-388068dc084b', 'Ефимов', 'Роман', 'Макарович', '1990-09-30', 'ehzgzyby34@gmail.com', '+7 (958) 980-50-41');
INSERT INTO "client" VALUES ('f2416658-b623-4064-8097-6ff44babaace', 'Ефремов', 'Руслан', 'Ярославович', '1994-07-23', 'wiqwbyxz29@gmail.com', '+7 (991) 525-49-56');
INSERT INTO "client" VALUES ('c5dd16cf-6585-4ca6-81e8-f0eefe58774a', 'Тетерин', 'Макар', 'Петрович', '1983-07-07', 'xoqusumj45@gmail.com', '+7 (954) 589-25-69');
INSERT INTO "client" VALUES ('d747ba7a-dcd8-456c-ac64-34bac049c2dc', 'Горшкова', 'Алиса', 'Павловна', '1998-05-26', 'ncqcnlmq13@gmail.com', '+7 (958) 249-64-95');
INSERT INTO "client" VALUES ('127b6e03-c912-49d0-ae54-5319aadcf4a9', 'Веселов', 'Демид', 'Андреевич', '1988-04-20', 'otcdhdzy85@gmail.com', '+7 (954) 793-05-82');
INSERT INTO "client" VALUES ('d0565b41-96a6-4f44-8e0b-75de38303592', 'Одинцова', 'Софья', 'Всеволодовна', '1988-09-21', 'pfkgudvv67@gmail.com', '+7 (900) 177-25-79');
INSERT INTO "client" VALUES ('51fff97c-23f7-4ad1-9646-3de807a38591', 'Крюкова', 'Валерия', 'Родионовна', '1988-10-25', 'hfcipezj54@gmail.com', '+7 (968) 228-83-58');
INSERT INTO "client" VALUES ('0148df82-2778-4f62-a5d7-5b1c7e449d90', 'Семёнов', 'Владимир', 'Евгеньевич', '1992-08-01', 'sjuiqymz9@gmail.com', '+7 (918) 485-76-13');
INSERT INTO "client" VALUES ('eba96f02-3954-41bd-9c96-af2c4504509b', 'Лебедев', 'Эдуард', 'Германович', '1997-07-28', 'dgoierqp13@gmail.com', '+7 (977) 030-47-76');
INSERT INTO "client" VALUES ('09065a57-b8d0-4940-acfa-b86935610190', 'Тимофеева', 'Дарья', 'Петровна', '1990-01-26', 'bvvkruvi97@gmail.com', '+7 (958) 968-01-39');
INSERT INTO "client" VALUES ('b3cb113c-3c18-4761-9680-4ea50ef6853a', 'Авдеева', 'Любовь', 'Львовна', '1999-07-30', 'yzurjakc29@gmail.com', '+7 (921) 660-49-48');
INSERT INTO "client" VALUES ('1f2032d9-1b0d-4a86-8bb2-de3d0e226b7b', 'Куликова', 'Амелия', 'Богдановна', '2003-05-24', 'xqksvuoe58@gmail.com', '+7 (967) 439-56-35');
INSERT INTO "client" VALUES ('0c3eef3b-1506-4e05-8661-7f0df0d1570f', 'Фролова', 'Ангелина', 'Германовна', '1999-09-28', 'kusupbya33@gmail.com', '+7 (924) 719-53-77');
INSERT INTO "client" VALUES ('489df175-de77-4105-ba05-81498d224752', 'Гуляева', 'Эмилия', 'Ивановна', '1984-06-05', 'ipcnhhvz84@gmail.com', '+7 (958) 724-30-32');
INSERT INTO "client" VALUES ('e2355ebb-80fa-43b8-9a16-032d21fd555c', 'Власов', 'Мирослав', 'Маркович', '2001-08-22', 'bnfwrlzt90@gmail.com', '+7 (930) 088-69-72');
INSERT INTO "client" VALUES ('82ec0252-3c66-4e0a-b130-851424d2036c', 'Белякова', 'Ульяна', 'Георгиевна', '1985-10-20', 'grdiuahd35@gmail.com', '+7 (927) 362-47-59');
INSERT INTO "client" VALUES ('e0b3c9ca-28ef-4514-a5ce-3f1101be4665', 'Сергеева', 'Ирина', 'Олеговна', '1982-11-20', 'tkbmppes80@gmail.com', '+7 (934) 280-45-31');
INSERT INTO "client" VALUES ('5840194d-ba7a-4eb8-95f8-2912f1502524', 'Колобова', 'Милена', 'Николаевна', '2001-01-26', 'bgpobimx67@gmail.com', '+7 (955) 108-15-50');
INSERT INTO "client" VALUES ('41a5d37f-f502-4af3-bf96-d987873f8fc3', 'Королёв', 'Марат', 'Данилович', '2003-11-14', 'rhqdfguh97@gmail.com', '+7 (964) 940-75-06');
INSERT INTO "client" VALUES ('b440c922-e3c3-4130-86b3-7ef283db4e5e', 'Дьячкова', 'Виолетта', 'Мирославовна', '1987-09-28', 'zhbdanrg88@gmail.com', '+7 (912) 794-73-17');
INSERT INTO "client" VALUES ('8146973f-3b81-47ed-8c4e-d814fe095fed', 'Агафонов', 'Иван', 'Михаилович', '1984-05-06', 'xprswkov40@gmail.com', '+7 (965) 098-53-04');
INSERT INTO "client" VALUES ('c275d124-b9db-4fb1-8a90-542035c81bb1', 'Кулагин', 'Владимир', 'Павелович', '1985-11-04', 'kqxukbor99@gmail.com', '+7 (986) 709-95-03');
INSERT INTO "client" VALUES ('695c576e-3d9d-47eb-ac62-e85f7c692273', 'Медведева', 'Милана', 'Владимировна', '1981-03-20', 'inhlisuv31@gmail.com', '+7 (905) 791-26-55');
INSERT INTO "client" VALUES ('5b999f73-7d43-4996-a622-3061e997cb6e', 'Фокин', 'Айдар', 'Арсеньевич', '1989-08-28', 'ytcvnbja48@gmail.com', '+7 (936) 740-61-53');
INSERT INTO "client" VALUES ('e763c5ef-223c-4c19-96c2-db7d53753030', 'Борисов', 'Ростислав', 'Александрович', '1982-11-21', 'utseabjv23@gmail.com', '+7 (918) 062-34-11');
INSERT INTO "client" VALUES ('bf86d327-1b95-4c8e-9c93-e67386dada0e', 'Аксёнов', 'Андрей', 'Васильевич', '1995-12-03', 'cxpbkyom46@gmail.com', '+7 (985) 929-29-50');
INSERT INTO "client" VALUES ('3db8d609-e700-4b09-8e37-cfe101daf0b9', 'Пестова', 'Лиана', 'Юрьевна', '1994-04-07', 'trrsbrjw25@gmail.com', '+7 (950) 643-39-17');
INSERT INTO "client" VALUES ('968a9ddb-1586-4262-b4cc-0cc5f3d7c6a6', 'Соколова', 'Антонина', 'Яновна', '1994-12-05', 'ohokjnog7@gmail.com', '+7 (996) 986-54-57');
INSERT INTO "client" VALUES ('4c37135f-46ca-462a-8fc7-decba441b35a', 'Кузнецов', 'Гордей', 'Арсенович', '1981-05-27', 'ogezyekn28@gmail.com', '+7 (905) 918-16-62');
INSERT INTO "client" VALUES ('afc78eb3-6324-4ceb-aca6-d7c2c3e7a9a6', 'Пахомова', 'Анжелика', 'Даниловна', '1981-03-04', 'lfiwhova32@gmail.com', '+7 (932) 199-39-58');
INSERT INTO "client" VALUES ('643a4c10-023c-4e0d-88b9-9fac5a967b67', 'Фёдорова', 'Алла', 'Всеволодовна', '1996-08-20', 'qckssewz30@gmail.com', '+7 (997) 727-43-53');
INSERT INTO "client" VALUES ('e80b8616-ac82-4624-ad49-39340633ad97', 'Рожков', 'Роберт', 'Владимирович', '1986-11-03', 'oqctingr88@gmail.com', '+7 (964) 700-32-59');
INSERT INTO "client" VALUES ('d627a76f-0ef2-4355-a6a0-c9136e84c0c6', 'Логинов', 'Артур', 'Михаилович', '1983-11-04', 'zkgytoya83@gmail.com', '+7 (924) 917-14-09');
INSERT INTO "client" VALUES ('e69fff51-d033-43d0-8800-9c5db506f505', 'Силина', 'София', 'Ростиславовна', '1986-04-09', 'ubiectrh82@gmail.com', '+7 (923) 588-40-13');
INSERT INTO "client" VALUES ('d79193db-2c73-45a7-943d-b5bf63825213', 'Крылова', 'Алёна', 'Даниловна', '1997-07-11', 'ddesibhz61@gmail.com', '+7 (922) 559-25-83');
INSERT INTO "engine" VALUES ('1', '3ZZ');
INSERT INTO "engine" VALUES ('2', 'M70B50');
INSERT INTO "engine" VALUES ('3', 'B6304T4');
INSERT INTO "engine" VALUES ('4', 'F23A');
INSERT INTO "engine" VALUES ('5', 'AAN');
INSERT INTO "engine" VALUES ('6', 'ES9A');
INSERT INTO "engine" VALUES ('7', '370A0011');
INSERT INTO "engine" VALUES ('8', 'VH45DE');
INSERT INTO "engine" VALUES ('9', '99X');
INSERT INTO "engine" VALUES ('10', 'L86');
INSERT INTO "car" VALUES ('deba6b49-c46e-4211-9296-05120fe703cf', '9953e565-53b7-4656-9c19-2c91db520f93', 'К894МО09', 'Ford Freestyle', '2005', '99654', 'VU6PW771928498301', 'Голубой', '9');
INSERT INTO "car" VALUES ('fd159aa8-6b65-4850-b587-5c6ae12c10e7', '820edaa7-523f-41a4-a7e1-1078fc6f3ad2', 'Н207ТА04', 'Citroen C3 Pluriel', '2006', '354567', 'UA6WS728618424178', 'Сине-зелёный', '6');
INSERT INTO "car" VALUES ('819259b4-8167-47a8-8de7-d6dde77e22a6', '692dc911-d4d8-4847-ad21-d28a064d0f2e', 'Е667СТ64', 'Fiat Panda', '2016', '156234', 'GD4JH607434381190', 'Серебристо-бежевый', '7');
INSERT INTO "car" VALUES ('6e0c9abe-ac81-450d-9d53-aea13887533c', '64112bd3-a1e7-4bbb-8b62-743c8dc0c1ee', 'М694УС19', 'Chevrolet Captiva', '2005', '465477', 'М694УС19', 'Светло-синий', '10');
INSERT INTO "car" VALUES ('adc46e5a-ea86-4e52-beb2-cac60116158e', 'e3729046-eda8-43d6-bd06-ff10d3afd051', 'е435рм790', 'Toyota Prius', '2015', '130000', 'HFG6456HGFH765765', 'Серебряный', '1');
INSERT INTO "car" VALUES ('859be9ca-f66a-43e3-8a72-a8efbf124af2', '3e9d86cd-6787-4e53-8dad-c0a087303fbd', 'Р331НК66', 'BMW X5', '2004', '300000', 'HU7XY321421300616', 'Черный', '2');
INSERT INTO "car" VALUES ('930ecd12-2331-4556-8c28-53cefa2d6929', '25c775ae-addb-43b6-90db-d167e59de331', 'У178ТХ90', 'Audi A1', '2014', '234567', 'SJ6EF658560570104', 'Ярко-синий', '5');
INSERT INTO "car" VALUES ('e92a293d-2735-4ad5-8a0b-788bec00e9e0', '5e365982-7399-4f0c-8bf3-b2478016d932', 'О681МН29', 'Infiniti EX', '2008', '265765', 'JR7WN665283094949', 'Красно-оранжевый', '8');
INSERT INTO "car" VALUES ('93d99692-b782-477b-9abe-0598625053f4', 'dd84030b-12ce-4f49-af41-0a34d3605a38', 'Р937ОТ78', 'Honda Accord', '2015', '256547', 'DV9ZF401090991250', 'Бежевый', '4');
INSERT INTO "car" VALUES ('158132f8-4565-4d77-9822-568aa6805b96', 'd344527b-9b77-4df9-93aa-d594b4fb6d02', 'К741МК31', 'Volvo XC40', '2007', '346787', 'MK3AK470376877216', 'Серебристый-бежевый', '3');
INSERT INTO "car" VALUES ('73aaaa33-4cda-427b-8b61-372f79b9e4c7', '6eaaa9e2-904e-4203-b50c-89596dcfb34d', 'Х602АН32', 'Honda Accord', '2018', '460094', 'AB7UW059116232437', 'Тёмно-фиолетовый', '6');
INSERT INTO "car" VALUES ('f6196b0c-7527-4866-b56b-42dff65364e6', '32a60658-63bc-4278-b8eb-960591850fed', 'Т626МО51', 'BMW X3', '2019', '432495', 'MX1AH088535439695', 'Серебристо-ярко-синий', '7');
INSERT INTO "car" VALUES ('4f085832-ffec-45d8-b97c-777e03ffd1ec', '54a2a730-66c2-4042-9935-e594e5acecab', 'В961УТ27', 'Hyundai Santa Fe', '2002', '223130', 'PD9GM829248629549', 'Бежево-красный', '9');
INSERT INTO "car" VALUES ('8f81eaf3-f71f-47c7-b551-1304d239ae77', 'aa1e1c4f-7701-4134-84c3-cf12a49e3b9d', 'Е156МВ75', 'Fiat Qubo', '2014', '459477', 'YT5RL057353491796', 'Тёмно-филетовый', '10');
INSERT INTO "car" VALUES ('f41b0fc4-d4a2-423b-b986-dbd75538a0de', 'd8320a9f-1755-4dd3-9a1e-16e1b26d8168', 'Р745ЕС69', 'Chevrolet Epica', '2011', '190683', 'VE4BP435329184846', 'Серебристый тёмно-фиолетовый', '10');
INSERT INTO "car" VALUES ('135e0c9f-4fd9-4520-9c71-a5f8c5789292', '4d6d5bcc-01e9-4ff7-9672-6af77fa7450d', 'М148НТ28', 'Fiat Panda', '2013', '193798', 'HX5LG597904243957', 'Серебристо-коричневый', '7');
INSERT INTO "car" VALUES ('169db113-62c2-4236-a2b3-36d13142d823', '66a2066f-ab26-4831-97e7-88b6f13af274', 'Т087АА00', 'Infiniti EX', '2014', '143332', 'RS9KH326854590379', 'Тёмно-серый', '9');
INSERT INTO "car" VALUES ('4f81e887-38d1-4675-a9ca-b242a7e41d4f', '4066c901-ac09-47ed-aadc-0c6b91b79ca6', 'Р722ВА45', 'Volvo C30', '2011', '242792', 'TD5VV589728285165', 'Серебристый фиолетовый', '1');
INSERT INTO "car" VALUES ('1fbb3fcf-d1d3-4032-a51d-bed6e0ae4e6a', 'f5bb0587-1c26-40cb-bc63-15fb9bd19578', 'С626КТ72', 'Citroen C4 Cactus', '2018', '334398', 'VG3KW735241371461', 'Чёрный', '8');
INSERT INTO "car" VALUES ('a774c545-f0e5-4a9e-9111-8a29cac70a33', 'dc143abf-ca4c-4971-975c-1afb7dbc2d5f', 'Р973НЕ55', 'Daewoo Leganza', '2000', '364682', 'RV9DP307988917667', 'Серебристо-чёрный', '8');
INSERT INTO "car" VALUES ('38a2062a-991b-44c8-af35-8e4b23d814ca', '0d1c40f2-538d-457e-aedc-05a0ce026b7d', 'Е264МВ53', 'Citroen C4 Cactus', '2019', '367970', 'UX5US748654703669', 'Серебристый светло-серый', '8');
INSERT INTO "car" VALUES ('bc87f72b-30d6-44b0-a469-0c7883b23a1c', '883e539a-5a94-4112-9283-cbfd28a26fe5', 'Е055ОМ43', 'Audi A3', '2018', '284316', 'JV5ZK883658509522', 'Тёмно-серебристо-красный', '8');
INSERT INTO "car" VALUES ('0d0f3112-6dea-480a-aa5a-e70497ff9567', '1b413ed2-0f04-485e-be11-3d32e09f2c52', 'Н844МЕ43', 'Chery Tiggo 5', '2020', '224405', 'UM9NP327082315791', 'Серебристый оранжевый', '1');
INSERT INTO "car" VALUES ('bcf339a5-6b76-475f-98a3-3e1c12d1268a', '6a9b1134-2d5a-42e0-a25e-5f7c4b0b7fe8', 'С573ЕО47', 'Citroen C4 Cactus', '2017', '101226', 'HP8RH240349705971', 'Серо-зелёный', '5');
INSERT INTO "car" VALUES ('99ebf823-eb5c-45aa-b958-9ff6b85c8275', 'bddc7c28-c2e6-431f-810e-14a017a669e1', 'Х184ОА34', 'Chevrolet Camaro', '2009', '438891', 'SY3UY488914782617', 'Серебристо-серо-графитовый', '5');
INSERT INTO "car" VALUES ('09252485-5845-4ee6-b813-5ebe6fb56b09', '89a20320-e5c2-4b7b-a300-bdbfdf5be3d3', 'Х526РК41', 'Hyundai Accent', '2010', '99799', 'PE0WH901788593465', 'Серебристо-серо-зелёный', '1');
INSERT INTO "car" VALUES ('924ca29e-99f3-4e9d-b3b6-2b95eaaa13d1', 'd1cf7b03-fa91-465d-96a1-a0aaf565ee3d', 'М821МВ67', 'Audi A4 Allroad Quattro', '2014', '322038', 'GA2VR616637255599', 'Тёмно-синий', '10');
INSERT INTO "car" VALUES ('17798483-d107-42d0-b034-87206fbd1c08', '42dc25a3-b777-4d19-90e5-f41fab9b4258', 'Р776РН45', 'BMW X7', '2019', '109272', 'VW2KX074112286872', 'Серебристо-серо-зеленоватый', '6');
INSERT INTO "car" VALUES ('12090e4d-dbef-4b54-9e36-02bf231728cc', 'd61930f7-2430-40b0-95e0-811b0b7fb9fb', 'Е528МЕ25', 'Chery Tiggo 8', '2020', '365807', 'LX0HF492575510360', 'Снежно-белый', '3');
INSERT INTO "car" VALUES ('9c8a0f9d-26f1-45c3-9659-005e816c2ffe', 'b5648ceb-8f79-4111-a8a0-cb64e0e2de12', 'С367ХУ33', 'BMW X1', '2018', '290123', 'EP3AH646026190809', 'Тёмно-зелёный', '9');
INSERT INTO "car" VALUES ('63fd5df4-97ef-4ea3-a38a-93015418d07c', '8d8d10ce-2422-404a-92a1-239fe02eab77', 'К589НК09', 'Infiniti EX', '2013', '186271', 'XY0EU475508978151', 'Тёмно-зелёный', '8');
INSERT INTO "car" VALUES ('f5522f2a-1cff-43c4-baf6-5859ff157462', 'ae19c134-0762-47db-abfe-a47fe77837db', 'Е878УУ21', 'Audi A1', '2012', '273138', 'MV8VR120397637656', 'Серебристо-зелёный', '9');
INSERT INTO "car" VALUES ('a854162d-1e25-4ed3-996a-3ccaa8153321', '3c94c8f6-d29b-4672-9551-5d657a8a81e5', 'У577ВХ25', 'BMW X2', '2017', '366437', 'ET5UV991363102391', 'Светло-голубой', '7');
INSERT INTO "car" VALUES ('5fde80ef-ff00-49bb-b280-2c40a2e9f365', '54f0d595-3864-4198-979e-4c37eab0d726', 'Н426ОК71', 'Geely Coolray', '2019', '281918', 'WA2EB586767967370', 'Светло-фиолетовый', '2');
INSERT INTO "car" VALUES ('91f70fd7-0741-4b62-b256-32aa4d73a165', 'a98f0ab3-bbb6-45d4-bd59-7c33802020cf', 'М131РМ72', 'Citroen C5', '2004', '324455', 'JV5XV723768572718', 'Белая двухслойная', '8');
INSERT INTO "car" VALUES ('18df40cd-a724-4e71-bdce-0086b20a4561', 'aa51864a-dc74-4631-8f53-53283730da56', 'В533ТВ65', 'Volvo XC70', '2012', '188929', 'NS8HN647670219369', 'Серебристо-молочно-зелёный', '6');
INSERT INTO "car" VALUES ('c0954404-a636-4bc7-8227-9ddb0cfb689c', 'eeca761b-2b2c-4b45-b506-66fbb699f6f8', 'У832АС45', 'Hyundai Solaris', '2012', '419196', 'VZ8WB954319660839', 'Тёмно-вишнёвый металлик', '4');
INSERT INTO "car" VALUES ('1a0fc6c1-b642-4fa4-8002-5123659434e8', '9302c67e-3ede-44b0-a151-ae3eef1c6f4d', 'К895НМ74', 'Audi A4', '2004', '248010', 'LK7FH070373983460', 'Золотисто-красный', '9');
INSERT INTO "car" VALUES ('802dfa13-9a97-4615-8bc2-19a1baf52525', 'dae8ddbe-a6c3-45a9-ae01-f85678f344a5', 'В425МТ27', 'Chevrolet Cruze', '2020', '204433', 'PM2AA648660153463', 'Серебристо-молочно-зелёный', '9');
INSERT INTO "car" VALUES ('bcd33849-4199-418f-9db1-0d60b90cb5b4', '7e35ee73-1000-4d11-969e-171b51411681', 'А866ОК84', 'Chevrolet Epica', '2009', '130649', 'MZ5JP469116155902', 'Ярко-синий', '5');
INSERT INTO "car" VALUES ('41ad1f67-5353-4e4c-a056-3eff267c0440', '2aa7eb1f-75af-4fd5-8e23-3f455a3f3ce7', 'Р426ХХ38', 'Volvo S90', '2000', '157741', 'VT6EJ690808501433', 'Светло-серый', '5');
INSERT INTO "car" VALUES ('6b242922-4e78-458b-b442-d102d1657bdb', '35dd9155-fc1e-45af-9f9f-9664c3dd09ee', 'Т404СВ91', 'Daewoo Nubira', '2008', '206126', 'JF1UA945927729513', 'Оттенок тёмно-синего', '9');
INSERT INTO "car" VALUES ('6450d9d5-07ad-4984-8e38-27444607f7d7', '6a6f7459-42a6-436d-9f02-a20ef0870eca', 'В565ТВ76', 'Infiniti EX', '2013', '402294', 'LU0FT009083940721', 'Светлый серо-бежевый', '6');
INSERT INTO "car" VALUES ('fbdce4be-055e-46a8-883e-9dba99022cee', '33bbfcf6-d7f2-45f8-8352-20e2f7f26ffa', 'У951ТР56', 'BMW X2', '2020', '201343', 'YR1MF986556931935', 'Серебристо-бежевый', '5');
INSERT INTO "car" VALUES ('7cfe84d7-7881-4382-9967-56ddf30da5a2', '016d9a2d-507a-45fc-bcc8-29813f8b41b8', 'Т423АХ16', 'BMW M4', '2015', '431074', 'KY8AA000580387212', 'Красный', '6');
INSERT INTO "car" VALUES ('693d0b9f-f263-44f3-bc64-b7b5d4f3fdd5', 'da443b71-ea9e-4c38-8076-dba869c1ad7b', 'Т994ММ47', 'Volvo C70 Convertible', '2001', '304004', 'VS4KT656337483587', 'Ярко-жёлтый', '3');
INSERT INTO "car" VALUES ('48658f3d-4f89-4ffe-ace0-1f259ef9e6f8', '6f555d9b-8680-4132-bccb-23889b530cef', 'К939ВТ76', 'Chevrolet Epica', '2007', '243475', 'TK6RY418704814881', 'Коричневый', '4');
INSERT INTO "car" VALUES ('f2fd6f6e-6d4c-4ca9-ac26-5e053c326f6c', '07d48b89-368d-4e44-b3b9-e69b5a72a6ef', 'М195ОТ47', 'Chevrolet Camaro', '2008', '288211', 'GE8VY719037951653', 'Тёмно-зелёный', '10');
INSERT INTO "car" VALUES ('1d8b9766-cbbb-4e31-a098-cc02df0dbe40', '5caae26f-f014-4b69-ab70-bc7d5ba3fd48', 'О944РМ12', 'Fiat Sedici', '2006', '327097', 'VD7VP674735987728', 'Серебристо-жёлто-зелёный', '8');
INSERT INTO "car" VALUES ('f0cbe75c-55c7-4317-a42a-49f9d3ac4950', '80ea1f94-f816-4713-b912-d43dcfa50b70', 'К281РС36', 'Honda Civic', '2019', '153569', 'NW3UN380770599512', 'Серебристый фиолетовый', '5');
INSERT INTO "car" VALUES ('89f7c281-0642-477a-941e-cfe031b0f4ee', 'd4b022bc-12d5-43c2-9aa6-3ca6cde40f81', 'С315СС39', 'Audi A3', '2016', '442767', 'KP4FV670565523129', 'Серебристо-бежевый', '1');
INSERT INTO "car" VALUES ('2314a267-2ca5-4605-befd-88043bc58fb0', '4891e0f0-dfee-4874-b1ea-92af7760e5ec', 'М809ТЕ39', 'Chevrolet Aveo', '2005', '165970', 'VD1EH946745922535', 'Золотисто-оливковый', '6');
INSERT INTO "car" VALUES ('b912cae8-a208-46be-9854-4ae40d9ab19d', 'd7e65fff-ebe8-43ee-bef9-092c4d74459d', 'М848КК82', 'Volvo S40', '2002', '264689', 'GW0HG432716936554', 'Тёмно-зелёный', '4');
INSERT INTO "car" VALUES ('93c9c998-649a-4958-a748-bbd734053ba5', '4c6f8767-1537-4256-a924-af78e2c587df', 'Т046ХС21', 'Infiniti EX', '2013', '110011', 'UF7KS923042156008', 'Металлик серо-бежевый', '8');
INSERT INTO "car" VALUES ('e0915370-b1ff-4143-a548-740ab08cebdd', '8129236c-4d0b-4c1f-921c-b163a6d6e479', 'Х686ВА03', 'Geely Coolray', '2019', '380528', 'VF8RE752466608312', 'Тёмно-серый', '7');
INSERT INTO "car" VALUES ('3c0d1d71-14c2-4a97-badc-daa7f80cdc32', '952796e6-fcaf-4e5a-8ed5-66c5976b993d', 'У430ОХ82', 'Citroen C4 Aircross', '2017', '184475', 'AX8HK580689072542', 'Серебристый сине-зелёный', '7');
INSERT INTO "car" VALUES ('30ce6615-9dfc-40e8-adc9-81e9708c9a8a', '15739eb0-a229-4bc7-8bb3-c126ca4c9a5a', 'У232ВХ85', 'Chevrolet Epica', '2011', '192765', 'WG0MG820008431436', 'Тёмно-зелёный', '7');
INSERT INTO "car" VALUES ('a25f6514-be92-4d95-951c-41d43a7e0009', '10b2785f-ac65-4482-99a5-a32cc5216604', 'В786ВР24', 'Citroen C3', '2010', '418846', 'PZ1UP538978467855', 'Тёмно-коричневый', '10');
INSERT INTO "car" VALUES ('add03529-24b6-4678-8be2-25307e939809', 'c4aaf7ce-02d3-40a2-9bcf-95f936f515da', 'О788ТВ45', 'Citroen C3 Picasso', '2020', '363839', 'KD0GM954473284290', 'Тёмно-синий', '5');
INSERT INTO "car" VALUES ('962d83bf-ea5b-4c93-9d11-19da341fc806', '70cd549a-ecf6-4af8-8b97-064e1408f39e', 'Н228ТХ81', 'Daewoo Matiz', '2002', '227208', 'VJ1XW854024565742', 'Тёмно-голубой', '2');
INSERT INTO "car" VALUES ('83333970-916a-4057-bc7b-834b50373c37', '17fa3b0b-8d8b-4ce6-a72a-e4c8155aa77a', 'Р662МУ33', 'Citroen C4 Cactus', '2015', '334093', 'AX1FR288473029880', 'Красный металлик', '4');
INSERT INTO "car" VALUES ('f7d969fb-89fb-4fb4-ae29-7dddb008052d', '61bbd021-d014-4849-9f0f-0ba63928a64f', 'О340РР17', 'Ford Galaxy', '1995', '435786', 'TX7AL506267483798', 'Белый металлик', '7');
INSERT INTO "car" VALUES ('2ddcb094-9cf4-4239-afc3-8e26bf7fdc63', '42957721-7090-43e7-94e7-52b3d09a8aef', 'Р934ОО44', 'Citroen C4 Aircross', '2020', '331009', 'VY3ZN420679947448', 'Красный', '5');
INSERT INTO "car" VALUES ('3322f34b-37e2-4f31-ad13-e8709dd9a30a', '3a94158c-67f3-4f3e-bb4a-8a6333e434f7', 'М171РМ76', 'Hyundai ix35', '2017', '319059', 'ET9ST621137316706', 'Серо-чёрный', '3');
INSERT INTO "car" VALUES ('cc39b541-a3ab-435e-8125-011eb458db52', '11c45ea1-9a9b-4137-ba85-43411094f70d', 'Е446УК68', 'Honda Accord', '2016', '257308', 'NV7UJ368338180075', 'Серебристо-зелёно-голубой', '9');
INSERT INTO "car" VALUES ('b165badf-4b38-4083-99d6-8cb50bccbd67', '53d1d46f-46ce-471e-aacf-388068dc084b', 'Р173РК88', 'Hyundai Solaris', '2011', '225341', 'VU4PA027450823344', 'Серебристо-бежевый', '6');
INSERT INTO "car" VALUES ('283b57bf-3130-422f-924a-6aa2dfd59f41', 'f2416658-b623-4064-8097-6ff44babaace', 'А721МТ55', 'Ford C-Max', '2018', '268382', 'YZ7PL435533394964', 'Серебристый стальной', '6');
INSERT INTO "car" VALUES ('84c309e8-8649-4d1a-baac-2a67a4382e32', 'c5dd16cf-6585-4ca6-81e8-f0eefe58774a', 'Р772ТТ88', 'Chevrolet Cruze', '2010', '361238', 'XS2GV816264379489', 'Тёмно-филетовый', '8');
INSERT INTO "car" VALUES ('7b7b1caa-3c12-44a3-8147-ac8bfa3684da', 'd747ba7a-dcd8-456c-ac64-34bac049c2dc', 'О357РС49', 'Hyundai ix20', '2014', '401086', 'AW9XN344945377849', 'Серо-синий', '4');
INSERT INTO "car" VALUES ('0163b6f6-30c2-4a46-ab63-4a9abb949619', '127b6e03-c912-49d0-ae54-5319aadcf4a9', 'В085МА11', 'Geely Coolray', '2020', '204117', 'XV8VS443580554942', 'Красный металлик', '9');
INSERT INTO "car" VALUES ('889e5e0e-45bf-48f5-b03a-91042979dee2', 'd0565b41-96a6-4f44-8e0b-75de38303592', 'У212УХ27', 'Citroen C2', '2003', '464590', 'TN7YB799321734018', 'Зелёный', '7');
INSERT INTO "car" VALUES ('9498f792-56ca-42a5-b6f5-ad08cbbacd68', '51fff97c-23f7-4ad1-9646-3de807a38591', 'Т806ВХ49', 'Infiniti EX', '2014', '437886', 'WD4FG948517159776', 'Ярко-жёлтый', '1');
INSERT INTO "car" VALUES ('75300bc6-8c60-4ee2-9960-dede25430d67', '0148df82-2778-4f62-a5d7-5b1c7e449d90', 'В956ХС00', 'Honda Civic', '2019', '406576', 'JL6WY585854093756', 'Бежевый', '7');
INSERT INTO "car" VALUES ('8a76ee69-5256-46c3-9cb1-535b51a79c7a', 'eba96f02-3954-41bd-9c96-af2c4504509b', 'Н099ХА57', 'Volvo S80', '2016', '240892', 'WY0BF358599662896', 'Тёмно-фиолетовый', '6');
INSERT INTO "car" VALUES ('8023c72e-dafa-491b-b2dd-069a8baaa1c9', '09065a57-b8d0-4940-acfa-b86935610190', 'К728АС88', 'Hyundai Solaris', '2018', '440760', 'LG7LV722544801010', 'Красный', '9');
INSERT INTO "car" VALUES ('7a7b60bf-d26f-4a8e-8765-37ed0db25d77', 'b3cb113c-3c18-4761-9680-4ea50ef6853a', 'Е402АТ61', 'Chery Tiggo 7', '2020', '236221', 'TW1RL227331165873', 'Красный металлик', '2');
INSERT INTO "car" VALUES ('7c867ea6-8613-4ccf-b66a-a8780df3796b', '1f2032d9-1b0d-4a86-8bb2-de3d0e226b7b', 'О374КК36', 'Citroen C4', '2019', '335375', 'BB0FJ741516471876', 'Серебристо-тёмно серый', '8');
INSERT INTO "car" VALUES ('0db54950-a17e-4d16-adf2-b69653db63de', '0c3eef3b-1506-4e05-8661-7f0df0d1570f', 'С426ЕТ49', 'Ford Focus Active', '2018', '272544', 'ZS5SV190970405968', 'Серебристый тёмно-бордовый', '2');
INSERT INTO "car" VALUES ('7e7c9562-d96e-4421-94d0-af8e5774bebd', '489df175-de77-4105-ba05-81498d224752', 'А677ВО46', 'Geely Coolray', '2020', '195035', 'TT9MS748204598841', 'Светло-серый', '2');
INSERT INTO "car" VALUES ('9f2d9c18-348d-4f2e-9f48-79920747ef7d', 'e2355ebb-80fa-43b8-9a16-032d21fd555c', 'Р231МС93', 'Daewoo Nexia', '2000', '437641', 'XM6VF688166879851', 'Серебристо-серый', '7');
INSERT INTO "car" VALUES ('e357f377-6173-49ef-abad-8cf3aba17396', '82ec0252-3c66-4e0a-b130-851424d2036c', 'А449ОК40', 'Audi A1', '2015', '317816', 'HW0KK012508666430', 'Желто-зелёный', '6');
INSERT INTO "car" VALUES ('d45dba3b-05f1-4bd4-9b21-f0b17270ec9b', 'e0b3c9ca-28ef-4514-a5ce-3f1101be4665', 'С433ЕК23', 'Ford Galaxy', '2005', '461954', 'AP4SW079197642708', 'Коричневый', '3');
INSERT INTO "car" VALUES ('0c8ef50b-1512-48ee-9341-66c6cb35d805', '5840194d-ba7a-4eb8-95f8-2912f1502524', 'Т311НК97', 'Audi A2', '2002', '428671', 'HV3UW570787906252', 'Тёмно-фиолетовый', '3');
INSERT INTO "car" VALUES ('7d2a4e3a-e2dd-4c82-bcf4-44476332be98', '41a5d37f-f502-4af3-bf96-d987873f8fc3', 'К060ТО98', 'Daewoo Magnus', '2002', '189240', 'SJ6PH505055715129', 'Светло-фиолетовый', '6');
INSERT INTO "car" VALUES ('ca8d1a7a-aca3-45d5-ac92-7b3c5e501ed7', 'b440c922-e3c3-4130-86b3-7ef283db4e5e', 'У545ТР63', 'Ford Focus', '2007', '125022', 'PP4MM050541054709', 'Серебристо-серо-зеленоватый', '7');
INSERT INTO "car" VALUES ('1331a522-96d5-4635-a3b9-632b016cc330', '8146973f-3b81-47ed-8c4e-d814fe095fed', 'С921ХХ23', 'Geely Coolray', '2019', '203735', 'MG0UY667947121823', 'Серебристо-бледно-серый', '6');
INSERT INTO "car" VALUES ('196ee884-2153-4304-aa95-5f59a8044c12', 'c275d124-b9db-4fb1-8a90-542035c81bb1', 'Е284ТС02', 'Hyundai Creta', '2015', '427077', 'FR3UU274321463330', 'Тёмно-красный', '6');
INSERT INTO "car" VALUES ('9e460a01-e5f2-4f0d-b344-43823fc0ce1e', '695c576e-3d9d-47eb-ac62-e85f7c692273', 'С157ЕР78', 'Chery Bonus', '2011', '145978', 'WD0NV441074559260', 'Тёмно-коричневый', '9');
INSERT INTO "car" VALUES ('2290692c-334b-4e13-97e4-eea4fb36523a', '5b999f73-7d43-4996-a622-3061e997cb6e', 'М096МТ93', 'Chevrolet Lacetti', '2007', '463724', 'GV6AF304175718531', 'Тёмно-бежевый', '4');
INSERT INTO "car" VALUES ('5ab10002-20bd-4556-9a6f-ecf8d6796ed3', 'e763c5ef-223c-4c19-96c2-db7d53753030', 'Р950ВР75', 'Citroen C4 Picasso', '2007', '313806', 'PM4JE300663604639', 'Оттенок тёмно-синего', '1');
INSERT INTO "car" VALUES ('43f63e56-0e5c-4f12-9c19-56632e8954af', 'bf86d327-1b95-4c8e-9c93-e67386dada0e', 'В687ХН15', 'Fiat Panda', '2003', '390576', 'ZN8XL689391002701', 'Зелёный', '4');
INSERT INTO "car" VALUES ('4881868c-76ae-4e44-b9fe-1ce64bc06797', '3db8d609-e700-4b09-8e37-cfe101daf0b9', 'Е179КА98', 'Geely Emgrand EC7', '2013', '415763', 'YM5AJ088636829738', 'Белый', '9');
INSERT INTO "car" VALUES ('34b1d8f4-cf8b-47d5-865c-b004ed822c2f', '968a9ddb-1586-4262-b4cc-0cc5f3d7c6a6', 'У728КУ26', 'Fiat Punto', '2018', '227218', 'YG6HW956797665837', 'Голубой', '1');
INSERT INTO "car" VALUES ('9ecf4eee-8451-4f38-8e3e-697da8e12303', '4c37135f-46ca-462a-8fc7-decba441b35a', 'М972ТА19', 'Geely Emgrand X7', '2014', '123811', 'NT6WE602481290087', 'Серебристый оранжевый', '2');
INSERT INTO "car" VALUES ('0e40da68-2357-447f-9bea-8e4fd147b871', 'afc78eb3-6324-4ceb-aca6-d7c2c3e7a9a6', 'С634КТ20', 'Geely Emgrand X7', '2020', '376782', 'DZ8MP749929464512', 'Ярко-красный', '10');
INSERT INTO "car" VALUES ('6bb036c7-22a2-40aa-b28a-bcb5b7456e2c', '643a4c10-023c-4e0d-88b9-9fac5a967b67', 'Т564РО03', 'Chery Bonus 3', '2019', '366729', 'KL1BU005520994245', 'Светло-серый', '9');
INSERT INTO "car" VALUES ('fc7729b4-ec69-4651-9d9a-68764b1b7244', 'e80b8616-ac82-4624-ad49-39340633ad97', 'Е343ВМ20', 'Ford C-Max', '2016', '329208', 'PY1KK888905197735', 'Серо-синий', '4');
INSERT INTO "car" VALUES ('cecfb72b-0109-4531-9d3e-b36ffd1a94cf', 'd627a76f-0ef2-4355-a6a0-c9136e84c0c6', 'Т456ТТ62', 'Geely Atlas', '2020', '161651', 'JT0VS728218611552', 'Серебристо-зеленоватый', '3');
INSERT INTO "car" VALUES ('1424d2cf-2e4e-4d4e-8db8-6de463ae398a', 'e69fff51-d033-43d0-8800-9c5db506f505', 'У596КУ27', 'Daewoo Nubira', '2005', '133152', 'TB4LK109816383510', 'Серебристо-серо-голубоватый', '1');
INSERT INTO "car" VALUES ('8572d440-ee68-4c67-92cc-7fd07b9c9caa', 'd79193db-2c73-45a7-943d-b5bf63825213', 'К442УН54', 'Volvo XC70', '2002', '307929', 'ZU3JM961207933042', 'Серебристо-тёмно-серо-синий', '3');
INSERT INTO "employee" VALUES ('817679b1-3564-47d6-9c55-59e2223fa833', 'Щукин', 'Платон', 'Гордеевич');
INSERT INTO "employee" VALUES ('cb2f027d-5202-465b-a35e-1429edf78613', 'Прохорова', 'Екатерина', 'Назаровна');
INSERT INTO "employee" VALUES ('78d0f9f6-db14-447a-b0a6-86b2a2514baa', 'Кудряшов', 'Ярослав', 'Маратович');
INSERT INTO "employee" VALUES ('002c1f58-1499-4dc6-b577-ae847435b50a', 'Осипова', 'Виталина', 'Максимовна');
INSERT INTO "employee" VALUES ('af7e3c60-3464-4038-9edc-f1911e4cab53', 'Суханов', 'Эмиль', 'Данилович');
INSERT INTO "employee" VALUES ('908c7c3c-f71c-4557-8bfe-28e1dac194af', 'Агафонова', 'София', 'Мироновна');
INSERT INTO "employee" VALUES ('0d665a01-319a-458c-b287-833a1b16d4da', 'Богданова', 'Ангелина', 'Арсеньевна');
INSERT INTO "employee" VALUES ('3be35f41-e82a-4aa7-b558-a70d76e7d86c', 'Быков', 'Артемий', 'Арсенович');
INSERT INTO "employee" VALUES ('124b47df-04a4-4b2d-a0ec-5a191f60a9db', 'Тарасова', 'Оксана', 'Васильевна');
INSERT INTO "employee" VALUES ('12845c26-9f30-451c-a413-cd49cb0aac92', 'Ковалёва', 'Оксана', 'Сергеевна');
INSERT INTO "employee" VALUES ('433a84dd-f834-42d8-9826-0b1977b9abc6', 'Пономарёв', 'Максим', 'Евгеньевич');
INSERT INTO "employee" VALUES ('fb1deb92-40fe-4acd-aca3-9ce09fa95911', 'Фролов', 'Тимофей', 'Олегович');
INSERT INTO "employee" VALUES ('e3175211-6c72-4864-aac7-73a3d98fc2fd', 'Селиверстова', 'Эвелина', 'Михаиловна');
INSERT INTO "employee" VALUES ('240af03c-8668-463c-bd60-4ea88c185366', 'Ефимова', 'Инна', 'Степановна');
INSERT INTO "employee" VALUES ('250b837d-f7a8-4dd1-ba91-e7b6527da995', 'Гришина', 'Валентина', 'Яновна');
INSERT INTO "employee" VALUES ('eb84700f-d193-49f3-aed2-80eaed6ea3c9', 'Рогова', 'Полина', 'Ильинична');
INSERT INTO "employee" VALUES ('7ce60a12-e850-4928-a55a-2ebfcabaf2ca', 'Константинов', 'Альберт', 'Витальевич');
INSERT INTO "employee" VALUES ('6b5b327f-ad8d-4b4c-92a8-acb854fd1c15', 'Андреев', 'Руслан', 'Мирославович');
INSERT INTO "employee" VALUES ('dccaa92e-bd92-40fb-b813-c771264084a3', 'Степанов', 'Платон', 'Маркович');
INSERT INTO "employee" VALUES ('62f727ca-7421-4e86-af88-cae9caeb03a4', 'Терентьев', 'Руслан', 'Гордеевич');
INSERT INTO "status_order" VALUES ('1', 'Завершён');
INSERT INTO "status_order" VALUES ('2', 'Ожидает выполнения');
INSERT INTO "status_order" VALUES ('3', 'В процессе');
INSERT INTO "status_order" VALUES ('4', 'Отменен');
INSERT INTO "order" VALUES ('67888359-010f-4690-ac2a-6c200dafd530', '2023-02-06', '952796e6-fcaf-4e5a-8ed5-66c5976b993d', 'eb84700f-d193-49f3-aed2-80eaed6ea3c9', '1');
INSERT INTO "order" VALUES ('ee4946d5-9f98-4a77-82bd-469651b73d1f', '2023-04-18', '66a2066f-ab26-4831-97e7-88b6f13af274', 'af7e3c60-3464-4038-9edc-f1911e4cab53', '1');
INSERT INTO "order" VALUES ('28cf42ed-0137-4039-933a-ad4f126899b4', '2022-10-26', '2aa7eb1f-75af-4fd5-8e23-3f455a3f3ce7', 'dccaa92e-bd92-40fb-b813-c771264084a3', '1');
INSERT INTO "order" VALUES ('356387fd-b6b0-4bd8-8d97-2da3ea4cb42d', '2023-02-18', '6f555d9b-8680-4132-bccb-23889b530cef', '78d0f9f6-db14-447a-b0a6-86b2a2514baa', '1');
INSERT INTO "order" VALUES ('05132454-6b17-4b0f-ac95-147e8eff3ae7', '2022-10-26', '54a2a730-66c2-4042-9935-e594e5acecab', '7ce60a12-e850-4928-a55a-2ebfcabaf2ca', '1');
INSERT INTO "order" VALUES ('b0fcc0a0-7d80-4115-aefd-63f3a7a08ebe', '2023-09-10', 'd7e65fff-ebe8-43ee-bef9-092c4d74459d', '62f727ca-7421-4e86-af88-cae9caeb03a4', '1');
INSERT INTO "order" VALUES ('f568b035-98bf-4ef3-9bdd-dba25271bb67', '2022-11-12', 'dae8ddbe-a6c3-45a9-ae01-f85678f344a5', 'eb84700f-d193-49f3-aed2-80eaed6ea3c9', '1');
INSERT INTO "order" VALUES ('de51aeff-6898-4739-9c24-9706eb6847fa', '2022-12-06', '5caae26f-f014-4b69-ab70-bc7d5ba3fd48', '12845c26-9f30-451c-a413-cd49cb0aac92', '1');
INSERT INTO "order" VALUES ('432f9244-d5a1-4cab-9cd6-8080eec2674d', '2023-01-10', '0c3eef3b-1506-4e05-8661-7f0df0d1570f', '3be35f41-e82a-4aa7-b558-a70d76e7d86c', '1');
INSERT INTO "order" VALUES ('1b46e36a-005d-4cc2-b3b1-383e5675485c', '2022-12-19', '9953e565-53b7-4656-9c19-2c91db520f93', 'e3175211-6c72-4864-aac7-73a3d98fc2fd', '1');
INSERT INTO "order" VALUES ('590b98fa-1af0-47f8-a18c-08912a5861c2', '2023-04-01', '9302c67e-3ede-44b0-a151-ae3eef1c6f4d', '78d0f9f6-db14-447a-b0a6-86b2a2514baa', '1');
INSERT INTO "order" VALUES ('fb7d58f6-bc7b-4640-b09d-6df028d1b0ea', '2023-04-26', 'afc78eb3-6324-4ceb-aca6-d7c2c3e7a9a6', '0d665a01-319a-458c-b287-833a1b16d4da', '1');
INSERT INTO "order" VALUES ('20c94fb0-a168-4f98-b131-e6bf162316c4', '2023-10-10', '016d9a2d-507a-45fc-bcc8-29813f8b41b8', '6b5b327f-ad8d-4b4c-92a8-acb854fd1c15', '1');
INSERT INTO "order" VALUES ('1adbda36-e03e-4558-a19b-a6a38071d49a', '2023-02-24', 'e0b3c9ca-28ef-4514-a5ce-3f1101be4665', 'af7e3c60-3464-4038-9edc-f1911e4cab53', '1');
INSERT INTO "order" VALUES ('5cf11f35-192e-4b93-8ac7-e5ce882eedc3', '2022-10-25', '127b6e03-c912-49d0-ae54-5319aadcf4a9', 'af7e3c60-3464-4038-9edc-f1911e4cab53', '1');
INSERT INTO "order" VALUES ('1847fe52-ee00-45b1-8949-c2e882a40e9b', '2023-06-06', 'aa1e1c4f-7701-4134-84c3-cf12a49e3b9d', 'cb2f027d-5202-465b-a35e-1429edf78613', '1');
INSERT INTO "order" VALUES ('4db002d0-87a6-4153-9942-032928f78319', '2023-10-04', '3e9d86cd-6787-4e53-8dad-c0a087303fbd', 'eb84700f-d193-49f3-aed2-80eaed6ea3c9', '1');
INSERT INTO "order" VALUES ('a33baaf2-b914-44cd-a8ac-a77a86c10574', '2022-12-11', 'b5648ceb-8f79-4111-a8a0-cb64e0e2de12', '62f727ca-7421-4e86-af88-cae9caeb03a4', '1');
INSERT INTO "order" VALUES ('a5172181-2dff-4e72-8c4b-ff0358bf3496', '2023-09-06', '82ec0252-3c66-4e0a-b130-851424d2036c', 'dccaa92e-bd92-40fb-b813-c771264084a3', '1');
INSERT INTO "order" VALUES ('067c46c8-d810-49cc-a167-7d0b2ae4fc0c', '2023-09-19', 'e763c5ef-223c-4c19-96c2-db7d53753030', '240af03c-8668-463c-bd60-4ea88c185366', '1');
INSERT INTO "order" VALUES ('596eb8fe-4777-4d29-8696-4aef7883a4a8', '2023-08-19', 'f2416658-b623-4064-8097-6ff44babaace', '908c7c3c-f71c-4557-8bfe-28e1dac194af', '1');
INSERT INTO "order" VALUES ('d34e030b-fd45-4af9-b403-3e8ffa5b097f', '2022-12-28', '15739eb0-a229-4bc7-8bb3-c126ca4c9a5a', '250b837d-f7a8-4dd1-ba91-e7b6527da995', '1');
INSERT INTO "order" VALUES ('2d4a7982-933a-4bc6-82dc-ecaece0aaa60', '2023-03-18', '61bbd021-d014-4849-9f0f-0ba63928a64f', '7ce60a12-e850-4928-a55a-2ebfcabaf2ca', '1');
INSERT INTO "order" VALUES ('05a46603-d616-4444-abe9-772f3ac919a2', '2023-01-07', 'c4aaf7ce-02d3-40a2-9bcf-95f936f515da', '124b47df-04a4-4b2d-a0ec-5a191f60a9db', '1');
INSERT INTO "order" VALUES ('fc878c9a-b51d-4be2-a701-5c3ee2eae59f', '2023-04-10', 'd8320a9f-1755-4dd3-9a1e-16e1b26d8168', '3be35f41-e82a-4aa7-b558-a70d76e7d86c', '1');
INSERT INTO "order" VALUES ('adb9e324-3425-479b-8e0c-5d810c97e2f5', '2023-09-14', '33bbfcf6-d7f2-45f8-8352-20e2f7f26ffa', 'dccaa92e-bd92-40fb-b813-c771264084a3', '1');
INSERT INTO "order" VALUES ('1788415a-37c2-4849-b35f-7c6747728680', '2023-01-26', 'aa1e1c4f-7701-4134-84c3-cf12a49e3b9d', '240af03c-8668-463c-bd60-4ea88c185366', '1');
INSERT INTO "order" VALUES ('ea773468-beb0-4f31-a8ba-2e562fb3cbbc', '2023-06-03', 'f2416658-b623-4064-8097-6ff44babaace', '0d665a01-319a-458c-b287-833a1b16d4da', '1');
INSERT INTO "order" VALUES ('88baadc0-4669-458e-849a-17a1276be85c', '2023-09-15', '70cd549a-ecf6-4af8-8b97-064e1408f39e', '7ce60a12-e850-4928-a55a-2ebfcabaf2ca', '1');
INSERT INTO "order" VALUES ('4977e8fd-80fe-4f74-8de0-ed5dde9234ca', '2023-06-30', '64112bd3-a1e7-4bbb-8b62-743c8dc0c1ee', '78d0f9f6-db14-447a-b0a6-86b2a2514baa', '1');
INSERT INTO "order" VALUES ('f86319ab-0107-4c97-87ce-562558336367', '2022-10-23', '4891e0f0-dfee-4874-b1ea-92af7760e5ec', '7ce60a12-e850-4928-a55a-2ebfcabaf2ca', '1');
INSERT INTO "order" VALUES ('01e888e4-6c89-4c0b-ada4-66275812d4d3', '2022-11-26', '695c576e-3d9d-47eb-ac62-e85f7c692273', '62f727ca-7421-4e86-af88-cae9caeb03a4', '1');
INSERT INTO "order" VALUES ('727b7cc2-8f26-482f-b16d-ad915f2f6a0e', '2023-08-13', '016d9a2d-507a-45fc-bcc8-29813f8b41b8', '6b5b327f-ad8d-4b4c-92a8-acb854fd1c15', '1');
INSERT INTO "order" VALUES ('05f2d46b-11cb-4584-b049-b65ba5dfc789', '2023-01-05', '15739eb0-a229-4bc7-8bb3-c126ca4c9a5a', '12845c26-9f30-451c-a413-cd49cb0aac92', '1');
INSERT INTO "order" VALUES ('fb645f34-d187-4237-902c-24ccf972b5bb', '2023-03-10', 'c275d124-b9db-4fb1-8a90-542035c81bb1', 'af7e3c60-3464-4038-9edc-f1911e4cab53', '1');
INSERT INTO "order" VALUES ('4f56ee47-a43d-4bfe-ae5d-8b0f9539b6c1', '2022-11-26', 'dae8ddbe-a6c3-45a9-ae01-f85678f344a5', 'e3175211-6c72-4864-aac7-73a3d98fc2fd', '1');
INSERT INTO "order" VALUES ('85b01a82-6550-42c3-9713-22b0ee4e4f58', '2023-03-28', '07d48b89-368d-4e44-b3b9-e69b5a72a6ef', 'fb1deb92-40fe-4acd-aca3-9ce09fa95911', '1');
INSERT INTO "order" VALUES ('d0bc5927-f8cb-4e19-adcc-176c50dccbcf', '2023-05-20', '489df175-de77-4105-ba05-81498d224752', 'cb2f027d-5202-465b-a35e-1429edf78613', '1');
INSERT INTO "order" VALUES ('13068400-04df-4710-85c6-9732bc383d5d', '2023-02-16', 'f2416658-b623-4064-8097-6ff44babaace', '12845c26-9f30-451c-a413-cd49cb0aac92', '1');
INSERT INTO "order" VALUES ('a8871e24-7e21-42a3-a299-02461162e39e', '2023-03-22', '53d1d46f-46ce-471e-aacf-388068dc084b', 'af7e3c60-3464-4038-9edc-f1911e4cab53', '1');
INSERT INTO "order" VALUES ('2bd547d4-99b9-43fc-8c71-b6f39cefadfb', '2023-01-15', '0c3eef3b-1506-4e05-8661-7f0df0d1570f', '0d665a01-319a-458c-b287-833a1b16d4da', '1');
INSERT INTO "order" VALUES ('99dc05d4-0399-4cc9-9ea6-3b006c3ccf38', '2023-01-08', 'a98f0ab3-bbb6-45d4-bd59-7c33802020cf', 'e3175211-6c72-4864-aac7-73a3d98fc2fd', '1');
INSERT INTO "order" VALUES ('eec6e171-be90-4247-ba06-db031048894f', '2023-01-22', 'd4b022bc-12d5-43c2-9aa6-3ca6cde40f81', '78d0f9f6-db14-447a-b0a6-86b2a2514baa', '1');
INSERT INTO "order" VALUES ('a463c893-e613-4812-9093-23d81b8dee86', '2023-06-06', 'd7e65fff-ebe8-43ee-bef9-092c4d74459d', 'dccaa92e-bd92-40fb-b813-c771264084a3', '1');
INSERT INTO "order" VALUES ('99891ee2-fe1f-4046-a349-7cd8ff8537a9', '2023-03-08', 'da443b71-ea9e-4c38-8076-dba869c1ad7b', 'cb2f027d-5202-465b-a35e-1429edf78613', '1');
INSERT INTO "order" VALUES ('c33cedd3-19c7-4ce8-8693-7b6bb763a207', '2023-06-22', '80ea1f94-f816-4713-b912-d43dcfa50b70', '250b837d-f7a8-4dd1-ba91-e7b6527da995', '1');
INSERT INTO "order" VALUES ('1673c8dd-6736-4aa9-a0df-4033e15a5f52', '2023-05-26', '3a94158c-67f3-4f3e-bb4a-8a6333e434f7', 'eb84700f-d193-49f3-aed2-80eaed6ea3c9', '1');
INSERT INTO "order" VALUES ('7bae7e56-2c30-4fa5-88e2-92ecde18555a', '2023-03-09', '8146973f-3b81-47ed-8c4e-d814fe095fed', '240af03c-8668-463c-bd60-4ea88c185366', '1');
INSERT INTO "order" VALUES ('13587ef5-1a20-496b-adf5-3186f0b6b79d', '2023-01-20', '4891e0f0-dfee-4874-b1ea-92af7760e5ec', '12845c26-9f30-451c-a413-cd49cb0aac92', '1');
INSERT INTO "order" VALUES ('4b122ad5-d313-402b-922e-f2ba85e56260', '2022-11-22', 'e2355ebb-80fa-43b8-9a16-032d21fd555c', '3be35f41-e82a-4aa7-b558-a70d76e7d86c', '1');
INSERT INTO "order" VALUES ('adffa746-af19-4d0d-8a5b-acdab7318356', '2023-03-22', 'd747ba7a-dcd8-456c-ac64-34bac049c2dc', '240af03c-8668-463c-bd60-4ea88c185366', '1');
INSERT INTO "order" VALUES ('670e3d94-42d2-4514-b239-190770ecc780', '2022-10-21', '4891e0f0-dfee-4874-b1ea-92af7760e5ec', '124b47df-04a4-4b2d-a0ec-5a191f60a9db', '1');
INSERT INTO "order" VALUES ('1a17d7e4-1bdb-494a-b0ec-188fc21606d5', '2023-09-21', 'd4b022bc-12d5-43c2-9aa6-3ca6cde40f81', '6b5b327f-ad8d-4b4c-92a8-acb854fd1c15', '1');
INSERT INTO "order" VALUES ('945b3bb5-f6c0-4828-a667-757c3f61a53a', '2023-02-08', '3e9d86cd-6787-4e53-8dad-c0a087303fbd', '62f727ca-7421-4e86-af88-cae9caeb03a4', '1');
INSERT INTO "order" VALUES ('2fc74228-e70a-41d0-9367-c3b1a0b532a0', '2023-02-06', '17fa3b0b-8d8b-4ce6-a72a-e4c8155aa77a', '6b5b327f-ad8d-4b4c-92a8-acb854fd1c15', '1');
INSERT INTO "order" VALUES ('0084ba18-46ac-443d-b8ca-d06d0a234852', '2022-11-09', '89a20320-e5c2-4b7b-a300-bdbfdf5be3d3', '7ce60a12-e850-4928-a55a-2ebfcabaf2ca', '1');
INSERT INTO "order" VALUES ('97dc02ec-e2e6-418a-aa5c-c23ab7386a60', '2023-01-12', '0c3eef3b-1506-4e05-8661-7f0df0d1570f', 'eb84700f-d193-49f3-aed2-80eaed6ea3c9', '1');
INSERT INTO "order" VALUES ('77ef830d-3297-4e80-9991-897ad6598f97', '2023-06-19', 'd79193db-2c73-45a7-943d-b5bf63825213', '78d0f9f6-db14-447a-b0a6-86b2a2514baa', '1');
INSERT INTO "order" VALUES ('6ac16015-e948-4117-be69-cd4f708b93ec', '2023-05-09', '695c576e-3d9d-47eb-ac62-e85f7c692273', '817679b1-3564-47d6-9c55-59e2223fa833', '1');
INSERT INTO "order" VALUES ('4c4d4bd8-f68e-4f84-ba9b-353f021703d4', '2022-12-06', 'dd84030b-12ce-4f49-af41-0a34d3605a38', '62f727ca-7421-4e86-af88-cae9caeb03a4', '1');
INSERT INTO "order" VALUES ('e957e18c-1c30-4cbd-8fd3-f18dcd18c59d', '2023-07-15', 'eba96f02-3954-41bd-9c96-af2c4504509b', '124b47df-04a4-4b2d-a0ec-5a191f60a9db', '1');
INSERT INTO "order" VALUES ('ca7d43c3-4b3d-411e-a3c2-34b88e0cb0f3', '2023-02-05', 'd0565b41-96a6-4f44-8e0b-75de38303592', '6b5b327f-ad8d-4b4c-92a8-acb854fd1c15', '1');
INSERT INTO "order" VALUES ('8dee759b-fc2e-4d25-b91c-249ffc971266', '2022-11-30', 'e763c5ef-223c-4c19-96c2-db7d53753030', '6b5b327f-ad8d-4b4c-92a8-acb854fd1c15', '1');
INSERT INTO "order" VALUES ('00ca33ee-f9cd-4be2-8584-3831bab5e945', '2023-09-03', 'b440c922-e3c3-4130-86b3-7ef283db4e5e', '002c1f58-1499-4dc6-b577-ae847435b50a', '1');
INSERT INTO "order" VALUES ('a9e5891a-694b-49c1-9f1f-be73d4d3a2d4', '2023-07-13', '968a9ddb-1586-4262-b4cc-0cc5f3d7c6a6', 'eb84700f-d193-49f3-aed2-80eaed6ea3c9', '1');
INSERT INTO "order" VALUES ('651b134e-d668-4d0d-99ee-9001605839aa', '2023-03-31', '64112bd3-a1e7-4bbb-8b62-743c8dc0c1ee', 'eb84700f-d193-49f3-aed2-80eaed6ea3c9', '1');
INSERT INTO "order" VALUES ('37642464-d177-46d4-b08d-83aa220ab11a', '2022-11-22', 'da443b71-ea9e-4c38-8076-dba869c1ad7b', '3be35f41-e82a-4aa7-b558-a70d76e7d86c', '1');
INSERT INTO "order" VALUES ('3a33ce0e-a5dd-4c39-adc2-056ad5535083', '2023-08-10', '5caae26f-f014-4b69-ab70-bc7d5ba3fd48', '250b837d-f7a8-4dd1-ba91-e7b6527da995', '1');
INSERT INTO "order" VALUES ('af2e04a6-1a28-44d9-baba-53f465f342c6', '2023-01-17', 'b440c922-e3c3-4130-86b3-7ef283db4e5e', '433a84dd-f834-42d8-9826-0b1977b9abc6', '1');
INSERT INTO "order" VALUES ('720306e6-09e0-41e0-b5ad-f1669c939d95', '2022-11-21', 'eba96f02-3954-41bd-9c96-af2c4504509b', '12845c26-9f30-451c-a413-cd49cb0aac92', '1');
INSERT INTO "order" VALUES ('69eeb2cb-c5ce-46bb-ab32-ae561d41619f', '2023-10-01', 'ae19c134-0762-47db-abfe-a47fe77837db', 'af7e3c60-3464-4038-9edc-f1911e4cab53', '1');
INSERT INTO "order" VALUES ('aee9bd1b-4c21-427b-84fc-24c99b5b978b', '2023-03-10', 'da443b71-ea9e-4c38-8076-dba869c1ad7b', 'cb2f027d-5202-465b-a35e-1429edf78613', '1');
INSERT INTO "order" VALUES ('e11e9718-3d3a-41f9-a13a-66c2a03c9280', '2023-07-14', '883e539a-5a94-4112-9283-cbfd28a26fe5', '433a84dd-f834-42d8-9826-0b1977b9abc6', '1');
INSERT INTO "order" VALUES ('22da916e-7439-4d61-92ee-7d2d854f8c8f', '2022-11-01', '80ea1f94-f816-4713-b912-d43dcfa50b70', '78d0f9f6-db14-447a-b0a6-86b2a2514baa', '1');
INSERT INTO "order" VALUES ('5e19fa9d-3369-43c5-99df-3d5cd38b8f60', '2023-08-27', 'd61930f7-2430-40b0-95e0-811b0b7fb9fb', '124b47df-04a4-4b2d-a0ec-5a191f60a9db', '1');
INSERT INTO "order" VALUES ('3bdb24ce-8119-4666-a9a3-4dce0b5948e2', '2023-04-14', '5e365982-7399-4f0c-8bf3-b2478016d932', '250b837d-f7a8-4dd1-ba91-e7b6527da995', '1');
INSERT INTO "order" VALUES ('2bba9963-6264-4c22-b5ee-cdad403ec9b9', '2022-11-24', '0d1c40f2-538d-457e-aedc-05a0ce026b7d', '124b47df-04a4-4b2d-a0ec-5a191f60a9db', '1');
INSERT INTO "order" VALUES ('ce74c39f-b7a4-4663-8581-3b7773aac3a2', '2023-03-16', '32a60658-63bc-4278-b8eb-960591850fed', '12845c26-9f30-451c-a413-cd49cb0aac92', '1');
INSERT INTO "order" VALUES ('9a42ac3d-9d11-40f7-88aa-1964c2a0d221', '2023-02-15', 'd8320a9f-1755-4dd3-9a1e-16e1b26d8168', '240af03c-8668-463c-bd60-4ea88c185366', '1');
INSERT INTO "order" VALUES ('6e621c16-7e10-4202-86c7-f3f2849f293f', '2023-09-30', '61bbd021-d014-4849-9f0f-0ba63928a64f', '78d0f9f6-db14-447a-b0a6-86b2a2514baa', '1');
INSERT INTO "order" VALUES ('a75206e5-8c9d-4d66-bc79-d27f5b39324e', '2023-05-18', '0c3eef3b-1506-4e05-8661-7f0df0d1570f', 'e3175211-6c72-4864-aac7-73a3d98fc2fd', '1');
INSERT INTO "order" VALUES ('8e7734e5-9a81-4f74-b53a-f18b6e56ad27', '2023-05-21', 'e2355ebb-80fa-43b8-9a16-032d21fd555c', '3be35f41-e82a-4aa7-b558-a70d76e7d86c', '1');
INSERT INTO "order" VALUES ('f5e5ccbc-5d3c-4765-9a2b-fea8e1cbfee7', '2023-06-13', '41a5d37f-f502-4af3-bf96-d987873f8fc3', '62f727ca-7421-4e86-af88-cae9caeb03a4', '1');
INSERT INTO "order" VALUES ('d28c294a-86a6-4cf1-9d1b-f5f50ad7a8cb', '2023-07-16', 'bddc7c28-c2e6-431f-810e-14a017a669e1', '6b5b327f-ad8d-4b4c-92a8-acb854fd1c15', '1');
INSERT INTO "order" VALUES ('147e31cb-a069-4f6a-8a2a-6cade8efb360', '2022-10-28', '9302c67e-3ede-44b0-a151-ae3eef1c6f4d', 'dccaa92e-bd92-40fb-b813-c771264084a3', '1');
INSERT INTO "order" VALUES ('154234d3-4937-4204-9b1c-385127ca7b45', '2023-09-13', 'a98f0ab3-bbb6-45d4-bd59-7c33802020cf', '433a84dd-f834-42d8-9826-0b1977b9abc6', '1');
INSERT INTO "order" VALUES ('b2bfd017-c318-471c-af75-d3d0a557f4e8', '2022-11-04', 'd7e65fff-ebe8-43ee-bef9-092c4d74459d', '6b5b327f-ad8d-4b4c-92a8-acb854fd1c15', '1');
INSERT INTO "order" VALUES ('aef67d85-b7f6-44a9-8e9e-0372a764debb', '2023-03-01', 'da443b71-ea9e-4c38-8076-dba869c1ad7b', '250b837d-f7a8-4dd1-ba91-e7b6527da995', '1');
INSERT INTO "order" VALUES ('50275096-6861-438b-b24f-8e5b203db26a', '2022-10-16', '53d1d46f-46ce-471e-aacf-388068dc084b', 'cb2f027d-5202-465b-a35e-1429edf78613', '1');
INSERT INTO "order" VALUES ('b9154842-cba8-404a-8e4e-431fa671e9c8', '2022-11-29', '883e539a-5a94-4112-9283-cbfd28a26fe5', 'cb2f027d-5202-465b-a35e-1429edf78613', '1');
INSERT INTO "order" VALUES ('b05be28d-2c6d-406b-a13b-ab8e823eec19', '2022-10-14', 'd344527b-9b77-4df9-93aa-d594b4fb6d02', 'fb1deb92-40fe-4acd-aca3-9ce09fa95911', '1');
INSERT INTO "order" VALUES ('0664fc7f-bbbd-430d-9c51-ede862d833d5', '2023-03-09', '952796e6-fcaf-4e5a-8ed5-66c5976b993d', '3be35f41-e82a-4aa7-b558-a70d76e7d86c', '1');
INSERT INTO "order" VALUES ('b42b6884-8ada-40dd-8c3a-9a32193a1916', '2023-03-25', '2aa7eb1f-75af-4fd5-8e23-3f455a3f3ce7', '250b837d-f7a8-4dd1-ba91-e7b6527da995', '1');
INSERT INTO "order" VALUES ('298104e3-a165-4110-8fa5-773453a7caba', '2023-02-17', '5e365982-7399-4f0c-8bf3-b2478016d932', 'cb2f027d-5202-465b-a35e-1429edf78613', '1');
INSERT INTO "order" VALUES ('80188640-748e-43da-a9ca-faa0e257b8f7', '2023-08-09', '15739eb0-a229-4bc7-8bb3-c126ca4c9a5a', '3be35f41-e82a-4aa7-b558-a70d76e7d86c', '1');
INSERT INTO "order" VALUES ('4e5278c1-3f5b-4166-983c-975514e7db05', '2023-01-16', 'd61930f7-2430-40b0-95e0-811b0b7fb9fb', '3be35f41-e82a-4aa7-b558-a70d76e7d86c', '1');
INSERT INTO "order" VALUES ('b8d8cd26-9e3c-43ea-99e2-4696e823122d', '2022-12-07', '3a94158c-67f3-4f3e-bb4a-8a6333e434f7', '124b47df-04a4-4b2d-a0ec-5a191f60a9db', '1');
INSERT INTO "order" VALUES ('714bec7b-829d-405c-a5f4-280ef40ea39c', '2023-07-17', 'bf86d327-1b95-4c8e-9c93-e67386dada0e', '3be35f41-e82a-4aa7-b558-a70d76e7d86c', '1');
INSERT INTO "order" VALUES ('363a1a75-5c40-4553-a217-dc11b21cedb4', '2023-08-27', '968a9ddb-1586-4262-b4cc-0cc5f3d7c6a6', 'cb2f027d-5202-465b-a35e-1429edf78613', '1');
INSERT INTO "order" VALUES ('7efdc24d-628e-4ab6-8b23-622664c0e918', '2023-03-12', 'a98f0ab3-bbb6-45d4-bd59-7c33802020cf', '7ce60a12-e850-4928-a55a-2ebfcabaf2ca', '1');
INSERT INTO "order" VALUES ('d7a1d56a-02a6-4875-b2c9-cdc529dff8c4', '2023-01-13', '3e9d86cd-6787-4e53-8dad-c0a087303fbd', '002c1f58-1499-4dc6-b577-ae847435b50a', '1');
INSERT INTO "order" VALUES ('191990d0-a78e-43fc-a460-8418da94b4ae', '2022-10-30', 'a98f0ab3-bbb6-45d4-bd59-7c33802020cf', '002c1f58-1499-4dc6-b577-ae847435b50a', '1');
INSERT INTO "order" VALUES ('aaf9b39b-6b25-4578-8f5d-fcf6b9355413', '2023-09-07', '6a9b1134-2d5a-42e0-a25e-5f7c4b0b7fe8', '250b837d-f7a8-4dd1-ba91-e7b6527da995', '1');
INSERT INTO "order" VALUES ('f95f0cae-cea0-4eff-aa68-fd9258124eb9', '2022-10-16', '53d1d46f-46ce-471e-aacf-388068dc084b', '002c1f58-1499-4dc6-b577-ae847435b50a', '1');
INSERT INTO "order" VALUES ('1ece88ae-ecc5-40e2-98fe-b61763e91462', '2023-08-12', 'e0b3c9ca-28ef-4514-a5ce-3f1101be4665', '433a84dd-f834-42d8-9826-0b1977b9abc6', '1');
INSERT INTO "order" VALUES ('95d784d2-24c5-4f1c-bd93-81171d7dfff3', '2023-03-04', 'b5648ceb-8f79-4111-a8a0-cb64e0e2de12', '908c7c3c-f71c-4557-8bfe-28e1dac194af', '1');
INSERT INTO "order" VALUES ('ad2f6245-4983-46c0-a501-b8c30972abe9', '2023-04-11', '968a9ddb-1586-4262-b4cc-0cc5f3d7c6a6', '0d665a01-319a-458c-b287-833a1b16d4da', '1');
INSERT INTO "order" VALUES ('b92470ae-de44-4265-aba6-22f7eff1ed5b', '2023-03-20', 'd4b022bc-12d5-43c2-9aa6-3ca6cde40f81', 'af7e3c60-3464-4038-9edc-f1911e4cab53', '1');
INSERT INTO "order" VALUES ('1242cebe-6a33-4b87-b45b-c7653d27e032', '2023-09-03', '3c94c8f6-d29b-4672-9551-5d657a8a81e5', '12845c26-9f30-451c-a413-cd49cb0aac92', '1');
INSERT INTO "order" VALUES ('eff85c0f-809e-40c5-954a-ff5767029830', '2022-12-10', '66a2066f-ab26-4831-97e7-88b6f13af274', '250b837d-f7a8-4dd1-ba91-e7b6527da995', '1');
INSERT INTO "order" VALUES ('d62d9d1b-6c52-452f-8ab4-695c6563e879', '2023-08-05', 'd79193db-2c73-45a7-943d-b5bf63825213', '433a84dd-f834-42d8-9826-0b1977b9abc6', '1');
INSERT INTO "order" VALUES ('2107d3ad-726d-4e1a-9196-ee8a0f62975a', '2023-05-28', '9953e565-53b7-4656-9c19-2c91db520f93', 'cb2f027d-5202-465b-a35e-1429edf78613', '1');
INSERT INTO "order" VALUES ('0c6ae966-a915-4fe2-8ac7-37915b3dbbe1', '2022-12-05', '883e539a-5a94-4112-9283-cbfd28a26fe5', '817679b1-3564-47d6-9c55-59e2223fa833', '1');
INSERT INTO "order" VALUES ('c64072e3-7dea-4060-a6d7-a8cd9b262df4', '2023-06-22', 'e80b8616-ac82-4624-ad49-39340633ad97', '0d665a01-319a-458c-b287-833a1b16d4da', '1');
INSERT INTO "order" VALUES ('68fec44f-69b6-48d4-ae03-1fa4dfcda250', '2022-10-14', '51fff97c-23f7-4ad1-9646-3de807a38591', 'eb84700f-d193-49f3-aed2-80eaed6ea3c9', '1');
INSERT INTO "order" VALUES ('404d8dde-6f81-43e4-992b-c1d7379bceaa', '2023-07-03', '70cd549a-ecf6-4af8-8b97-064e1408f39e', 'af7e3c60-3464-4038-9edc-f1911e4cab53', '1');
INSERT INTO "order" VALUES ('db71e695-7b8e-4616-937b-236872e01d17', '2023-03-08', '9302c67e-3ede-44b0-a151-ae3eef1c6f4d', 'fb1deb92-40fe-4acd-aca3-9ce09fa95911', '1');
INSERT INTO "order" VALUES ('2dc28ee4-970d-41f4-a4b2-9d6bf123bdc8', '2022-12-11', 'e2355ebb-80fa-43b8-9a16-032d21fd555c', 'cb2f027d-5202-465b-a35e-1429edf78613', '1');
INSERT INTO "order" VALUES ('844888c2-daf5-43fc-9f82-420d398d6c98', '2023-02-10', 'e0b3c9ca-28ef-4514-a5ce-3f1101be4665', '78d0f9f6-db14-447a-b0a6-86b2a2514baa', '1');
INSERT INTO "order" VALUES ('1de6179c-85c9-4d10-b643-5cf6996c3ae5', '2023-01-10', 'da443b71-ea9e-4c38-8076-dba869c1ad7b', 'dccaa92e-bd92-40fb-b813-c771264084a3', '1');
INSERT INTO "order" VALUES ('3958cc68-1c6d-4b8d-bd0b-748cfbb41a60', '2023-03-02', '4d6d5bcc-01e9-4ff7-9672-6af77fa7450d', '78d0f9f6-db14-447a-b0a6-86b2a2514baa', '1');
INSERT INTO "order" VALUES ('1418922f-dba1-4a12-9a18-670eef1372c5', '2023-09-17', '82ec0252-3c66-4e0a-b130-851424d2036c', 'dccaa92e-bd92-40fb-b813-c771264084a3', '1');
INSERT INTO "order" VALUES ('69522b99-403f-415c-a456-8d64728a1a57', '2023-03-01', 'd7e65fff-ebe8-43ee-bef9-092c4d74459d', '0d665a01-319a-458c-b287-833a1b16d4da', '1');
INSERT INTO "order" VALUES ('637b066a-fc5f-4926-af27-83e108fab29a', '2023-01-18', '5e365982-7399-4f0c-8bf3-b2478016d932', 'cb2f027d-5202-465b-a35e-1429edf78613', '1');
INSERT INTO "order" VALUES ('1f63dc18-5bb5-4e7e-b947-faadc66f72d2', '2023-03-06', 'bf86d327-1b95-4c8e-9c93-e67386dada0e', '62f727ca-7421-4e86-af88-cae9caeb03a4', '1');
INSERT INTO "order" VALUES ('d40a6d10-8c38-4843-a232-d8ec1727fad4', '2023-05-08', '11c45ea1-9a9b-4137-ba85-43411094f70d', '7ce60a12-e850-4928-a55a-2ebfcabaf2ca', '1');
INSERT INTO "order" VALUES ('af93a76a-d259-4103-aae9-d64975d8bfee', '2023-07-02', 'd7e65fff-ebe8-43ee-bef9-092c4d74459d', '12845c26-9f30-451c-a413-cd49cb0aac92', '1');
INSERT INTO "order" VALUES ('487a5be1-0c01-444e-8cef-ebb6c11a2c47', '2022-11-24', '09065a57-b8d0-4940-acfa-b86935610190', 'dccaa92e-bd92-40fb-b813-c771264084a3', '1');
INSERT INTO "order" VALUES ('605e745a-d053-4c64-bfa0-b6a078567a49', '2023-02-08', '11c45ea1-9a9b-4137-ba85-43411094f70d', 'eb84700f-d193-49f3-aed2-80eaed6ea3c9', '1');
INSERT INTO "order" VALUES ('cbbe0efc-8598-45cf-bd26-2d5f3bb655bf', '2022-10-31', '1b413ed2-0f04-485e-be11-3d32e09f2c52', '002c1f58-1499-4dc6-b577-ae847435b50a', '1');
INSERT INTO "order" VALUES ('d28f5d64-b34c-40dc-9565-246197c1c2b1', '2022-12-30', 'd0565b41-96a6-4f44-8e0b-75de38303592', '433a84dd-f834-42d8-9826-0b1977b9abc6', '1');
INSERT INTO "order" VALUES ('60d1610a-99a0-4e6c-9cdb-c5b0d7a1a7f1', '2023-10-03', '883e539a-5a94-4112-9283-cbfd28a26fe5', '78d0f9f6-db14-447a-b0a6-86b2a2514baa', '1');
INSERT INTO "order" VALUES ('32bc0893-ca68-4248-8d4e-547afa442a89', '2023-08-28', 'e69fff51-d033-43d0-8800-9c5db506f505', '240af03c-8668-463c-bd60-4ea88c185366', '1');
INSERT INTO "order" VALUES ('45409141-c8e7-4177-9575-101b3676bc9f', '2023-01-06', 'd627a76f-0ef2-4355-a6a0-c9136e84c0c6', '7ce60a12-e850-4928-a55a-2ebfcabaf2ca', '1');
INSERT INTO "order" VALUES ('4f799bdc-12a5-4713-b3a5-1daff47dce15', '2023-07-24', 'afc78eb3-6324-4ceb-aca6-d7c2c3e7a9a6', '78d0f9f6-db14-447a-b0a6-86b2a2514baa', '1');
INSERT INTO "order" VALUES ('216cec14-a654-4a47-91c2-ab84f266866b', '2023-03-05', '4c37135f-46ca-462a-8fc7-decba441b35a', 'eb84700f-d193-49f3-aed2-80eaed6ea3c9', '1');
INSERT INTO "order" VALUES ('169a0e11-70f9-4c30-a7fd-e55c32d3cd20', '2022-10-30', '8129236c-4d0b-4c1f-921c-b163a6d6e479', '62f727ca-7421-4e86-af88-cae9caeb03a4', '1');
INSERT INTO "order" VALUES ('e9235aa0-e614-449b-8f30-35d5767f7a24', '2023-03-09', '82ec0252-3c66-4e0a-b130-851424d2036c', 'af7e3c60-3464-4038-9edc-f1911e4cab53', '1');
INSERT INTO "order" VALUES ('2733ccb4-f9af-40b0-99ab-f09135a0f8ba', '2023-06-18', '70cd549a-ecf6-4af8-8b97-064e1408f39e', 'af7e3c60-3464-4038-9edc-f1911e4cab53', '1');
INSERT INTO "order" VALUES ('7862a209-8061-4b18-adea-717c3142284e', '2022-11-15', '1f2032d9-1b0d-4a86-8bb2-de3d0e226b7b', '62f727ca-7421-4e86-af88-cae9caeb03a4', '1');
INSERT INTO "order" VALUES ('bfe109eb-70a4-4dd9-95de-0dd3ad580c86', '2023-07-21', 'c4aaf7ce-02d3-40a2-9bcf-95f936f515da', '6b5b327f-ad8d-4b4c-92a8-acb854fd1c15', '1');
INSERT INTO "order" VALUES ('e5f773c9-2eb8-4574-9f19-2bd394f1a6fb', '2023-05-29', 'c4aaf7ce-02d3-40a2-9bcf-95f936f515da', 'dccaa92e-bd92-40fb-b813-c771264084a3', '1');
INSERT INTO "order" VALUES ('43aa66c8-0c98-4c94-a2c0-6a4707326426', '2023-06-24', '51fff97c-23f7-4ad1-9646-3de807a38591', 'fb1deb92-40fe-4acd-aca3-9ce09fa95911', '1');
INSERT INTO "order" VALUES ('d1c0218e-4b1a-4e0f-ad15-99ae34326194', '2023-04-11', '0c3eef3b-1506-4e05-8661-7f0df0d1570f', '124b47df-04a4-4b2d-a0ec-5a191f60a9db', '1');
INSERT INTO "order" VALUES ('518f05d1-eb7a-4cd1-9922-894ad9295208', '2023-06-12', '4066c901-ac09-47ed-aadc-0c6b91b79ca6', '908c7c3c-f71c-4557-8bfe-28e1dac194af', '1');
INSERT INTO "order" VALUES ('4ffbd619-0779-4008-a9c2-630a0c66e599', '2023-09-05', 'e3729046-eda8-43d6-bd06-ff10d3afd051', 'e3175211-6c72-4864-aac7-73a3d98fc2fd', '1');
INSERT INTO "order" VALUES ('67ac6d10-5844-4799-a455-f3072942ac03', '2022-11-14', 'd344527b-9b77-4df9-93aa-d594b4fb6d02', '240af03c-8668-463c-bd60-4ea88c185366', '1');
INSERT INTO "order" VALUES ('d08905f5-dfe7-4520-8c31-22c8246561c5', '2023-01-19', 'e69fff51-d033-43d0-8800-9c5db506f505', '002c1f58-1499-4dc6-b577-ae847435b50a', '1');
INSERT INTO "order" VALUES ('66db378b-5397-49da-93cb-b0e5e2a76dbf', '2023-09-05', '54a2a730-66c2-4042-9935-e594e5acecab', 'eb84700f-d193-49f3-aed2-80eaed6ea3c9', '1');
INSERT INTO "order" VALUES ('286908b6-a97d-48f8-bf21-84e49f86ff2b', '2023-09-08', '820edaa7-523f-41a4-a7e1-1078fc6f3ad2', '78d0f9f6-db14-447a-b0a6-86b2a2514baa', '1');
INSERT INTO "order" VALUES ('9584fdb0-d583-4530-a08c-ca2b21d18c94', '2023-01-15', '4c37135f-46ca-462a-8fc7-decba441b35a', 'dccaa92e-bd92-40fb-b813-c771264084a3', '1');
INSERT INTO "order" VALUES ('46f09b38-ed30-4ac3-a36a-7ecda07175cd', '2023-09-11', '3c94c8f6-d29b-4672-9551-5d657a8a81e5', '3be35f41-e82a-4aa7-b558-a70d76e7d86c', '1');
INSERT INTO "order" VALUES ('96cf4f55-0957-4a14-b679-9fbff6f9c3bc', '2023-10-05', 'b5648ceb-8f79-4111-a8a0-cb64e0e2de12', '124b47df-04a4-4b2d-a0ec-5a191f60a9db', '1');
INSERT INTO "order" VALUES ('84b69d75-eecb-4884-81f2-a76a265a16ac', '2023-07-20', '4066c901-ac09-47ed-aadc-0c6b91b79ca6', 'cb2f027d-5202-465b-a35e-1429edf78613', '1');
INSERT INTO "order" VALUES ('a4b903ca-a684-435d-914a-8596fdfb6b29', '2023-08-04', '883e539a-5a94-4112-9283-cbfd28a26fe5', '433a84dd-f834-42d8-9826-0b1977b9abc6', '1');
INSERT INTO "order" VALUES ('7850e984-2050-4968-a97a-d60874ab0f1d', '2022-12-26', '5b999f73-7d43-4996-a622-3061e997cb6e', '240af03c-8668-463c-bd60-4ea88c185366', '1');
INSERT INTO "order" VALUES ('83d4af80-cd1e-43b3-9c9e-f58f18366f72', '2023-09-28', '3c94c8f6-d29b-4672-9551-5d657a8a81e5', '240af03c-8668-463c-bd60-4ea88c185366', '1');
INSERT INTO "order" VALUES ('0983dbea-a6f1-4cec-8e58-19a2e8a17ab6', '2023-01-30', 'e2355ebb-80fa-43b8-9a16-032d21fd555c', '002c1f58-1499-4dc6-b577-ae847435b50a', '1');
INSERT INTO "order" VALUES ('ed51c57d-5a36-4b00-82dd-2d5b203b8814', '2023-08-24', 'b5648ceb-8f79-4111-a8a0-cb64e0e2de12', '7ce60a12-e850-4928-a55a-2ebfcabaf2ca', '1');
INSERT INTO "order" VALUES ('af5e73c0-f9e3-43ad-84e2-025163a7748c', '2023-02-17', '3db8d609-e700-4b09-8e37-cfe101daf0b9', 'eb84700f-d193-49f3-aed2-80eaed6ea3c9', '1');
INSERT INTO "order" VALUES ('e89a3d4f-a585-4ccb-af31-70b3f7287591', '2022-11-22', '70cd549a-ecf6-4af8-8b97-064e1408f39e', 'af7e3c60-3464-4038-9edc-f1911e4cab53', '1');
INSERT INTO "order" VALUES ('cdeaab90-a83b-4f1b-ba00-ab8f5df6d803', '2022-12-30', '33bbfcf6-d7f2-45f8-8352-20e2f7f26ffa', '62f727ca-7421-4e86-af88-cae9caeb03a4', '1');
INSERT INTO "order" VALUES ('818f3db8-8747-4e24-8440-c0cd7dcf4cf2', '2023-02-27', 'd4b022bc-12d5-43c2-9aa6-3ca6cde40f81', '0d665a01-319a-458c-b287-833a1b16d4da', '1');
INSERT INTO "order" VALUES ('f786770c-4728-4045-b740-b77eda20197d', '2023-03-20', 'b5648ceb-8f79-4111-a8a0-cb64e0e2de12', '6b5b327f-ad8d-4b4c-92a8-acb854fd1c15', '1');
INSERT INTO "order" VALUES ('7e4845e9-13d8-4a27-90a2-1dd0c9016351', '2022-12-18', '820edaa7-523f-41a4-a7e1-1078fc6f3ad2', '78d0f9f6-db14-447a-b0a6-86b2a2514baa', '1');
INSERT INTO "order" VALUES ('53fa5451-9c75-4446-8b7b-3577fd760862', '2023-03-07', 'b3cb113c-3c18-4761-9680-4ea50ef6853a', '6b5b327f-ad8d-4b4c-92a8-acb854fd1c15', '1');
INSERT INTO "order" VALUES ('7d05a382-0983-43fc-8e09-e9be3b9aa466', '2022-12-29', '4d6d5bcc-01e9-4ff7-9672-6af77fa7450d', '433a84dd-f834-42d8-9826-0b1977b9abc6', '1');
INSERT INTO "order" VALUES ('a4b47585-4bfc-45a0-a14c-c8b6511be6f5', '2023-06-29', '54a2a730-66c2-4042-9935-e594e5acecab', 'af7e3c60-3464-4038-9edc-f1911e4cab53', '1');
INSERT INTO "order" VALUES ('4d782477-0e27-4aab-915f-8f0ea43b5331', '2023-04-10', 'eba96f02-3954-41bd-9c96-af2c4504509b', '62f727ca-7421-4e86-af88-cae9caeb03a4', '1');
INSERT INTO "order" VALUES ('d17c96a2-7b4c-4992-a522-3207756206f8', '2023-08-21', 'e3729046-eda8-43d6-bd06-ff10d3afd051', '433a84dd-f834-42d8-9826-0b1977b9abc6', '1');
INSERT INTO "order" VALUES ('41430d59-e3d6-4793-babf-0d94e14cafc4', '2023-03-27', '3db8d609-e700-4b09-8e37-cfe101daf0b9', '0d665a01-319a-458c-b287-833a1b16d4da', '1');
INSERT INTO "order" VALUES ('fb914b4f-6b8f-4182-ad21-cf7b4f8d5e32', '2023-02-12', '32a60658-63bc-4278-b8eb-960591850fed', '3be35f41-e82a-4aa7-b558-a70d76e7d86c', '1');
INSERT INTO "order" VALUES ('1de4c5b9-0879-4e87-bc04-63252d47dbe4', '2023-05-31', 'd61930f7-2430-40b0-95e0-811b0b7fb9fb', '62f727ca-7421-4e86-af88-cae9caeb03a4', '1');
INSERT INTO "order" VALUES ('e0ecdc06-cf2b-44a0-ad4f-c5a475826a58', '2023-10-10', '3db8d609-e700-4b09-8e37-cfe101daf0b9', '908c7c3c-f71c-4557-8bfe-28e1dac194af', '1');
INSERT INTO "order" VALUES ('0b722fd4-b328-42ac-a678-101575901b36', '2023-09-30', 'd4b022bc-12d5-43c2-9aa6-3ca6cde40f81', '62f727ca-7421-4e86-af88-cae9caeb03a4', '1');
INSERT INTO "order" VALUES ('3b1e1874-dfb6-4f76-a31f-170d185b728a', '2022-11-15', 'f2416658-b623-4064-8097-6ff44babaace', '240af03c-8668-463c-bd60-4ea88c185366', '1');
INSERT INTO "order" VALUES ('be1080cd-3db4-45b1-affa-570b08fccf14', '2023-05-02', 'bddc7c28-c2e6-431f-810e-14a017a669e1', '12845c26-9f30-451c-a413-cd49cb0aac92', '1');
INSERT INTO "order" VALUES ('49de2b03-f97f-4eb3-af3e-da8dd4c907b6', '2022-12-22', '952796e6-fcaf-4e5a-8ed5-66c5976b993d', '7ce60a12-e850-4928-a55a-2ebfcabaf2ca', '1');
INSERT INTO "order" VALUES ('3e9d5a69-23d2-4770-a080-0b7590ef5c04', '2023-01-19', 'd1cf7b03-fa91-465d-96a1-a0aaf565ee3d', 'cb2f027d-5202-465b-a35e-1429edf78613', '1');
INSERT INTO "order" VALUES ('7aa80c55-e21b-4333-a674-bc2af2402cd3', '2023-03-31', '5b999f73-7d43-4996-a622-3061e997cb6e', 'af7e3c60-3464-4038-9edc-f1911e4cab53', '1');
INSERT INTO "order" VALUES ('2825a852-edbc-41f7-9e50-8876e37a5ed8', '2022-12-27', '016d9a2d-507a-45fc-bcc8-29813f8b41b8', 'dccaa92e-bd92-40fb-b813-c771264084a3', '1');
INSERT INTO "order" VALUES ('1d0d058f-4d91-4100-9232-6eee3bdd1d88', '2023-08-20', 'c275d124-b9db-4fb1-8a90-542035c81bb1', '62f727ca-7421-4e86-af88-cae9caeb03a4', '1');
INSERT INTO "order" VALUES ('fa0ef801-ff7d-4040-8727-bec4333f1761', '2023-07-06', 'dc143abf-ca4c-4971-975c-1afb7dbc2d5f', '12845c26-9f30-451c-a413-cd49cb0aac92', '1');
INSERT INTO "order" VALUES ('ff78a73f-da22-430c-8d48-7517c3f435d1', '2023-02-17', 'aa51864a-dc74-4631-8f53-53283730da56', '78d0f9f6-db14-447a-b0a6-86b2a2514baa', '1');
INSERT INTO "order" VALUES ('87c7b27a-2de8-4b04-a4bd-afb3415b369d', '2023-06-05', 'a98f0ab3-bbb6-45d4-bd59-7c33802020cf', 'cb2f027d-5202-465b-a35e-1429edf78613', '1');
INSERT INTO "order" VALUES ('c52591b0-6505-4fb1-8843-35191a39f536', '2023-07-28', 'd1cf7b03-fa91-465d-96a1-a0aaf565ee3d', '7ce60a12-e850-4928-a55a-2ebfcabaf2ca', '1');
INSERT INTO "order" VALUES ('5cfbfb79-2c40-4973-b310-30bdb327df7a', '2023-01-02', '70cd549a-ecf6-4af8-8b97-064e1408f39e', '7ce60a12-e850-4928-a55a-2ebfcabaf2ca', '1');
INSERT INTO "order" VALUES ('42c95009-abe7-47bd-80ec-f2f31a2156d1', '2023-03-11', '8d8d10ce-2422-404a-92a1-239fe02eab77', '124b47df-04a4-4b2d-a0ec-5a191f60a9db', '1');
INSERT INTO "order" VALUES ('ac3adfc6-a70a-4ad1-a6a4-dba8c8aec1cb', '2023-01-21', '1f2032d9-1b0d-4a86-8bb2-de3d0e226b7b', 'e3175211-6c72-4864-aac7-73a3d98fc2fd', '1');
INSERT INTO "order" VALUES ('98c7526c-96ba-4030-9fde-305fc7b64e20', '2023-02-14', '66a2066f-ab26-4831-97e7-88b6f13af274', '250b837d-f7a8-4dd1-ba91-e7b6527da995', '1');
INSERT INTO "order" VALUES ('9d5fbb3a-b0a6-4849-88c0-f70c61462993', '2023-09-16', '42957721-7090-43e7-94e7-52b3d09a8aef', '78d0f9f6-db14-447a-b0a6-86b2a2514baa', '1');
INSERT INTO "order" VALUES ('21e09bcb-888e-4081-b2b7-1c8d778b831d', '2023-09-16', '8d8d10ce-2422-404a-92a1-239fe02eab77', 'af7e3c60-3464-4038-9edc-f1911e4cab53', '1');
INSERT INTO "order" VALUES ('fcbe16c8-612a-4d93-9dc5-71fc29fa78f4', '2023-01-10', 'afc78eb3-6324-4ceb-aca6-d7c2c3e7a9a6', '62f727ca-7421-4e86-af88-cae9caeb03a4', '1');
INSERT INTO "order" VALUES ('405af0dd-014e-4e91-8ad6-f00c6aaa7824', '2023-08-17', 'b440c922-e3c3-4130-86b3-7ef283db4e5e', 'fb1deb92-40fe-4acd-aca3-9ce09fa95911', '1');
INSERT INTO "order" VALUES ('ac91410b-fa22-4615-b056-0334d31ea5bf', '2023-09-20', 'd1cf7b03-fa91-465d-96a1-a0aaf565ee3d', '3be35f41-e82a-4aa7-b558-a70d76e7d86c', '1');
INSERT INTO "order" VALUES ('360c7b75-7c5c-4627-8ad2-4ea8e3639e8d', '2023-04-14', '11c45ea1-9a9b-4137-ba85-43411094f70d', '433a84dd-f834-42d8-9826-0b1977b9abc6', '1');
INSERT INTO "order" VALUES ('d1b1ec4e-841d-4b2b-b941-f802880f279d', '2023-04-01', '4066c901-ac09-47ed-aadc-0c6b91b79ca6', '433a84dd-f834-42d8-9826-0b1977b9abc6', '1');
INSERT INTO "order" VALUES ('7e9e0e02-19a7-47e5-ab85-c105fed0b677', '2022-10-31', '07d48b89-368d-4e44-b3b9-e69b5a72a6ef', '78d0f9f6-db14-447a-b0a6-86b2a2514baa', '1');
INSERT INTO "order" VALUES ('60e493f3-2c10-487e-9793-f5525ebc60f7', '2023-02-16', 'd344527b-9b77-4df9-93aa-d594b4fb6d02', '908c7c3c-f71c-4557-8bfe-28e1dac194af', '1');
INSERT INTO "order" VALUES ('663bb62f-d27f-4199-92a8-cf88b54b0c72', '2023-02-09', '70cd549a-ecf6-4af8-8b97-064e1408f39e', '12845c26-9f30-451c-a413-cd49cb0aac92', '1');
INSERT INTO "service" VALUES ('94eb8eee-3f89-4f8e-9124-7d2dc4f2b180', 'Замена масла в двигателе', '2023-10-11', '660', 'true');
INSERT INTO "service" VALUES ('2a32d4e1-b2d8-413e-994f-326cde8228d3', 'Замена масла в двигателе с полной промывкой системы', '2023-10-11', '880', 'true');
INSERT INTO "service" VALUES ('469724d5-cea8-4faf-ad45-590ce10700ef', 'Замена опоры двигателя', '2023-10-11', '1000', 'true');
INSERT INTO "service" VALUES ('48999bbf-6802-4edd-a687-ee198c473498', 'Замена охлаждающей жидкости', '2023-10-11', '2000', 'true');
INSERT INTO "service" VALUES ('c5a96436-ba52-4726-84f9-6e9c59ceabfb', 'Замена ремня ГРМ', '2023-10-11', '2500', 'true');
INSERT INTO "service" VALUES ('e025bd1c-f56e-4f18-b1ba-fe6bf6551f9c', 'Замена ремня навесного оборудования', '2023-10-11', '1800', 'true');
INSERT INTO "service" VALUES ('60b31f1d-2a9f-4baf-9123-78a53540c407', 'Промывка топлевных форсунок', '2023-10-11', '3000', 'true');
INSERT INTO "service" VALUES ('40b1c074-326e-4860-80e9-af8c478952b7', 'Чистка дросельных заслоннок', '2023-10-11', '1800', 'true');
INSERT INTO "service" VALUES ('1549b3b7-5cbc-464d-a9f7-2a0933462eca', 'Замена топливного фильтра', '2023-10-11', '400', 'true');
INSERT INTO "service" VALUES ('392d9062-2803-40e8-9460-9e45508ad6ee', 'Промыка топлевной системы', '2023-10-11', '1200', 'true');
INSERT INTO "service" VALUES ('75f5e968-ef05-4ecc-a124-250e755a4385', 'Проверка и замена АКБ', '2023-10-11', '700', 'true');
INSERT INTO "service" VALUES ('cd386c79-0d47-4f76-9170-b0fe9f2aec11', 'Зарядка АКБ', '2023-10-11', '1000', 'true');
INSERT INTO "service" VALUES ('e96f3ab9-4bb5-4714-aa51-9e2eadc42510', 'Проверка АКБ', '2023-10-11', '250', 'true');
INSERT INTO "service" VALUES ('69a0c04b-4ab9-46b7-809c-59a6f9ef8e2f', 'Проверка генератора ', '2023-10-11', '600', 'true');
INSERT INTO "service" VALUES ('3f25e9a7-640b-4aa9-9cb4-03b15494ef11', 'Замена генератора', '2023-10-11', '1800', 'true');
INSERT INTO "service" VALUES ('cf53f2eb-0b72-4722-84bf-cc9402346b03', 'Замена задней части глушителя', '2023-10-11', '1100', 'true');
INSERT INTO "service" VALUES ('98cbfb4b-eea6-4c86-b1ed-c1179d9f4d4e', 'Замена средней части глушителя', '2023-10-11', '1300', 'true');
INSERT INTO "service" VALUES ('841edb67-3d1d-4697-9891-b2c932ca0d5f', 'Замена катализатора', '2023-10-11', '1700', 'true');
INSERT INTO "service" VALUES ('113b2050-615c-4b03-96a5-783852f8a347', 'Диагностика подвески на подъемнике', '2023-10-11', '660', 'true');
INSERT INTO "service" VALUES ('292ac526-92df-439e-a0d8-9893127cf6b9', 'Диагностика подвески на вибростенде', '2023-10-11', '660', 'true');
INSERT INTO "service" VALUES ('2d74ac18-c7d1-464c-963d-62c5393cb7f7', 'Диагностика тормозной системы на стенде', '2023-10-11', '1200', 'true');
INSERT INTO "service" VALUES ('1e570dfc-7d2a-44bf-9755-a6e13b01c48c', 'Проверка углов уставки колес на стенде', '2023-10-11', '1500', 'true');
INSERT INTO "service" VALUES ('1c432216-44e1-44fd-b067-dcba1f58870b', 'Сканирование электронных систем', '2023-10-11', '1100', 'true');
INSERT INTO "service" VALUES ('6d577b1d-11f9-4180-b972-7620ade8eefb', 'Диагностика топлевной системы', '2023-10-11', '1100', 'true');
INSERT INTO "service" VALUES ('8c946a02-466a-4afb-b8ca-4238382fc37e', 'Замена передних тормозных колодок', '2023-10-11', '1500', 'true');
INSERT INTO "service" VALUES ('6c767349-a5b7-4dd2-b9c7-8525346a3c88', 'Замена задних тормозных колодок', '2023-10-11', '2000', 'true');
INSERT INTO "service" VALUES ('e5ed39b0-0825-4ad1-986e-0d5b92576a40', 'Замена передних тормозных дисков', '2023-10-11', '2000', 'true');
INSERT INTO "service" VALUES ('f0757b4d-6aee-4705-a575-19ec89c2849b', 'Замена задних тормозных дисков', '2023-10-11', '2400', 'true');
INSERT INTO "service" VALUES ('2405dbbc-5044-4351-96b7-3a673c83a341', 'Регулировка стояночного тормоза', '2023-10-11', '900', 'true');
INSERT INTO "service" VALUES ('0a21c6c7-bdb2-49a3-a748-eacad17f6f69', 'Замена тормозной жидкости', '2023-10-11', '1500', 'true');
INSERT INTO "service" VALUES ('2c8e295e-7a8c-426e-afd6-b217610fae16', 'Обслуживание тормозных механизмов', '2023-10-11', '1500', 'true');
INSERT INTO "service" VALUES ('bfa36390-df38-4500-ae2e-edee2179398b', 'Замена масла МКПП', '2023-10-11', '900', 'true');
INSERT INTO "service" VALUES ('67c17539-8dd5-403d-b03a-7d95eb128eb2', 'Замена масла АКПП', '2023-10-11', '2200', 'true');
INSERT INTO "service" VALUES ('adcd25d4-7233-4ca4-b5ab-fd3c2dbe4f59', 'Замена масла раздаточной коробки', '2023-10-11', '900', 'true');
INSERT INTO "service" VALUES ('eebfbd78-5732-4950-afef-3be4773ba49a', 'Замена масла редуктора заднего моста', '2023-10-11', '900', 'true');
INSERT INTO "service" VALUES ('ed2a417d-3ed8-4f5c-9940-f44c3f3544a0', 'Обслуживание карданного вала', '2023-10-11', '900', 'true');
INSERT INTO "service" VALUES ('3e5d6881-5731-4e8b-9aae-ff17c54c85c5', 'Замена рычага передней подвески', '2023-10-11', '2000', 'true');
INSERT INTO "service" VALUES ('a74fc8c8-ed74-42db-949a-8c15a045f3b7', 'Замена рычага задней подвески', '2023-10-11', '2000', 'true');
INSERT INTO "service" VALUES ('1bb27007-5ff3-4177-b146-9fb7f9e0eb97', 'Замена шаровой опоры', '2023-10-11', '1500', 'true');
INSERT INTO "service" VALUES ('b2b86a36-8e11-4571-a42e-6486fdbb4ee7', 'Замена сайлентблока рычага', '2023-10-11', '2500', 'true');
INSERT INTO "service" VALUES ('7bc57542-2dea-44c2-800b-ce1975fc8bdb', 'Замена армотизатора', '2023-10-11', '1800', 'true');
INSERT INTO "service" VALUES ('6090f73c-be89-4abe-a86e-23f88e2915dc', 'Замена стойки стабилизатора', '2023-10-11', '800', 'true');
INSERT INTO "service" VALUES ('277de502-e3ac-43df-97f0-9a47fa741fea', 'Замена рулевого наконечника', '2023-10-11', '1100', 'true');
INSERT INTO "service" VALUES ('c1a14c13-7292-45bc-bdd0-ae77508443ff', 'Замена рулевой тяги', '2023-10-11', '1800', 'true');
INSERT INTO "service" VALUES ('6b2ed8a2-7186-4c0f-84c2-01c475acc220', 'Замена пыльника рулевой рейки', '2023-10-11', '1500', 'true');
INSERT INTO "service" VALUES ('c9beebe9-8996-4578-9cf7-8cf125b4b173', 'Проверка и регулировка углов установки колес', '2023-10-11', '2260', 'true');
INSERT INTO "service" VALUES ('6d6c5ed1-e0e1-49b3-9767-be2d06f403e4', 'Шиномонтаж - комплекс (с/у+баланс+мойка) 4-х колёс', '2023-10-11', '1800', 'true');
INSERT INTO "service" VALUES ('6fc1498e-141c-4fc6-89bf-8f5fc166d322', 'Замена лампы наружного освещения', '2023-10-11', '300', 'true');
INSERT INTO "service" VALUES ('ccc10cb4-d136-4d0f-848c-19702972d6c8', 'Проверка и регулирование света фар', '2023-10-11', '600', 'true');
INSERT INTO "service" VALUES ('6bf635c0-7c6b-4787-88d6-28c844563c96', 'Проверка и замена лампы освешения салона', '2023-10-11', '300', 'true');
INSERT INTO "service" VALUES ('d11c447e-fbcd-4ad7-906d-b64cd75887e4', 'Проверка и замена лампы подсветки номерного знака', '2023-10-11', '200', 'true');
INSERT INTO "service" VALUES ('6082e4c4-6135-4ba5-bbb5-5f477967e4a5', 'Замена лампы стоп сигнала', '2023-10-11', '300', 'true');
INSERT INTO "service" VALUES ('ce17b66a-eac0-480c-983b-90207a131003', 'Стекло ветровое замена', '2023-10-11', '1900', 'true');
INSERT INTO "service" VALUES ('0075c6cd-0f4e-48b4-91b9-ffb26c6f824b', 'Стекло боковое замена', '2023-10-11', '1000', 'true');
INSERT INTO "service" VALUES ('45194bdd-af73-4a04-951b-ed9582f469fd', 'Стекло заднее замена', '2023-10-11', '1900', 'true');
INSERT INTO "service" VALUES ('f6bdd407-fc03-46b2-85b9-0129168b7795', 'Нанесение гидрофобного покрытия на стекла', '2023-10-11', '2000', 'true');
INSERT INTO "service" VALUES ('2b0c489d-a801-4d76-801f-1ffbdcebb8bc', 'Дезинфекция системы кондиционирования', '2023-10-11', '2000', 'true');
INSERT INTO "service" VALUES ('b4f5caaa-a580-419f-93fb-ad8ec680359c', 'Заправка системы кондиционирования', '2023-10-11', '2000', 'true');
INSERT INTO "service" VALUES ('525e715b-2d7c-48c1-8ceb-3c02d999c1a8', 'Диогностика системы кондиционирования', '2023-10-11', '1100', 'true');
INSERT INTO "service" VALUES ('6cd0d978-bed6-4616-8faf-1d9990f09d6d', 'Замена салонного фильтра', '2023-10-11', '400', 'true');
INSERT INTO "service" VALUES ('c0eebf97-a3cc-41e6-b2f9-8315595f4ac1', 'Диогностика системы отопления', '2023-10-11', '1100', 'true');
INSERT INTO "service" VALUES ('bb03b88e-bcc9-430a-a28e-c03ce8afa68f', 'Замена щеток стеклоочистителя', '2023-10-11', '250', 'true');
INSERT INTO "service" VALUES ('0314b33a-e5c8-413e-88d3-6b6b99086993', 'Регулировка форсунок омывателя', '2023-10-11', '250', 'true');
INSERT INTO "service" VALUES ('d1364dba-9ef1-4a64-89b4-d87290926498', 'Замена насоса омывающей жидкости', '2023-10-11', '500', 'true');
INSERT INTO "service" VALUES ('1fd7a2c1-43e3-4ad2-b9e8-4fbf39e33714', 'Замена механизма стеклоочистителя', '2023-10-11', '2000', 'true');
INSERT INTO "service" VALUES ('a38774fb-2868-4ce6-9913-367deded1b6f', 'Замена форсунок омывателя', '2023-10-11', '500', 'true');
INSERT INTO "list_services"  VALUES ('6aa47c2b-c1ce-49ea-856d-09cdf0325d6a', '670e3d94-42d2-4514-b239-190770ecc780', '45194bdd-af73-4a04-951b-ed9582f469fd', '0.7');
INSERT INTO "list_services"  VALUES ('e98820de-b278-4e00-a7d5-8b03b7caa7ae', '605e745a-d053-4c64-bfa0-b6a078567a49', '6bf635c0-7c6b-4787-88d6-28c844563c96', '1.5');
INSERT INTO "list_services"  VALUES ('188af35a-d730-4f5f-8c68-fb79a891371d', '4977e8fd-80fe-4f74-8de0-ed5dde9234ca', '6d577b1d-11f9-4180-b972-7620ade8eefb', '1.3');
INSERT INTO "list_services"  VALUES ('3563f5f5-37b7-4111-9386-6c44f95c6c1a', '1d0d058f-4d91-4100-9232-6eee3bdd1d88', 'f0757b4d-6aee-4705-a575-19ec89c2849b', '1.4');
INSERT INTO "list_services"  VALUES ('e3519f48-c15d-4291-99db-5161cd9cf179', 'd34e030b-fd45-4af9-b403-3e8ffa5b097f', '1e570dfc-7d2a-44bf-9755-a6e13b01c48c', '1.4');
INSERT INTO "list_services"  VALUES ('a79513ed-fbf2-4f12-a632-881bd801f43c', 'a4b903ca-a684-435d-914a-8596fdfb6b29', 'b4f5caaa-a580-419f-93fb-ad8ec680359c', '0.9');
INSERT INTO "list_services"  VALUES ('fba1886f-8e99-4924-8a43-f6ac6de33366', '1788415a-37c2-4849-b35f-7c6747728680', '6cd0d978-bed6-4616-8faf-1d9990f09d6d', '1.1');
INSERT INTO "list_services"  VALUES ('80229def-824a-44e5-843b-7d276297f6a3', '42c95009-abe7-47bd-80ec-f2f31a2156d1', '392d9062-2803-40e8-9460-9e45508ad6ee', '1.2');
INSERT INTO "list_services"  VALUES ('36ffe27c-afec-411a-a9fa-8b12440656e5', 'ce74c39f-b7a4-4663-8581-3b7773aac3a2', 'c5a96436-ba52-4726-84f9-6e9c59ceabfb', '0.9');
INSERT INTO "list_services"  VALUES ('e81afd7a-41e8-4921-ad18-b1b79341b7a7', 'fa0ef801-ff7d-4040-8727-bec4333f1761', 'f0757b4d-6aee-4705-a575-19ec89c2849b', '0.6');
INSERT INTO "list_services"  VALUES ('e9addf04-6e5e-439c-b41d-67b7335357a7', '67888359-010f-4690-ac2a-6c200dafd530', '6b2ed8a2-7186-4c0f-84c2-01c475acc220', '1.6');
INSERT INTO "list_services"  VALUES ('98d8a1a5-5c55-4a7b-8ed0-242e711bb38c', 'ac3adfc6-a70a-4ad1-a6a4-dba8c8aec1cb', 'd1364dba-9ef1-4a64-89b4-d87290926498', '1.0');
INSERT INTO "list_services"  VALUES ('29849568-4ec8-440b-81f7-19ba6ef3cbb6', 'd34e030b-fd45-4af9-b403-3e8ffa5b097f', 'eebfbd78-5732-4950-afef-3be4773ba49a', '1.4');
INSERT INTO "list_services"  VALUES ('e0081567-65d4-4cf6-bd22-d7acea3f5b45', '20c94fb0-a168-4f98-b131-e6bf162316c4', '2a32d4e1-b2d8-413e-994f-326cde8228d3', '1.0');
INSERT INTO "list_services"  VALUES ('70435a05-1493-4855-ba11-8587f81d003d', 'fb7d58f6-bc7b-4640-b09d-6df028d1b0ea', '1c432216-44e1-44fd-b067-dcba1f58870b', '1.1');
INSERT INTO "list_services"  VALUES ('455ae622-f27e-4e89-a33d-c92a9bd4ba41', 'a4b903ca-a684-435d-914a-8596fdfb6b29', '392d9062-2803-40e8-9460-9e45508ad6ee', '0.4');
INSERT INTO "list_services"  VALUES ('5320cb51-7656-40c7-91b2-719e4b033f64', '4f799bdc-12a5-4713-b3a5-1daff47dce15', 'b2b86a36-8e11-4571-a42e-6486fdbb4ee7', '1.7');
INSERT INTO "list_services"  VALUES ('813aaad8-6e4c-4877-ae2c-2a23df5921dd', '3b1e1874-dfb6-4f76-a31f-170d185b728a', 'd11c447e-fbcd-4ad7-906d-b64cd75887e4', '0.4');
INSERT INTO "list_services"  VALUES ('5e0cb2ca-caf1-4394-9221-33cb5c34aae4', 'b2bfd017-c318-471c-af75-d3d0a557f4e8', '1549b3b7-5cbc-464d-a9f7-2a0933462eca', '1.3');
INSERT INTO "list_services"  VALUES ('5272ff26-cc79-4ea6-a036-3c2e10ca2f5b', '05a46603-d616-4444-abe9-772f3ac919a2', '1e570dfc-7d2a-44bf-9755-a6e13b01c48c', '1.4');
INSERT INTO "list_services"  VALUES ('515716f8-e749-4538-a56a-18328a3b5bc9', '945b3bb5-f6c0-4828-a667-757c3f61a53a', '6090f73c-be89-4abe-a86e-23f88e2915dc', '0.8');
INSERT INTO "list_services"  VALUES ('cc686a04-6280-4078-bc3f-067141d77e9c', '84b69d75-eecb-4884-81f2-a76a265a16ac', 'c1a14c13-7292-45bc-bdd0-ae77508443ff', '1.7');
INSERT INTO "list_services"  VALUES ('43b6a3e3-43bf-404b-bfdb-a49a7fedce11', '49de2b03-f97f-4eb3-af3e-da8dd4c907b6', '6bf635c0-7c6b-4787-88d6-28c844563c96', '0.3');
INSERT INTO "list_services"  VALUES ('00c3a9a1-d76b-4cb5-89e6-75f6ec8305fb', '4e5278c1-3f5b-4166-983c-975514e7db05', '392d9062-2803-40e8-9460-9e45508ad6ee', '0.8');
INSERT INTO "list_services"  VALUES ('ddd88b79-f690-4e2e-9462-f16b5324c199', '53fa5451-9c75-4446-8b7b-3577fd760862', 'f0757b4d-6aee-4705-a575-19ec89c2849b', '1.0');
INSERT INTO "list_services"  VALUES ('ffbdb5eb-9f13-4e87-8307-edcab83a754a', 'd40a6d10-8c38-4843-a232-d8ec1727fad4', 'a38774fb-2868-4ce6-9913-367deded1b6f', '0.4');
INSERT INTO "list_services"  VALUES ('501463c2-2bdd-4a17-92e7-d90863cc9769', 'e9235aa0-e614-449b-8f30-35d5767f7a24', '75f5e968-ef05-4ecc-a124-250e755a4385', '1.1');
INSERT INTO "list_services"  VALUES ('e3f34397-15c6-4f11-a28f-6a0320161918', 'b2bfd017-c318-471c-af75-d3d0a557f4e8', '6fc1498e-141c-4fc6-89bf-8f5fc166d322', '1.9');
INSERT INTO "list_services"  VALUES ('c077d824-adce-4556-9512-8a38c70dbdbc', '637b066a-fc5f-4926-af27-83e108fab29a', 'ed2a417d-3ed8-4f5c-9940-f44c3f3544a0', '1.2');
INSERT INTO "list_services"  VALUES ('4c2d5029-3867-48f5-97ec-e307e75041de', '1de4c5b9-0879-4e87-bc04-63252d47dbe4', 'd11c447e-fbcd-4ad7-906d-b64cd75887e4', '1.5');
INSERT INTO "list_services"  VALUES ('726f0fc8-1fe9-44b6-a3e2-4e3886a33e0d', '191990d0-a78e-43fc-a460-8418da94b4ae', '2d74ac18-c7d1-464c-963d-62c5393cb7f7', '1.5');
INSERT INTO "list_services"  VALUES ('0a2af35a-f734-4b47-80b4-836b821ecd5d', '2fc74228-e70a-41d0-9367-c3b1a0b532a0', '6d6c5ed1-e0e1-49b3-9767-be2d06f403e4', '1.0');
INSERT INTO "list_services"  VALUES ('6fa738ef-c498-4e02-b691-dd88e844ffb4', '2733ccb4-f9af-40b0-99ab-f09135a0f8ba', 'a74fc8c8-ed74-42db-949a-8c15a045f3b7', '1.1');
INSERT INTO "list_services"  VALUES ('485d8f60-4282-49cd-a17c-81be6ca2bbb4', '28cf42ed-0137-4039-933a-ad4f126899b4', '277de502-e3ac-43df-97f0-9a47fa741fea', '1.1');
INSERT INTO "list_services"  VALUES ('49b306c3-9b44-463b-9135-a3982bd0117d', '5e19fa9d-3369-43c5-99df-3d5cd38b8f60', '525e715b-2d7c-48c1-8ceb-3c02d999c1a8', '0.8');
INSERT INTO "list_services"  VALUES ('1be3c3e6-842f-4458-81d1-f800756ffe41', 'f86319ab-0107-4c97-87ce-562558336367', '292ac526-92df-439e-a0d8-9893127cf6b9', '1.4');
INSERT INTO "list_services"  VALUES ('9a12efb3-b231-433f-9564-ede674254759', 'b0fcc0a0-7d80-4115-aefd-63f3a7a08ebe', '1549b3b7-5cbc-464d-a9f7-2a0933462eca', '0.8');
INSERT INTO "list_services"  VALUES ('d18f3be6-6682-4ea8-9d65-224618a5750e', 'd7a1d56a-02a6-4875-b2c9-cdc529dff8c4', '1bb27007-5ff3-4177-b146-9fb7f9e0eb97', '1.0');
INSERT INTO "list_services"  VALUES ('8cd1d0a5-5771-4f91-8f56-5c4d8ca588d6', '99891ee2-fe1f-4046-a349-7cd8ff8537a9', '1549b3b7-5cbc-464d-a9f7-2a0933462eca', '0.9');
INSERT INTO "list_services"  VALUES ('0290f623-4f51-4b83-9f46-91e469ebb5bd', 'a463c893-e613-4812-9093-23d81b8dee86', '94eb8eee-3f89-4f8e-9124-7d2dc4f2b180', '1.4');
INSERT INTO "list_services"  VALUES ('75b26214-496f-4185-837a-bd61ef9d937f', '67ac6d10-5844-4799-a455-f3072942ac03', '0a21c6c7-bdb2-49a3-a748-eacad17f6f69', '0.4');
INSERT INTO "list_services"  VALUES ('0db53068-a48c-49dc-9a63-f6f10d173070', '46f09b38-ed30-4ac3-a36a-7ecda07175cd', '7bc57542-2dea-44c2-800b-ce1975fc8bdb', '0.0');
INSERT INTO "list_services"  VALUES ('a81a073c-7477-40f4-8405-6b30787161d8', 'b0fcc0a0-7d80-4115-aefd-63f3a7a08ebe', 'c1a14c13-7292-45bc-bdd0-ae77508443ff', '0.8');
INSERT INTO "list_services"  VALUES ('cab316bf-9ee6-454f-acfa-aea8e0341be1', 'af2e04a6-1a28-44d9-baba-53f465f342c6', 'e5ed39b0-0825-4ad1-986e-0d5b92576a40', '1.2');
INSERT INTO "list_services"  VALUES ('1cf44dd8-9e82-4112-a903-51a278e06d9a', '298104e3-a165-4110-8fa5-773453a7caba', 'bfa36390-df38-4500-ae2e-edee2179398b', '0.4');
INSERT INTO "list_services"  VALUES ('fcddfe06-bf79-4c92-bc96-471c7eee2e63', '663bb62f-d27f-4199-92a8-cf88b54b0c72', '0a21c6c7-bdb2-49a3-a748-eacad17f6f69', '1.0');
INSERT INTO "list_services"  VALUES ('2241c060-2632-4e01-933a-edcfc21c9b61', 'f86319ab-0107-4c97-87ce-562558336367', 'ce17b66a-eac0-480c-983b-90207a131003', '1.4');
INSERT INTO "list_services"  VALUES ('caa9c0f9-0494-420e-89be-d4d8727c0150', '5cf11f35-192e-4b93-8ac7-e5ce882eedc3', 'd1364dba-9ef1-4a64-89b4-d87290926498', '1.2');
INSERT INTO "list_services"  VALUES ('5c6e8677-ca9b-4b24-bad8-394c0739c741', 'e89a3d4f-a585-4ccb-af31-70b3f7287591', '0314b33a-e5c8-413e-88d3-6b6b99086993', '0.6');
INSERT INTO "list_services"  VALUES ('c9d11e04-729a-49ad-bdd5-5926d7941780', 'ad2f6245-4983-46c0-a501-b8c30972abe9', '2b0c489d-a801-4d76-801f-1ffbdcebb8bc', '1.2');
INSERT INTO "list_services"  VALUES ('7e46c40e-6b76-44de-afb4-5fccb63b6899', '1de6179c-85c9-4d10-b643-5cf6996c3ae5', '40b1c074-326e-4860-80e9-af8c478952b7', '0.9');
INSERT INTO "list_services"  VALUES ('6d505c25-f2b1-4546-8f84-1bd5276ac160', '727b7cc2-8f26-482f-b16d-ad915f2f6a0e', '3e5d6881-5731-4e8b-9aae-ff17c54c85c5', '1.2');
INSERT INTO "list_services"  VALUES ('2451ec88-b7da-47d6-b7bd-e4bacf9fa468', '7bae7e56-2c30-4fa5-88e2-92ecde18555a', 'e5ed39b0-0825-4ad1-986e-0d5b92576a40', '0.9');
INSERT INTO "list_services"  VALUES ('fe3d4dcd-1c79-43a0-ab04-43685b41b733', 'f568b035-98bf-4ef3-9bdd-dba25271bb67', 'ed2a417d-3ed8-4f5c-9940-f44c3f3544a0', '1.6');
INSERT INTO "list_services"  VALUES ('6e14e731-58dc-49cc-b94c-f915cd8459b0', 'e957e18c-1c30-4cbd-8fd3-f18dcd18c59d', '75f5e968-ef05-4ecc-a124-250e755a4385', '1.5');
INSERT INTO "list_services"  VALUES ('57d331da-7666-455f-bc81-96a59cc22259', '9d5fbb3a-b0a6-4849-88c0-f70c61462993', 'a74fc8c8-ed74-42db-949a-8c15a045f3b7', '1.3');
INSERT INTO "list_services"  VALUES ('a0135f51-14c4-46c5-bb01-9c750ceb6706', '8dee759b-fc2e-4d25-b91c-249ffc971266', '469724d5-cea8-4faf-ad45-590ce10700ef', '1.2');
INSERT INTO "list_services"  VALUES ('7b56b2d3-65b3-4edf-a47c-a117380f83d5', 'd1c0218e-4b1a-4e0f-ad15-99ae34326194', '60b31f1d-2a9f-4baf-9123-78a53540c407', '0.7');
INSERT INTO "list_services"  VALUES ('5e0f2964-41cc-49f4-bde5-fb58e716e5dc', '670e3d94-42d2-4514-b239-190770ecc780', '7bc57542-2dea-44c2-800b-ce1975fc8bdb', '0.8');
INSERT INTO "list_services"  VALUES ('eadd6c0b-a022-4b4f-b32e-16b69c51fc24', '32bc0893-ca68-4248-8d4e-547afa442a89', '1bb27007-5ff3-4177-b146-9fb7f9e0eb97', '1.0');
INSERT INTO "list_services"  VALUES ('b125e5ee-6ad0-4fb7-9052-707d57c1c373', '98c7526c-96ba-4030-9fde-305fc7b64e20', '1bb27007-5ff3-4177-b146-9fb7f9e0eb97', '0.5');
INSERT INTO "list_services"  VALUES ('8527bef6-6bd5-4be0-85f8-a28e2d5f20b9', 'ac3adfc6-a70a-4ad1-a6a4-dba8c8aec1cb', '1bb27007-5ff3-4177-b146-9fb7f9e0eb97', '1.3');
INSERT INTO "list_services"  VALUES ('00255c9b-abc7-4cc0-9576-657e5312e80d', 'b2bfd017-c318-471c-af75-d3d0a557f4e8', '292ac526-92df-439e-a0d8-9893127cf6b9', '1.4');
INSERT INTO "list_services"  VALUES ('dc7073c4-1131-4960-ab9e-4449c4627ca5', '4db002d0-87a6-4153-9942-032928f78319', '2c8e295e-7a8c-426e-afd6-b217610fae16', '0.8');
INSERT INTO "list_services"  VALUES ('db6ca6c8-56cd-430b-9cef-93f202b942b1', 'a5172181-2dff-4e72-8c4b-ff0358bf3496', '2a32d4e1-b2d8-413e-994f-326cde8228d3', '0.9');
INSERT INTO "list_services"  VALUES ('3cc3cc01-8829-4c42-9ed6-502965deae5d', '727b7cc2-8f26-482f-b16d-ad915f2f6a0e', '1bb27007-5ff3-4177-b146-9fb7f9e0eb97', '1.2');
INSERT INTO "list_services"  VALUES ('2002e33e-dfb8-4feb-91b3-c4cdba590fb4', '96cf4f55-0957-4a14-b679-9fbff6f9c3bc', 'd11c447e-fbcd-4ad7-906d-b64cd75887e4', '1.6');
INSERT INTO "list_services"  VALUES ('d2906546-37c5-4b31-8fc9-e05314f7897d', 'b0fcc0a0-7d80-4115-aefd-63f3a7a08ebe', '40b1c074-326e-4860-80e9-af8c478952b7', '1.0');
INSERT INTO "list_services"  VALUES ('19a2b26a-e154-4da1-885b-835ee9270323', 'f5e5ccbc-5d3c-4765-9a2b-fea8e1cbfee7', '45194bdd-af73-4a04-951b-ed9582f469fd', '0.7');
INSERT INTO "list_services"  VALUES ('95c21516-a85d-4512-b201-8a5f19dafa91', 'd28c294a-86a6-4cf1-9d1b-f5f50ad7a8cb', 'd1364dba-9ef1-4a64-89b4-d87290926498', '1.0');
INSERT INTO "list_services"  VALUES ('7f19c13e-39f3-4fb6-8ceb-df589bdd6c0a', '6e621c16-7e10-4202-86c7-f3f2849f293f', '0314b33a-e5c8-413e-88d3-6b6b99086993', '1.2');
INSERT INTO "list_services"  VALUES ('9b95cc62-84c6-4d08-93ad-de2e4c46869a', '83d4af80-cd1e-43b3-9c9e-f58f18366f72', 'b2b86a36-8e11-4571-a42e-6486fdbb4ee7', '0.8');
INSERT INTO "list_services"  VALUES ('ff93ae8b-53fd-4743-80e2-ad692f6f6bb4', '191990d0-a78e-43fc-a460-8418da94b4ae', 'e025bd1c-f56e-4f18-b1ba-fe6bf6551f9c', '1.3');
INSERT INTO "list_services"  VALUES ('fb7c233d-14b9-46eb-9917-752e3bb85621', 'd7a1d56a-02a6-4875-b2c9-cdc529dff8c4', '7bc57542-2dea-44c2-800b-ce1975fc8bdb', '1.0');
INSERT INTO "list_services"  VALUES ('7ac725d1-55a3-4414-b3ac-a3f8871439b8', '87c7b27a-2de8-4b04-a4bd-afb3415b369d', '48999bbf-6802-4edd-a687-ee198c473498', '0.6');
INSERT INTO "list_services"  VALUES ('007d11c9-e781-49ab-bd5d-e3bff8b44921', '4d782477-0e27-4aab-915f-8f0ea43b5331', '69a0c04b-4ab9-46b7-809c-59a6f9ef8e2f', '1.6');
INSERT INTO "list_services"  VALUES ('82169d14-7dd5-4c10-b08a-e39efb5c2b04', 'ca7d43c3-4b3d-411e-a3c2-34b88e0cb0f3', '6fc1498e-141c-4fc6-89bf-8f5fc166d322', '0.6');
INSERT INTO "list_services"  VALUES ('7c681ed3-3986-4df2-9f9a-79af9de50dba', '404d8dde-6f81-43e4-992b-c1d7379bceaa', '98cbfb4b-eea6-4c86-b1ed-c1179d9f4d4e', '0.9');
INSERT INTO "list_services"  VALUES ('6d1a0de3-f4bd-4f8f-bcba-e6bc8ad83435', '66db378b-5397-49da-93cb-b0e5e2a76dbf', '113b2050-615c-4b03-96a5-783852f8a347', '0.9');
INSERT INTO "list_services"  VALUES ('7a965ad4-0a6d-44e2-a6ce-aeba419dc631', '28cf42ed-0137-4039-933a-ad4f126899b4', '6d577b1d-11f9-4180-b972-7620ade8eefb', '1.2');
INSERT INTO "list_services"  VALUES ('b115f93a-1011-417e-9339-e55424329e2d', '6ac16015-e948-4117-be69-cd4f708b93ec', 'adcd25d4-7233-4ca4-b5ab-fd3c2dbe4f59', '1.7');
INSERT INTO "list_services"  VALUES ('f572c37a-eebf-4840-afc0-4c717f527eb4', 'd1c0218e-4b1a-4e0f-ad15-99ae34326194', '2b0c489d-a801-4d76-801f-1ffbdcebb8bc', '0.7');
INSERT INTO "list_services"  VALUES ('3ac42448-d521-4a1b-a160-af090aeed3df', 'a75206e5-8c9d-4d66-bc79-d27f5b39324e', 'f0757b4d-6aee-4705-a575-19ec89c2849b', '0.8');
INSERT INTO "list_services"  VALUES ('bc60c601-5843-4bdd-ba9d-0535f6efe6d6', '4977e8fd-80fe-4f74-8de0-ed5dde9234ca', '48999bbf-6802-4edd-a687-ee198c473498', '0.7');
INSERT INTO "list_services"  VALUES ('b9cca7eb-b21e-489a-b614-d704253c97a5', '3958cc68-1c6d-4b8d-bd0b-748cfbb41a60', '292ac526-92df-439e-a0d8-9893127cf6b9', '0.1');
INSERT INTO "list_services"  VALUES ('47c6096f-2ce1-4b91-9c6b-822a058a414b', '69eeb2cb-c5ce-46bb-ab32-ae561d41619f', 'ccc10cb4-d136-4d0f-848c-19702972d6c8', '0.9');
INSERT INTO "list_services"  VALUES ('6991db17-db2b-4032-96b9-2b99ecb8c0bf', 'bfe109eb-70a4-4dd9-95de-0dd3ad580c86', '94eb8eee-3f89-4f8e-9124-7d2dc4f2b180', '0.1');
INSERT INTO "list_services"  VALUES ('ddd7370a-f74a-4929-a7f0-46fe4c718f62', '77ef830d-3297-4e80-9991-897ad6598f97', '2c8e295e-7a8c-426e-afd6-b217610fae16', '1.2');
INSERT INTO "list_services"  VALUES ('8cf34200-82dd-4c34-a53e-548463d6347a', 'd40a6d10-8c38-4843-a232-d8ec1727fad4', 'e5ed39b0-0825-4ad1-986e-0d5b92576a40', '1.3');
INSERT INTO "list_services"  VALUES ('2d3bb4a8-8f46-4162-b88f-47e266512aa0', '432f9244-d5a1-4cab-9cd6-8080eec2674d', '113b2050-615c-4b03-96a5-783852f8a347', '1.7');
INSERT INTO "list_services"  VALUES ('96b9df7f-c27f-4c3e-973b-18389744a344', 'ee4946d5-9f98-4a77-82bd-469651b73d1f', '277de502-e3ac-43df-97f0-9a47fa741fea', '1.0');
INSERT INTO "list_services"  VALUES ('8f6d933f-e739-44a9-8463-c94c14fdd0d1', '605e745a-d053-4c64-bfa0-b6a078567a49', 'b4f5caaa-a580-419f-93fb-ad8ec680359c', '1.0');
INSERT INTO "list_services"  VALUES ('e873fe33-0830-43e9-98f8-91b60e919e78', 'd7a1d56a-02a6-4875-b2c9-cdc529dff8c4', '292ac526-92df-439e-a0d8-9893127cf6b9', '0.9');
INSERT INTO "list_services"  VALUES ('8a4b5905-5c74-4a9f-899a-eaacbdc64674', '432f9244-d5a1-4cab-9cd6-8080eec2674d', '7bc57542-2dea-44c2-800b-ce1975fc8bdb', '1.3');
INSERT INTO "list_services"  VALUES ('c5f942b1-e60b-4339-8484-58c15b24175e', '95d784d2-24c5-4f1c-bd93-81171d7dfff3', 'cf53f2eb-0b72-4722-84bf-cc9402346b03', '1.3');
INSERT INTO "list_services"  VALUES ('a7bfd575-6f98-4b89-bd47-cd775e954685', '49de2b03-f97f-4eb3-af3e-da8dd4c907b6', 'f0757b4d-6aee-4705-a575-19ec89c2849b', '1.2');
INSERT INTO "list_services"  VALUES ('7aead369-7d90-42f7-8f66-47df70f128d4', '590b98fa-1af0-47f8-a18c-08912a5861c2', '69a0c04b-4ab9-46b7-809c-59a6f9ef8e2f', '1.9');
INSERT INTO "list_services"  VALUES ('340cca94-7220-446e-8352-39b35def3476', '88baadc0-4669-458e-849a-17a1276be85c', '8c946a02-466a-4afb-b8ca-4238382fc37e', '1.7');
INSERT INTO "list_services"  VALUES ('fed95ea7-5c46-4bb8-9d12-da58e5e568d4', 'ac91410b-fa22-4615-b056-0334d31ea5bf', 'e96f3ab9-4bb5-4714-aa51-9e2eadc42510', '0.5');
INSERT INTO "list_services"  VALUES ('16ef17aa-a7f2-44d9-8111-b85d52dc32b8', '2bd547d4-99b9-43fc-8c71-b6f39cefadfb', 'd11c447e-fbcd-4ad7-906d-b64cd75887e4', '1.3');
INSERT INTO "list_services"  VALUES ('0df209b8-ebf3-409c-9dfe-56b9a99cfc29', '216cec14-a654-4a47-91c2-ab84f266866b', '0a21c6c7-bdb2-49a3-a748-eacad17f6f69', '1.3');
INSERT INTO "list_services"  VALUES ('46d73c6e-6954-458f-b27c-62051df9a1b2', '88baadc0-4669-458e-849a-17a1276be85c', 'bfa36390-df38-4500-ae2e-edee2179398b', '1.5');
INSERT INTO "list_services"  VALUES ('5190709b-5092-487c-aeca-37e36d02943c', '88baadc0-4669-458e-849a-17a1276be85c', '3f25e9a7-640b-4aa9-9cb4-03b15494ef11', '0.6');
INSERT INTO "list_services"  VALUES ('9fb1f75d-9201-4d17-b9e6-5b2dba7bf3d6', '4e5278c1-3f5b-4166-983c-975514e7db05', '69a0c04b-4ab9-46b7-809c-59a6f9ef8e2f', '1.5');
INSERT INTO "list_services"  VALUES ('ba3ef7ed-2bd1-4e75-a293-0dab07cca806', 'd28f5d64-b34c-40dc-9565-246197c1c2b1', '60b31f1d-2a9f-4baf-9123-78a53540c407', '1.1');
INSERT INTO "list_services"  VALUES ('9aa34454-e6a6-4c71-89e9-6dc8f707530a', '21e09bcb-888e-4081-b2b7-1c8d778b831d', '67c17539-8dd5-403d-b03a-7d95eb128eb2', '1.1');
INSERT INTO "list_services"  VALUES ('d785e5ac-ed93-4af5-8e09-632d940e213b', 'd40a6d10-8c38-4843-a232-d8ec1727fad4', '0314b33a-e5c8-413e-88d3-6b6b99086993', '1.4');
INSERT INTO "list_services"  VALUES ('7aa45c4a-1d7d-4bbd-82c6-48f071402826', '9d5fbb3a-b0a6-4849-88c0-f70c61462993', '75f5e968-ef05-4ecc-a124-250e755a4385', '1.1');
INSERT INTO "list_services"  VALUES ('c2873304-34f0-4082-b81f-dfaaae5e5b6e', 'f95f0cae-cea0-4eff-aa68-fd9258124eb9', 'adcd25d4-7233-4ca4-b5ab-fd3c2dbe4f59', '0.8');
INSERT INTO "list_services"  VALUES ('c9e9bd21-7daa-4b9a-9ee9-8011ad8f8d32', 'b8d8cd26-9e3c-43ea-99e2-4696e823122d', 'c0eebf97-a3cc-41e6-b2f9-8315595f4ac1', '0.8');
INSERT INTO "list_services"  VALUES ('08125c9d-897d-4c58-b930-b5fa45c8eb8f', 'e11e9718-3d3a-41f9-a13a-66c2a03c9280', '1549b3b7-5cbc-464d-a9f7-2a0933462eca', '0.7');
INSERT INTO "list_services"  VALUES ('d64c240b-83a4-40e9-b3fe-3e3648a5529e', '9a42ac3d-9d11-40f7-88aa-1964c2a0d221', '277de502-e3ac-43df-97f0-9a47fa741fea', '0.5');
INSERT INTO "list_services"  VALUES ('13c7895e-23d9-4ff8-9562-0b48859b2e5b', '596eb8fe-4777-4d29-8696-4aef7883a4a8', '7bc57542-2dea-44c2-800b-ce1975fc8bdb', '0.6');
INSERT INTO "list_services"  VALUES ('48037963-f242-4e8c-94bc-62904e11ee73', 'fb645f34-d187-4237-902c-24ccf972b5bb', 'cd386c79-0d47-4f76-9170-b0fe9f2aec11', '1.1');
INSERT INTO "list_services"  VALUES ('967d9d0d-70c2-4f18-a15e-d095d9ab707e', 'fcbe16c8-612a-4d93-9dc5-71fc29fa78f4', 'a38774fb-2868-4ce6-9913-367deded1b6f', '1.2');
INSERT INTO "list_services"  VALUES ('769f1e2c-ed79-4b3b-ab05-025a333bb96b', 'ac91410b-fa22-4615-b056-0334d31ea5bf', '67c17539-8dd5-403d-b03a-7d95eb128eb2', '1.3');
INSERT INTO "list_services"  VALUES ('8ece051b-c467-49bc-87af-1bfb99c62fb5', '4f799bdc-12a5-4713-b3a5-1daff47dce15', 'f0757b4d-6aee-4705-a575-19ec89c2849b', '0.8');
INSERT INTO "list_services"  VALUES ('856846c1-3b85-45ee-bb64-88e81c7a9197', '286908b6-a97d-48f8-bf21-84e49f86ff2b', '1fd7a2c1-43e3-4ad2-b9e8-4fbf39e33714', '0.9');
INSERT INTO "list_services"  VALUES ('1cb09718-d384-46b9-a992-d3f9e0ac5be7', 'b05be28d-2c6d-406b-a13b-ab8e823eec19', 'e5ed39b0-0825-4ad1-986e-0d5b92576a40', '1.3');
INSERT INTO "list_services"  VALUES ('1fce19dc-43c4-4b53-a4d7-eeae6534a145', '2fc74228-e70a-41d0-9367-c3b1a0b532a0', '6082e4c4-6135-4ba5-bbb5-5f477967e4a5', '0.8');
INSERT INTO "list_services"  VALUES ('c8efc5fe-6519-4792-a2b1-3119f4abedbd', '9d5fbb3a-b0a6-4849-88c0-f70c61462993', '1fd7a2c1-43e3-4ad2-b9e8-4fbf39e33714', '1.4');
INSERT INTO "list_services"  VALUES ('3bbb76b7-5e3e-43fe-8ac1-37cc2a1ccf90', 'ce74c39f-b7a4-4663-8581-3b7773aac3a2', '6d6c5ed1-e0e1-49b3-9767-be2d06f403e4', '1.3');
INSERT INTO "list_services"  VALUES ('0450b3cd-b9d8-4113-95a1-c157cb79f5d6', 'cbbe0efc-8598-45cf-bd26-2d5f3bb655bf', '3e5d6881-5731-4e8b-9aae-ff17c54c85c5', '0.8');
INSERT INTO "list_services"  VALUES ('ba34611f-7e5f-488b-8cf7-f1ac85965065', 'aee9bd1b-4c21-427b-84fc-24c99b5b978b', '7bc57542-2dea-44c2-800b-ce1975fc8bdb', '1.1');
INSERT INTO "list_services"  VALUES ('86ec3bad-9458-4e72-9007-567eb827910a', 'ed51c57d-5a36-4b00-82dd-2d5b203b8814', '525e715b-2d7c-48c1-8ceb-3c02d999c1a8', '0.7');
INSERT INTO "list_services"  VALUES ('c4318b21-d45b-44f9-bc1b-8c4b461b58f4', '28cf42ed-0137-4039-933a-ad4f126899b4', 'cf53f2eb-0b72-4722-84bf-cc9402346b03', '0.9');
INSERT INTO "list_services"  VALUES ('2d4aaeec-e2e7-4e19-be95-23dc09807851', '42c95009-abe7-47bd-80ec-f2f31a2156d1', '1e570dfc-7d2a-44bf-9755-a6e13b01c48c', '0.6');
INSERT INTO "list_services"  VALUES ('58a2781b-20ec-4204-aee0-0ebf7780927e', '7850e984-2050-4968-a97a-d60874ab0f1d', 'f0757b4d-6aee-4705-a575-19ec89c2849b', '0.4');
INSERT INTO "list_services"  VALUES ('5bf82e0e-976f-40e4-ad15-cb79ebc7a91b', 'adffa746-af19-4d0d-8a5b-acdab7318356', '1549b3b7-5cbc-464d-a9f7-2a0933462eca', '1.5');
INSERT INTO "list_services"  VALUES ('03107255-023a-4239-a6c7-f74d4c90943c', 'd0bc5927-f8cb-4e19-adcc-176c50dccbcf', 'b2b86a36-8e11-4571-a42e-6486fdbb4ee7', '0.9');
INSERT INTO "list_services"  VALUES ('390f579d-1df6-40cd-825f-cd1386ee78b9', '50275096-6861-438b-b24f-8e5b203db26a', '69a0c04b-4ab9-46b7-809c-59a6f9ef8e2f', '1.0');
INSERT INTO "list_services"  VALUES ('1df0e400-0347-4b3e-8271-2d01cd361392', 'aaf9b39b-6b25-4578-8f5d-fcf6b9355413', 'bb03b88e-bcc9-430a-a28e-c03ce8afa68f', '1.1');
INSERT INTO "list_services"  VALUES ('84583870-90f8-4bf3-87cd-b90b25624914', '20c94fb0-a168-4f98-b131-e6bf162316c4', 'e5ed39b0-0825-4ad1-986e-0d5b92576a40', '1.5');
INSERT INTO "list_services"  VALUES ('8f89cf8d-8875-4187-88f4-5e9e5a06eb48', '88baadc0-4669-458e-849a-17a1276be85c', 'e5ed39b0-0825-4ad1-986e-0d5b92576a40', '1.2');
INSERT INTO "list_services"  VALUES ('18918886-e748-4638-99d8-d8814a981207', '45409141-c8e7-4177-9575-101b3676bc9f', 'ce17b66a-eac0-480c-983b-90207a131003', '0.9');
INSERT INTO "list_services"  VALUES ('f62c8eb1-bdf6-4638-8542-d1ac84f84f85', '1673c8dd-6736-4aa9-a0df-4033e15a5f52', '525e715b-2d7c-48c1-8ceb-3c02d999c1a8', '1.3');
INSERT INTO "list_services"  VALUES ('b7b6a06e-9d1e-4010-974d-806031e92d44', 'a4b47585-4bfc-45a0-a14c-c8b6511be6f5', 'a38774fb-2868-4ce6-9913-367deded1b6f', '0.8');
INSERT INTO "list_services"  VALUES ('0bf99451-5c55-4866-b1b9-9cf6aaa112c3', '45409141-c8e7-4177-9575-101b3676bc9f', '0075c6cd-0f4e-48b4-91b9-ffb26c6f824b', '1.6');
INSERT INTO "list_services"  VALUES ('43f4d2b4-92c7-433e-bb84-a5f0712c76eb', '518f05d1-eb7a-4cd1-9922-894ad9295208', 'a38774fb-2868-4ce6-9913-367deded1b6f', '0.4');
INSERT INTO "list_services"  VALUES ('36543234-3941-4b9c-9af9-d7827a7127e8', 'f95f0cae-cea0-4eff-aa68-fd9258124eb9', 'b4f5caaa-a580-419f-93fb-ad8ec680359c', '1.4');
INSERT INTO "list_services"  VALUES ('652bda6e-1046-4771-a590-f405704ca928', '6ac16015-e948-4117-be69-cd4f708b93ec', 'ccc10cb4-d136-4d0f-848c-19702972d6c8', '0.9');
INSERT INTO "list_services"  VALUES ('442d22a7-3183-44b7-84f8-8907b5980ed9', '46f09b38-ed30-4ac3-a36a-7ecda07175cd', '75f5e968-ef05-4ecc-a124-250e755a4385', '1.0');
INSERT INTO "list_services"  VALUES ('b5368ad2-272d-409a-97aa-806a5a1c2ad2', 'ed51c57d-5a36-4b00-82dd-2d5b203b8814', 'f0757b4d-6aee-4705-a575-19ec89c2849b', '1.1');
INSERT INTO "list_services"  VALUES ('03701aed-8572-4071-8f1e-14a399bb6996', 'fb914b4f-6b8f-4182-ad21-cf7b4f8d5e32', '7bc57542-2dea-44c2-800b-ce1975fc8bdb', '0.7');
INSERT INTO "list_services"  VALUES ('fc69eb4f-91f9-4695-ad4a-b28ed7b28e96', 'd1c0218e-4b1a-4e0f-ad15-99ae34326194', '277de502-e3ac-43df-97f0-9a47fa741fea', '1.3');
INSERT INTO "list_services"  VALUES ('22ab7aab-5af3-4933-b31a-b32c8bc1d1da', 'd34e030b-fd45-4af9-b403-3e8ffa5b097f', '6fc1498e-141c-4fc6-89bf-8f5fc166d322', '0.5');
INSERT INTO "list_services"  VALUES ('2633f913-f46e-4a05-8b5f-b0569e7ea29b', '169a0e11-70f9-4c30-a7fd-e55c32d3cd20', 'e96f3ab9-4bb5-4714-aa51-9e2eadc42510', '1.1');
INSERT INTO "list_services"  VALUES ('b605f18c-ae2f-4ecb-8a01-26c7180634cc', '432f9244-d5a1-4cab-9cd6-8080eec2674d', '67c17539-8dd5-403d-b03a-7d95eb128eb2', '0.6');
INSERT INTO "list_services"  VALUES ('a7975d4c-eee6-4656-84e9-0d8097154a5d', 'cdeaab90-a83b-4f1b-ba00-ab8f5df6d803', '841edb67-3d1d-4697-9891-b2c932ca0d5f', '0.9');
INSERT INTO "list_services"  VALUES ('eb2f8d26-7183-4c1e-9c69-1daa6c21e1c8', 'be1080cd-3db4-45b1-affa-570b08fccf14', 'ed2a417d-3ed8-4f5c-9940-f44c3f3544a0', '1.2');
INSERT INTO "list_services"  VALUES ('1e5625d6-42de-44df-a0b2-9c6b41d3eaa0', '1d0d058f-4d91-4100-9232-6eee3bdd1d88', '0075c6cd-0f4e-48b4-91b9-ffb26c6f824b', '1.6');
INSERT INTO "list_services"  VALUES ('c5d5be7c-b5bb-4b5b-adda-a8214e4501c7', '21e09bcb-888e-4081-b2b7-1c8d778b831d', '0075c6cd-0f4e-48b4-91b9-ffb26c6f824b', '0.5');
INSERT INTO "list_services"  VALUES ('bcf947cb-c182-46a2-8eb3-7b57ffd37f3d', '147e31cb-a069-4f6a-8a2a-6cade8efb360', '392d9062-2803-40e8-9460-9e45508ad6ee', '1.0');
INSERT INTO "list_services"  VALUES ('b0d43204-8dee-407a-8ed9-6d580cb42121', 'ac3adfc6-a70a-4ad1-a6a4-dba8c8aec1cb', 'bb03b88e-bcc9-430a-a28e-c03ce8afa68f', '0.7');
INSERT INTO "list_services"  VALUES ('c9114dd7-c2a4-41ea-9192-27714eb10236', '6ac16015-e948-4117-be69-cd4f708b93ec', '6d6c5ed1-e0e1-49b3-9767-be2d06f403e4', '0.7');
INSERT INTO "list_services"  VALUES ('a735defd-57cd-4dbc-99bf-f757e454c9ee', '60d1610a-99a0-4e6c-9cdb-c5b0d7a1a7f1', 'a38774fb-2868-4ce6-9913-367deded1b6f', '1.6');
INSERT INTO "list_services"  VALUES ('5e228e25-a455-44a5-ace8-050dfddd6279', '720306e6-09e0-41e0-b5ad-f1669c939d95', '1bb27007-5ff3-4177-b146-9fb7f9e0eb97', '0.8');
INSERT INTO "list_services"  VALUES ('96d8f7fa-bccd-4212-a165-f6ebfa6c0e38', '7e9e0e02-19a7-47e5-ab85-c105fed0b677', '75f5e968-ef05-4ecc-a124-250e755a4385', '1.1');
INSERT INTO "list_services"  VALUES ('6050905b-9af3-4378-a1d4-47b18a49a77e', '363a1a75-5c40-4553-a217-dc11b21cedb4', '6090f73c-be89-4abe-a86e-23f88e2915dc', '1.2');
INSERT INTO "list_services"  VALUES ('61bb45f6-4985-4846-bbf5-53e81aa41d40', '1673c8dd-6736-4aa9-a0df-4033e15a5f52', '75f5e968-ef05-4ecc-a124-250e755a4385', '1.3');
INSERT INTO "list_services"  VALUES ('1031f370-4f2b-42fd-9be1-dd096f334e5c', 'db71e695-7b8e-4616-937b-236872e01d17', 'f6bdd407-fc03-46b2-85b9-0129168b7795', '1.6');
INSERT INTO "list_services"  VALUES ('2d6f9df3-3a1e-432b-bf1a-89a8ac9d30d7', 'ac91410b-fa22-4615-b056-0334d31ea5bf', '0314b33a-e5c8-413e-88d3-6b6b99086993', '1.7');
INSERT INTO "list_services"  VALUES ('e8a001c7-2f85-4c26-aa40-7abd10bca613', 'ac3adfc6-a70a-4ad1-a6a4-dba8c8aec1cb', '292ac526-92df-439e-a0d8-9893127cf6b9', '0.9');
INSERT INTO "list_services"  VALUES ('13e1a59d-692a-47d6-b96f-3af86136f35f', '69eeb2cb-c5ce-46bb-ab32-ae561d41619f', '1fd7a2c1-43e3-4ad2-b9e8-4fbf39e33714', '1.0');
INSERT INTO "list_services"  VALUES ('16bb59e1-a1d5-4ca7-a7c2-38e004948239', '3e9d5a69-23d2-4770-a080-0b7590ef5c04', 'a74fc8c8-ed74-42db-949a-8c15a045f3b7', '0.6');
INSERT INTO "list_services"  VALUES ('1f8de30d-f352-4a11-8bfa-e516ea2f3c84', 'a9e5891a-694b-49c1-9f1f-be73d4d3a2d4', 'f6bdd407-fc03-46b2-85b9-0129168b7795', '0.5');
INSERT INTO "list_services"  VALUES ('4ee50d26-db7a-4865-90de-ccabfd8df98c', 'b0fcc0a0-7d80-4115-aefd-63f3a7a08ebe', '67c17539-8dd5-403d-b03a-7d95eb128eb2', '0.3');
INSERT INTO "list_services"  VALUES ('91d5486e-b2ef-4ad8-83db-c3b13b05e385', '43aa66c8-0c98-4c94-a2c0-6a4707326426', '6c767349-a5b7-4dd2-b9c7-8525346a3c88', '1.0');
INSERT INTO "list_services"  VALUES ('a8db010f-346b-48a8-b21c-c32ec8b85f55', 'a463c893-e613-4812-9093-23d81b8dee86', 'f6bdd407-fc03-46b2-85b9-0129168b7795', '0.8');
INSERT INTO "list_services"  VALUES ('7db1b7c1-89a7-4fd4-bef2-f229b655d0ee', '663bb62f-d27f-4199-92a8-cf88b54b0c72', '69a0c04b-4ab9-46b7-809c-59a6f9ef8e2f', '1.3');
INSERT INTO "list_services"  VALUES ('eb54d143-b0d8-4cce-9c32-9ad5561ccc5f', '80188640-748e-43da-a9ca-faa0e257b8f7', '1549b3b7-5cbc-464d-a9f7-2a0933462eca', '1.0');
INSERT INTO "list_services"  VALUES ('d12c1248-14e3-4700-839d-3c8635fa5133', '4e5278c1-3f5b-4166-983c-975514e7db05', '3f25e9a7-640b-4aa9-9cb4-03b15494ef11', '1.3');
INSERT INTO "list_services"  VALUES ('d24395bb-2d9b-41ef-b4f2-b46afb116fe6', '7e9e0e02-19a7-47e5-ab85-c105fed0b677', '0314b33a-e5c8-413e-88d3-6b6b99086993', '0.3');
INSERT INTO "list_services"  VALUES ('3fdc4c3a-219f-45a9-96cf-8b8aeeae3b01', '4f56ee47-a43d-4bfe-ae5d-8b0f9539b6c1', '94eb8eee-3f89-4f8e-9124-7d2dc4f2b180', '1.0');
INSERT INTO "list_services"  VALUES ('32f56a09-dd90-417d-9cc8-594b0f564cea', '4ffbd619-0779-4008-a9c2-630a0c66e599', 'c1a14c13-7292-45bc-bdd0-ae77508443ff', '1.0');
INSERT INTO "list_services"  VALUES ('ee644340-7099-413f-8590-ad0de78b17e1', 'af5e73c0-f9e3-43ad-84e2-025163a7748c', 'eebfbd78-5732-4950-afef-3be4773ba49a', '1.8');
INSERT INTO "list_services"  VALUES ('0c716198-924a-4f93-8b5f-49cd0c768373', '363a1a75-5c40-4553-a217-dc11b21cedb4', '3f25e9a7-640b-4aa9-9cb4-03b15494ef11', '0.8');
INSERT INTO "list_services"  VALUES ('723ddb2e-a781-4f9a-9c55-f9d36fd93463', '0c6ae966-a915-4fe2-8ac7-37915b3dbbe1', 'cf53f2eb-0b72-4722-84bf-cc9402346b03', '0.4');
INSERT INTO "list_services"  VALUES ('42f99c7c-26d3-48a6-81c4-c49ac62aed32', '9d5fbb3a-b0a6-4849-88c0-f70c61462993', '1c432216-44e1-44fd-b067-dcba1f58870b', '0.9');
INSERT INTO "list_services"  VALUES ('a3b4904e-0780-4c28-b01b-39bf0141c264', 'a33baaf2-b914-44cd-a8ac-a77a86c10574', '2b0c489d-a801-4d76-801f-1ffbdcebb8bc', '0.9');
INSERT INTO "list_services"  VALUES ('df46f0c1-4e40-4523-abd7-a82aad2dd96b', '96cf4f55-0957-4a14-b679-9fbff6f9c3bc', 'd1364dba-9ef1-4a64-89b4-d87290926498', '1.2');
INSERT INTO "list_services"  VALUES ('d654ded4-da5c-4c4d-a610-a364be32829b', '05f2d46b-11cb-4584-b049-b65ba5dfc789', '0a21c6c7-bdb2-49a3-a748-eacad17f6f69', '1.7');
INSERT INTO "list_services"  VALUES ('49affa72-d3fc-440a-9496-b91abe64d758', '84b69d75-eecb-4884-81f2-a76a265a16ac', 'f0757b4d-6aee-4705-a575-19ec89c2849b', '1.3');
INSERT INTO "list_services"  VALUES ('c4ccc134-a256-4f31-9072-329d23b51cb0', 'e0ecdc06-cf2b-44a0-ad4f-c5a475826a58', 'bfa36390-df38-4500-ae2e-edee2179398b', '1.4');
INSERT INTO "list_services"  VALUES ('7ff9e17e-f202-4c10-accc-1067a001b1ab', '20c94fb0-a168-4f98-b131-e6bf162316c4', 'b2b86a36-8e11-4571-a42e-6486fdbb4ee7', '1.2');
INSERT INTO "list_services"  VALUES ('c6a06c3e-d5bb-4e98-88a8-38a8bc1230a1', '4db002d0-87a6-4153-9942-032928f78319', '75f5e968-ef05-4ecc-a124-250e755a4385', '1.5');
INSERT INTO "list_services"  VALUES ('80288926-c238-4ce8-8189-2260d4855517', 'be1080cd-3db4-45b1-affa-570b08fccf14', '6090f73c-be89-4abe-a86e-23f88e2915dc', '1.1');
INSERT INTO "list_services"  VALUES ('e74c8398-b800-42c7-abb5-6f63acf00228', 'ce74c39f-b7a4-4663-8581-3b7773aac3a2', '3f25e9a7-640b-4aa9-9cb4-03b15494ef11', '1.4');
INSERT INTO "list_services"  VALUES ('32db160f-1e26-44cf-8182-22a08380b8cc', 'e5f773c9-2eb8-4574-9f19-2bd394f1a6fb', '277de502-e3ac-43df-97f0-9a47fa741fea', '0.9');
INSERT INTO "list_services"  VALUES ('368789e9-1c15-4db1-80d7-8bb27da3e068', 'aee9bd1b-4c21-427b-84fc-24c99b5b978b', '292ac526-92df-439e-a0d8-9893127cf6b9', '0.6');
INSERT INTO "list_services"  VALUES ('0e0f6748-c10b-46e9-b650-7a8fa69d17f4', '1847fe52-ee00-45b1-8949-c2e882a40e9b', 'e025bd1c-f56e-4f18-b1ba-fe6bf6551f9c', '1.3');
INSERT INTO "list_services"  VALUES ('3047d213-080c-4494-bd55-42eb724006d0', '95d784d2-24c5-4f1c-bd93-81171d7dfff3', 'd1364dba-9ef1-4a64-89b4-d87290926498', '1.0');
INSERT INTO "list_services"  VALUES ('8c8c13c5-e6bc-4dec-8e35-060dcdf17ab1', '1de4c5b9-0879-4e87-bc04-63252d47dbe4', '8c946a02-466a-4afb-b8ca-4238382fc37e', '0.7');
INSERT INTO "list_services"  VALUES ('3cf17d7a-cb78-4096-abe0-27d4c8050e3e', '286908b6-a97d-48f8-bf21-84e49f86ff2b', 'cf53f2eb-0b72-4722-84bf-cc9402346b03', '0.7');
INSERT INTO "list_services"  VALUES ('ee29db26-9541-4cf8-bb74-b95a14ad3c7e', 'c64072e3-7dea-4060-a6d7-a8cd9b262df4', '3e5d6881-5731-4e8b-9aae-ff17c54c85c5', '1.2');
INSERT INTO "list_services"  VALUES ('386409a8-cdb0-4ea8-beca-5ccc4a1c47f6', '4b122ad5-d313-402b-922e-f2ba85e56260', '2a32d4e1-b2d8-413e-994f-326cde8228d3', '1.0');
INSERT INTO "list_services"  VALUES ('90ca1f35-6663-475b-a92f-a796115cfb7b', '67ac6d10-5844-4799-a455-f3072942ac03', '3e5d6881-5731-4e8b-9aae-ff17c54c85c5', '0.5');
INSERT INTO "list_services"  VALUES ('073804b6-0940-4c08-9567-7d422fcb1f61', 'b9154842-cba8-404a-8e4e-431fa671e9c8', '6082e4c4-6135-4ba5-bbb5-5f477967e4a5', '0.4');
INSERT INTO "list_services"  VALUES ('b5e91b9e-f53e-415d-b5ad-119c2847b839', '53fa5451-9c75-4446-8b7b-3577fd760862', '841edb67-3d1d-4697-9891-b2c932ca0d5f', '1.1');
INSERT INTO "list_services"  VALUES ('604f37f2-45eb-4bb4-a041-e66f3e5c38bd', '4ffbd619-0779-4008-a9c2-630a0c66e599', 'ce17b66a-eac0-480c-983b-90207a131003', '1.6');
INSERT INTO "list_services"  VALUES ('f0c39dc6-69e8-46a6-add4-e172c4504ecf', '45409141-c8e7-4177-9575-101b3676bc9f', 'd1364dba-9ef1-4a64-89b4-d87290926498', '2.0');
INSERT INTO "list_services"  VALUES ('1d4b8543-0823-4e7d-9640-063d4f03c5b7', '7e4845e9-13d8-4a27-90a2-1dd0c9016351', '1e570dfc-7d2a-44bf-9755-a6e13b01c48c', '1.1');
INSERT INTO "list_services"  VALUES ('47eea1d1-bf3b-4413-a12e-1a79cca7cb2a', 'f95f0cae-cea0-4eff-aa68-fd9258124eb9', '2b0c489d-a801-4d76-801f-1ffbdcebb8bc', '1.5');
INSERT INTO "list_services"  VALUES ('a0a6f834-d976-4af6-bd47-f229bc6d3547', 'f5e5ccbc-5d3c-4765-9a2b-fea8e1cbfee7', '98cbfb4b-eea6-4c86-b1ed-c1179d9f4d4e', '1.3');
INSERT INTO "list_services"  VALUES ('67d542ff-15d8-4628-8a22-4d3879912ffc', 'c64072e3-7dea-4060-a6d7-a8cd9b262df4', 'bfa36390-df38-4500-ae2e-edee2179398b', '0.9');
INSERT INTO "list_services"  VALUES ('ead90de5-91b8-4c18-9d9e-22758920db42', '405af0dd-014e-4e91-8ad6-f00c6aaa7824', 'e5ed39b0-0825-4ad1-986e-0d5b92576a40', '1.0');
INSERT INTO "list_services"  VALUES ('26059b2b-9bd3-48cb-b166-707162219a04', 'd28f5d64-b34c-40dc-9565-246197c1c2b1', '292ac526-92df-439e-a0d8-9893127cf6b9', '0.3');
INSERT INTO "list_services"  VALUES ('4fbb66a6-a2d6-4415-b7fa-8b1031228cd6', '432f9244-d5a1-4cab-9cd6-8080eec2674d', 'f6bdd407-fc03-46b2-85b9-0129168b7795', '0.5');
INSERT INTO "list_services"  VALUES ('6bbf6703-ceb7-4293-ba81-dcf921923434', '1418922f-dba1-4a12-9a18-670eef1372c5', '69a0c04b-4ab9-46b7-809c-59a6f9ef8e2f', '0.5');
INSERT INTO "list_services"  VALUES ('f3dfa448-ff75-47d2-bfca-d2e1ca9a8611', '1ece88ae-ecc5-40e2-98fe-b61763e91462', '6bf635c0-7c6b-4787-88d6-28c844563c96', '1.5');
INSERT INTO "list_services"  VALUES ('7a487752-7e9d-4948-b3ae-d3c926b1d0d4', '3e9d5a69-23d2-4770-a080-0b7590ef5c04', 'c0eebf97-a3cc-41e6-b2f9-8315595f4ac1', '1.0');
INSERT INTO "list_services"  VALUES ('e0a6cdb9-f014-4afe-ad91-d46009d4994e', '22da916e-7439-4d61-92ee-7d2d854f8c8f', '48999bbf-6802-4edd-a687-ee198c473498', '0.4');
INSERT INTO "list_services"  VALUES ('7f8a340f-2ce4-421e-ae66-e243881a7963', 'd0bc5927-f8cb-4e19-adcc-176c50dccbcf', '6bf635c0-7c6b-4787-88d6-28c844563c96', '1.3');
INSERT INTO "list_services"  VALUES ('e55f8b31-f89b-47cc-810c-b19f1afab5e8', '2dc28ee4-970d-41f4-a4b2-9d6bf123bdc8', 'b4f5caaa-a580-419f-93fb-ad8ec680359c', '0.8');
INSERT INTO "list_services"  VALUES ('8a7d260d-7843-4893-a592-1c0d6ab5c7f5', '720306e6-09e0-41e0-b5ad-f1669c939d95', 'b4f5caaa-a580-419f-93fb-ad8ec680359c', '0.6');
INSERT INTO "list_services"  VALUES ('3d72e04f-b4a8-41bf-99ab-f8ecb53f74b2', '818f3db8-8747-4e24-8440-c0cd7dcf4cf2', 'cf53f2eb-0b72-4722-84bf-cc9402346b03', '0.2');
INSERT INTO "list_services"  VALUES ('0bde8379-2cea-4924-8791-b62ed45ef3bf', '4977e8fd-80fe-4f74-8de0-ed5dde9234ca', '0075c6cd-0f4e-48b4-91b9-ffb26c6f824b', '0.6');
INSERT INTO "list_services"  VALUES ('3fcbe8d4-45ce-476d-9d07-0f40c80c3d6e', 'adffa746-af19-4d0d-8a5b-acdab7318356', '2c8e295e-7a8c-426e-afd6-b217610fae16', '1.0');
INSERT INTO "list_services"  VALUES ('66532428-7486-47b7-917e-d1b4cf08407d', '2fc74228-e70a-41d0-9367-c3b1a0b532a0', '469724d5-cea8-4faf-ad45-590ce10700ef', '0.6');
INSERT INTO "list_services"  VALUES ('30ce15ef-814f-4d03-9166-8efae402672a', '4d782477-0e27-4aab-915f-8f0ea43b5331', 'c1a14c13-7292-45bc-bdd0-ae77508443ff', '0.5');
INSERT INTO "list_services"  VALUES ('456ab669-241e-46a8-a32e-b55d0c4a38b4', '2bba9963-6264-4c22-b5ee-cdad403ec9b9', 'c0eebf97-a3cc-41e6-b2f9-8315595f4ac1', '0.3');
INSERT INTO "list_services"  VALUES ('1d92fdec-dcbd-4f68-9ce4-3b93bfe24319', '21e09bcb-888e-4081-b2b7-1c8d778b831d', '469724d5-cea8-4faf-ad45-590ce10700ef', '0.8');
INSERT INTO "list_services"  VALUES ('72be0124-ef01-401e-bcad-f093bfc4f0a4', '1f63dc18-5bb5-4e7e-b947-faadc66f72d2', 'eebfbd78-5732-4950-afef-3be4773ba49a', '0.4');
INSERT INTO "list_services"  VALUES ('a4fd7101-97e1-4834-8409-e2392941ed3c', '637b066a-fc5f-4926-af27-83e108fab29a', '469724d5-cea8-4faf-ad45-590ce10700ef', '1.0');
INSERT INTO "list_services"  VALUES ('90527290-12f0-457f-98e5-7c92248bdb31', '00ca33ee-f9cd-4be2-8584-3831bab5e945', '2d74ac18-c7d1-464c-963d-62c5393cb7f7', '1.1');
INSERT INTO "list_services"  VALUES ('10328387-670e-464e-a1c0-00e87578deb4', 'd0bc5927-f8cb-4e19-adcc-176c50dccbcf', '1c432216-44e1-44fd-b067-dcba1f58870b', '0.7');
INSERT INTO "list_services"  VALUES ('45a47703-95f8-40cd-849a-fcaa2236eb72', 'ca7d43c3-4b3d-411e-a3c2-34b88e0cb0f3', '40b1c074-326e-4860-80e9-af8c478952b7', '1.0');
INSERT INTO "list_services"  VALUES ('327a102c-24b7-404c-b985-033b9a9c1596', '32bc0893-ca68-4248-8d4e-547afa442a89', '1fd7a2c1-43e3-4ad2-b9e8-4fbf39e33714', '1.3');
INSERT INTO "list_services"  VALUES ('566520ba-faa6-4eb6-8616-8f775c40a26b', '5cfbfb79-2c40-4973-b310-30bdb327df7a', '2d74ac18-c7d1-464c-963d-62c5393cb7f7', '1.0');
INSERT INTO "list_services"  VALUES ('24a755ec-2390-464f-8a19-f5570225f04a', '1ece88ae-ecc5-40e2-98fe-b61763e91462', '3f25e9a7-640b-4aa9-9cb4-03b15494ef11', '1.6');
INSERT INTO "list_services"  VALUES ('2c9498b7-ab02-4a9f-bc32-2240f03592c0', '49de2b03-f97f-4eb3-af3e-da8dd4c907b6', '69a0c04b-4ab9-46b7-809c-59a6f9ef8e2f', '0.4');
INSERT INTO "list_services"  VALUES ('66bc4e50-2c26-4bc5-87bb-f75431b14936', '3958cc68-1c6d-4b8d-bd0b-748cfbb41a60', '6cd0d978-bed6-4616-8faf-1d9990f09d6d', '0.7');
INSERT INTO "list_services"  VALUES ('886c008b-5d6e-4d12-a8a1-f98f076f8e57', '405af0dd-014e-4e91-8ad6-f00c6aaa7824', '6bf635c0-7c6b-4787-88d6-28c844563c96', '0.6');
INSERT INTO "list_services"  VALUES ('90594f85-e430-445b-b86c-14858ea2915d', '1673c8dd-6736-4aa9-a0df-4033e15a5f52', '525e715b-2d7c-48c1-8ceb-3c02d999c1a8', '1.1');
INSERT INTO "list_services"  VALUES ('3346b884-ff04-4752-8b9f-4945fa45ec7b', '9584fdb0-d583-4530-a08c-ca2b21d18c94', '2b0c489d-a801-4d76-801f-1ffbdcebb8bc', '0.7');
INSERT INTO "list_services"  VALUES ('e5a75216-b030-40b8-8855-2e086e2fde7d', 'd62d9d1b-6c52-452f-8ab4-695c6563e879', '277de502-e3ac-43df-97f0-9a47fa741fea', '1.3');
INSERT INTO "list_services"  VALUES ('ce40d683-f693-418d-807c-a503ffc1d1c4', 'e5f773c9-2eb8-4574-9f19-2bd394f1a6fb', 'f6bdd407-fc03-46b2-85b9-0129168b7795', '0.9');
INSERT INTO "list_services"  VALUES ('c6f0dd20-efbc-4aff-811e-1d8659628ecd', '1a17d7e4-1bdb-494a-b0ec-188fc21606d5', '277de502-e3ac-43df-97f0-9a47fa741fea', '0.8');
INSERT INTO "list_services"  VALUES ('528bc32d-3d5c-46a5-8d08-9086089b67cb', '20c94fb0-a168-4f98-b131-e6bf162316c4', '67c17539-8dd5-403d-b03a-7d95eb128eb2', '1.1');
INSERT INTO "list_services"  VALUES ('20be2869-6989-4503-b5e4-f299f987e5e9', '147e31cb-a069-4f6a-8a2a-6cade8efb360', '1fd7a2c1-43e3-4ad2-b9e8-4fbf39e33714', '1.2');
INSERT INTO "list_services"  VALUES ('bad5189b-2065-40a7-8709-594184d055ff', 'a4b903ca-a684-435d-914a-8596fdfb6b29', '48999bbf-6802-4edd-a687-ee198c473498', '0.1');
INSERT INTO "list_services"  VALUES ('dc093ffd-ccbd-4640-bafc-ea2747b4ae2b', 'fb914b4f-6b8f-4182-ad21-cf7b4f8d5e32', '8c946a02-466a-4afb-b8ca-4238382fc37e', '1.5');
INSERT INTO "list_services"  VALUES ('3f5c4695-33c3-4bee-883b-de7317c24c35', '2bba9963-6264-4c22-b5ee-cdad403ec9b9', '40b1c074-326e-4860-80e9-af8c478952b7', '0.4');
INSERT INTO "list_services"  VALUES ('5db51a9e-7eaa-4aac-a7ed-0f821c576cd0', '42c95009-abe7-47bd-80ec-f2f31a2156d1', '1549b3b7-5cbc-464d-a9f7-2a0933462eca', '1.6');
INSERT INTO "list_services"  VALUES ('354211f6-eac9-42d3-ae0d-0ac73ed50f4b', 'aaf9b39b-6b25-4578-8f5d-fcf6b9355413', '2b0c489d-a801-4d76-801f-1ffbdcebb8bc', '0.8');
INSERT INTO "list_services"  VALUES ('e3ad500d-1e9c-4cda-82b6-4f185d84ba99', 'cbbe0efc-8598-45cf-bd26-2d5f3bb655bf', 'cd386c79-0d47-4f76-9170-b0fe9f2aec11', '1.3');
INSERT INTO "list_services"  VALUES ('6a2307ee-2d60-4c58-a1a4-ceca6a70b273', '00ca33ee-f9cd-4be2-8584-3831bab5e945', 'cf53f2eb-0b72-4722-84bf-cc9402346b03', '0.5');
INSERT INTO "list_services"  VALUES ('7f9b15fd-218b-4111-8163-0672e1d28741', '4f799bdc-12a5-4713-b3a5-1daff47dce15', '6b2ed8a2-7186-4c0f-84c2-01c475acc220', '1.4');
INSERT INTO "list_services"  VALUES ('b0e9621f-5a88-47f7-a387-26b52c9344d8', 'fa0ef801-ff7d-4040-8727-bec4333f1761', '6082e4c4-6135-4ba5-bbb5-5f477967e4a5', '1.2');
INSERT INTO "list_services"  VALUES ('4fb5d591-54e4-459a-8d1a-24918c0ff438', 'c52591b0-6505-4fb1-8843-35191a39f536', '6b2ed8a2-7186-4c0f-84c2-01c475acc220', '0.3');
