INSERT INTO "client" ("id", "surname", "firstname", "lastname", "birth_date", "email", "phone") VALUES
	('9953e565-53b7-4656-9c19-2c91db520f93', 'Тетерин', 'Станислав', 'Игнатович', '1999-07-20', 'jndjdrhk18@gmail.com', '+7 (927) 183-03-58'),
	('820edaa7-523f-41a4-a7e1-1078fc6f3ad2', 'Одинцов', 'Анатолий', 'Савельевич', '1989-04-14', 'xesrzxen68@gmail.com', '+7 (937) 141-64-57'),
	('692dc911-d4d8-4847-ad21-d28a064d0f2e', 'Осипова', 'Виолетта', 'Данииловна', '1981-06-01', 'hayxrkrl79@gmail.com', '+7 (991) 885-50-23'),
	('64112bd3-a1e7-4bbb-8b62-743c8dc0c1ee', 'Вишняков', 'Данила', 'Владиславович', '1987-03-27', 'tmeqnbdw97@gmail.com', '+7 (952) 113-09-00'),
	('e3729046-eda8-43d6-bd06-ff10d3afd051', 'Ковалёв', 'Игорь', 'Робертович', '2003-03-22', 'spafhjcp15@gmail.com', '+7 (950) 568-76-00'),
	('3e9d86cd-6787-4e53-8dad-c0a087303fbd', 'Филиппова', 'Диана', 'Игнатовна', '1999-09-01', 'kigyacld4@gmail.com', '+7 (914) 122-54-26'),
	('25c775ae-addb-43b6-90db-d167e59de331', 'Гордеева', 'Виолетта', 'Даниловна', '1982-08-03', 'bqtzkcuk30@gmail.com', '+7 (921) 532-91-58'),
	('5e365982-7399-4f0c-8bf3-b2478016d932', 'Гордеева', 'Влада', 'Ильинична', '2000-01-08', 'hiplfavh59@gmail.com', '+7 (912) 767-68-95'),
	('dd84030b-12ce-4f49-af41-0a34d3605a38', 'Михайлов', 'Роберт', 'Константинович', '2002-12-23', 'rcqvrpfo97@gmail.com', '+7 (970) 636-06-78'),
	('d344527b-9b77-4df9-93aa-d594b4fb6d02', 'Иванова', 'Стефания', 'Романовна', '2000-12-30', 'bgoabstg65@gmail.com', '+7 (932) 941-13-28'),
	('6eaaa9e2-904e-4203-b50c-89596dcfb34d', 'Яковлева', 'Мария', 'Ринатовна', '1992-02-13', 'kezxlkxf54@gmail.com', '+7 (995) 520-65-05'),
	('32a60658-63bc-4278-b8eb-960591850fed', 'Шашков', 'Родион', 'Сергеевич', '1989-07-06', 'utkeylwa37@gmail.com', '+7 (921) 389-97-51'),
	('54a2a730-66c2-4042-9935-e594e5acecab', 'Зиновьева', 'Ульяна', 'Арсеньевна', '2002-03-06', 'tajctmwj14@gmail.com', '+7 (965) 767-03-12'),
	('aa1e1c4f-7701-4134-84c3-cf12a49e3b9d', 'Петрова', 'Эмилия', 'Альбертовна', '1982-01-23', 'sfuoudeb27@gmail.com', '+7 (938) 346-65-61'),
	('d8320a9f-1755-4dd3-9a1e-16e1b26d8168', 'Алексеев', 'Вадим', 'Мирославович', '2000-06-09', 'effyduwk66@gmail.com', '+7 (984) 468-56-96'),
	('4d6d5bcc-01e9-4ff7-9672-6af77fa7450d', 'Евсеева', 'Евгения', 'Вадимовна', '2003-05-12', 'hqlwnvac45@gmail.com', '+7 (992) 151-29-55'),
	('66a2066f-ab26-4831-97e7-88b6f13af274', 'Юдина', 'Елизавета', 'Андреевна', '1990-11-06', 'dbftegky47@gmail.com', '+7 (913) 703-70-17'),
	('4066c901-ac09-47ed-aadc-0c6b91b79ca6', 'Вишняков', 'Дмитрий', 'Львович', '2000-01-10', 'zychlbcj71@gmail.com', '+7 (982) 462-28-17'),
	('f5bb0587-1c26-40cb-bc63-15fb9bd19578', 'Крылова', 'Лиана', 'Макаровна', '1995-09-19', 'txioauhb50@gmail.com', '+7 (932) 160-76-69'),
	('dc143abf-ca4c-4971-975c-1afb7dbc2d5f', 'Селиверстов', 'Юрий', 'Данилович', '2003-06-17', 'xcpwxmct8@gmail.com', '+7 (978) 440-73-74'),
	('0d1c40f2-538d-457e-aedc-05a0ce026b7d', 'Елисеева', 'Камилла', 'Федоровна', '1999-12-05', 'ldfilokg16@gmail.com', '+7 (903) 348-04-81'),
	('883e539a-5a94-4112-9283-cbfd28a26fe5', 'Ермакова', 'Стефания', 'Петровна', '1982-02-11', 'gjqyjefw39@gmail.com', '+7 (916) 903-38-13'),
	('1b413ed2-0f04-485e-be11-3d32e09f2c52', 'Наумов', 'Леонид', 'Васильевич', '2000-11-15', 'cyfcbbjd53@gmail.com', '+7 (992) 438-96-17'),
	('6a9b1134-2d5a-42e0-a25e-5f7c4b0b7fe8', 'Кириллов', 'Евгений', 'Алексеевич', '1996-07-07', 'quhggftq62@gmail.com', '+7 (906) 240-81-76'),
	('bddc7c28-c2e6-431f-810e-14a017a669e1', 'Громов', 'Артемий', 'Игоревич', '1981-03-16', 'mltijdqd43@gmail.com', '+7 (927) 784-62-44'),
	('89a20320-e5c2-4b7b-a300-bdbfdf5be3d3', 'Аксёнова', 'Амелия', 'Борисовна', '1983-08-17', 'vpecgtwd85@gmail.com', '+7 (971) 380-92-42'),
	('d1cf7b03-fa91-465d-96a1-a0aaf565ee3d', 'Ларионов', 'Макар', 'Семенович', '2000-04-17', 'savtqjxs16@gmail.com', '+7 (995) 043-86-08'),
	('42dc25a3-b777-4d19-90e5-f41fab9b4258', 'Стрелкова', 'Кира', 'Витальевна', '1981-06-30', 'qigrooew14@gmail.com', '+7 (983) 044-33-16'),
	('d61930f7-2430-40b0-95e0-811b0b7fb9fb', 'Красильникова', 'Полина', 'Владиславовна', '1990-11-01', 'wjopeest78@gmail.com', '+7 (912) 726-58-86'),
	('b5648ceb-8f79-4111-a8a0-cb64e0e2de12', 'Носова', 'Наталья', 'Данииловна', '1994-06-11', 'yncwrpzj57@gmail.com', '+7 (985) 518-60-05'),
	('8d8d10ce-2422-404a-92a1-239fe02eab77', 'Кириллов', 'Алексей', 'Артурович', '1989-07-31', 'ewbbmida37@gmail.com', '+7 (910) 401-22-47'),
	('ae19c134-0762-47db-abfe-a47fe77837db', 'Устинова', 'Олеся', 'Робертовна', '1993-09-13', 'whsezjqd70@gmail.com', '+7 (918) 782-88-93'),
	('3c94c8f6-d29b-4672-9551-5d657a8a81e5', 'Федотова', 'Юлия', 'Егоровна', '2002-04-01', 'qchcigft85@gmail.com', '+7 (983) 504-05-54'),
	('54f0d595-3864-4198-979e-4c37eab0d726', 'Савельева', 'Амелия', 'Антоновна', '1986-07-26', 'gpccibpc33@gmail.com', '+7 (963) 748-08-37'),
	('a98f0ab3-bbb6-45d4-bd59-7c33802020cf', 'Горбачёв', 'Тимофей', 'Рустамович', '1999-11-19', 'obmyejxj27@gmail.com', '+7 (929) 267-75-26'),
	('aa51864a-dc74-4631-8f53-53283730da56', 'Жданова', 'Амина', 'Даниловна', '1985-02-14', 'mgimnnep61@gmail.com', '+7 (937) 978-39-66'),
	('eeca761b-2b2c-4b45-b506-66fbb699f6f8', 'Турова', 'Евгения', 'Яновна', '2001-10-03', 'awzafngc32@gmail.com', '+7 (971) 964-04-18'),
	('9302c67e-3ede-44b0-a151-ae3eef1c6f4d', 'Рыбакова', 'Карина', 'Викторовна', '1984-09-08', 'zlsgickg85@gmail.com', '+7 (910) 508-35-72'),
	('dae8ddbe-a6c3-45a9-ae01-f85678f344a5', 'Ковалёва', 'Валентина', 'Давидовна', '2003-11-25', 'dmryljdf76@gmail.com', '+7 (925) 437-95-43'),
	('7e35ee73-1000-4d11-969e-171b51411681', 'Шестаков', 'Альберт', 'Кириллович', '1992-09-14', 'fprbezez99@gmail.com', '+7 (904) 669-45-94'),
	('2aa7eb1f-75af-4fd5-8e23-3f455a3f3ce7', 'Потапова', 'Владислава', 'Всеволодовна', '2000-05-19', 'ehopkbon76@gmail.com', '+7 (928) 957-19-64'),
	('35dd9155-fc1e-45af-9f9f-9664c3dd09ee', 'Агафонов', 'Арсен', 'Игоревич', '1994-11-07', 'xkorjauf25@gmail.com', '+7 (918) 954-84-93'),
	('6a6f7459-42a6-436d-9f02-a20ef0870eca', 'Некрасова', 'Светлана', 'Олеговна', '1995-06-15', 'rttgqeaw24@gmail.com', '+7 (951) 161-70-66'),
	('33bbfcf6-d7f2-45f8-8352-20e2f7f26ffa', 'Власов', 'Константин', 'Юрьевич', '1983-08-01', 'dysxshaz33@gmail.com', '+7 (967) 509-67-44'),
	('016d9a2d-507a-45fc-bcc8-29813f8b41b8', 'Терентьева', 'Татьяна', 'Даниловна', '1995-06-08', 'muwiouiy43@gmail.com', '+7 (915) 561-03-71'),
	('da443b71-ea9e-4c38-8076-dba869c1ad7b', 'Гришина', 'Марьяна', 'Альбертовна', '1991-08-17', 'fxpkpnco65@gmail.com', '+7 (936) 156-59-36'),
	('6f555d9b-8680-4132-bccb-23889b530cef', 'Третьяков', 'Максим', 'Александрович', '1994-05-10', 'enmspovl58@gmail.com', '+7 (969) 463-96-58'),
	('07d48b89-368d-4e44-b3b9-e69b5a72a6ef', 'Гришин', 'Виталий', 'Германович', '1982-03-05', 'ijloiauc77@gmail.com', '+7 (982) 704-09-62'),
	('5caae26f-f014-4b69-ab70-bc7d5ba3fd48', 'Богданов', 'Родион', 'Львович', '2003-03-06', 'rltxlagw70@gmail.com', '+7 (923) 974-57-59'),
	('80ea1f94-f816-4713-b912-d43dcfa50b70', 'Чернова', 'Антонина', 'Дмитриевна', '1990-01-06', 'lsjwgfah49@gmail.com', '+7 (906) 868-88-86'),
	('d4b022bc-12d5-43c2-9aa6-3ca6cde40f81', 'Кузьмина', 'Наташа', 'Алексеевна', '2002-01-29', 'rugwqnlr28@gmail.com', '+7 (970) 400-42-05'),
	('4891e0f0-dfee-4874-b1ea-92af7760e5ec', 'Никифорова', 'Карина', 'Федоровна', '1992-08-02', 'klnzvsby58@gmail.com', '+7 (924) 389-24-76'),
	('d7e65fff-ebe8-43ee-bef9-092c4d74459d', 'Пономарёв', 'Глеб', 'Артурович', '1992-05-04', 'dmtckjsy59@gmail.com', '+7 (921) 853-25-30'),
	('4c6f8767-1537-4256-a924-af78e2c587df', 'Селезнёв', 'Павел', 'Артемьевич', '1985-01-24', 'slgyivuc61@gmail.com', '+7 (978) 266-91-94'),
	('8129236c-4d0b-4c1f-921c-b163a6d6e479', 'Емельянова', 'Мирослава', 'Айдаровна', '1984-04-02', 'molzmlzd40@gmail.com', '+7 (970) 562-82-95'),
	('952796e6-fcaf-4e5a-8ed5-66c5976b993d', 'Карпов', 'Родион', 'Валерьевич', '1990-08-07', 'micbxyjs48@gmail.com', '+7 (926) 487-57-86'),
	('15739eb0-a229-4bc7-8bb3-c126ca4c9a5a', 'Мельников', 'Семен', 'Витальевич', '1984-06-19', 'gfmzpbfn10@gmail.com', '+7 (969) 144-33-31'),
	('10b2785f-ac65-4482-99a5-a32cc5216604', 'Осипов', 'Иван', 'Станиславович', '1992-12-30', 'yiwfsxbl86@gmail.com', '+7 (917) 395-41-80'),
	('c4aaf7ce-02d3-40a2-9bcf-95f936f515da', 'Панов', 'Леонид', 'Васильевич', '2002-09-18', 'jeclztba81@gmail.com', '+7 (984) 778-39-35'),
	('70cd549a-ecf6-4af8-8b97-064e1408f39e', 'Рябова', 'Наталия', 'Даниловна', '1990-03-06', 'xdvxnzsh54@gmail.com', '+7 (970) 559-93-28'),
	('17fa3b0b-8d8b-4ce6-a72a-e4c8155aa77a', 'Воронцова', 'Александра', 'Валерьевна', '1993-11-22', 'xzmsoogu84@gmail.com', '+7 (966) 113-34-91'),
	('61bbd021-d014-4849-9f0f-0ba63928a64f', 'Беляев', 'Данил', 'Тимурович', '2001-05-04', 'osbljsut35@gmail.com', '+7 (958) 217-86-24'),
	('42957721-7090-43e7-94e7-52b3d09a8aef', 'Мамонтов', 'Роберт', 'Васильевич', '2002-04-29', 'qsepbrux80@gmail.com', '+7 (929) 162-95-77'),
	('3a94158c-67f3-4f3e-bb4a-8a6333e434f7', 'Карпова', 'Марина', 'Ильинична', '1992-04-06', 'tgxnfyhc89@gmail.com', '+7 (995) 605-55-08'),
	('11c45ea1-9a9b-4137-ba85-43411094f70d', 'Лаврентьева', 'Тамара', 'Кирилловна', '1992-03-25', 'trvszbmj68@gmail.com', '+7 (960) 177-89-04'),
	('53d1d46f-46ce-471e-aacf-388068dc084b', 'Ефимов', 'Роман', 'Макарович', '1990-09-30', 'ehzgzyby34@gmail.com', '+7 (958) 980-50-41'),
	('f2416658-b623-4064-8097-6ff44babaace', 'Ефремов', 'Руслан', 'Ярославович', '1994-07-23', 'wiqwbyxz29@gmail.com', '+7 (991) 525-49-56'),
	('c5dd16cf-6585-4ca6-81e8-f0eefe58774a', 'Тетерин', 'Макар', 'Петрович', '1983-07-07', 'xoqusumj45@gmail.com', '+7 (954) 589-25-69'),
	('d747ba7a-dcd8-456c-ac64-34bac049c2dc', 'Горшкова', 'Алиса', 'Павловна', '1998-05-26', 'ncqcnlmq13@gmail.com', '+7 (958) 249-64-95'),
	('127b6e03-c912-49d0-ae54-5319aadcf4a9', 'Веселов', 'Демид', 'Андреевич', '1988-04-20', 'otcdhdzy85@gmail.com', '+7 (954) 793-05-82'),
	('d0565b41-96a6-4f44-8e0b-75de38303592', 'Одинцова', 'Софья', 'Всеволодовна', '1988-09-21', 'pfkgudvv67@gmail.com', '+7 (900) 177-25-79'),
	('51fff97c-23f7-4ad1-9646-3de807a38591', 'Крюкова', 'Валерия', 'Родионовна', '1988-10-25', 'hfcipezj54@gmail.com', '+7 (968) 228-83-58'),
	('0148df82-2778-4f62-a5d7-5b1c7e449d90', 'Семёнов', 'Владимир', 'Евгеньевич', '1992-08-01', 'sjuiqymz9@gmail.com', '+7 (918) 485-76-13'),
	('eba96f02-3954-41bd-9c96-af2c4504509b', 'Лебедев', 'Эдуард', 'Германович', '1997-07-28', 'dgoierqp13@gmail.com', '+7 (977) 030-47-76'),
	('09065a57-b8d0-4940-acfa-b86935610190', 'Тимофеева', 'Дарья', 'Петровна', '1990-01-26', 'bvvkruvi97@gmail.com', '+7 (958) 968-01-39'),
	('b3cb113c-3c18-4761-9680-4ea50ef6853a', 'Авдеева', 'Любовь', 'Львовна', '1999-07-30', 'yzurjakc29@gmail.com', '+7 (921) 660-49-48'),
	('1f2032d9-1b0d-4a86-8bb2-de3d0e226b7b', 'Куликова', 'Амелия', 'Богдановна', '2003-05-24', 'xqksvuoe58@gmail.com', '+7 (967) 439-56-35'),
	('0c3eef3b-1506-4e05-8661-7f0df0d1570f', 'Фролова', 'Ангелина', 'Германовна', '1999-09-28', 'kusupbya33@gmail.com', '+7 (924) 719-53-77'),
	('489df175-de77-4105-ba05-81498d224752', 'Гуляева', 'Эмилия', 'Ивановна', '1984-06-05', 'ipcnhhvz84@gmail.com', '+7 (958) 724-30-32'),
	('e2355ebb-80fa-43b8-9a16-032d21fd555c', 'Власов', 'Мирослав', 'Маркович', '2001-08-22', 'bnfwrlzt90@gmail.com', '+7 (930) 088-69-72'),
	('82ec0252-3c66-4e0a-b130-851424d2036c', 'Белякова', 'Ульяна', 'Георгиевна', '1985-10-20', 'grdiuahd35@gmail.com', '+7 (927) 362-47-59'),
	('e0b3c9ca-28ef-4514-a5ce-3f1101be4665', 'Сергеева', 'Ирина', 'Олеговна', '1982-11-20', 'tkbmppes80@gmail.com', '+7 (934) 280-45-31'),
	('5840194d-ba7a-4eb8-95f8-2912f1502524', 'Колобова', 'Милена', 'Николаевна', '2001-01-26', 'bgpobimx67@gmail.com', '+7 (955) 108-15-50'),
	('41a5d37f-f502-4af3-bf96-d987873f8fc3', 'Королёв', 'Марат', 'Данилович', '2003-11-14', 'rhqdfguh97@gmail.com', '+7 (964) 940-75-06'),
	('b440c922-e3c3-4130-86b3-7ef283db4e5e', 'Дьячкова', 'Виолетта', 'Мирославовна', '1987-09-28', 'zhbdanrg88@gmail.com', '+7 (912) 794-73-17'),
	('8146973f-3b81-47ed-8c4e-d814fe095fed', 'Агафонов', 'Иван', 'Михаилович', '1984-05-06', 'xprswkov40@gmail.com', '+7 (965) 098-53-04'),
	('c275d124-b9db-4fb1-8a90-542035c81bb1', 'Кулагин', 'Владимир', 'Павелович', '1985-11-04', 'kqxukbor99@gmail.com', '+7 (986) 709-95-03'),
	('695c576e-3d9d-47eb-ac62-e85f7c692273', 'Медведева', 'Милана', 'Владимировна', '1981-03-20', 'inhlisuv31@gmail.com', '+7 (905) 791-26-55'),
	('5b999f73-7d43-4996-a622-3061e997cb6e', 'Фокин', 'Айдар', 'Арсеньевич', '1989-08-28', 'ytcvnbja48@gmail.com', '+7 (936) 740-61-53'),
	('e763c5ef-223c-4c19-96c2-db7d53753030', 'Борисов', 'Ростислав', 'Александрович', '1982-11-21', 'utseabjv23@gmail.com', '+7 (918) 062-34-11'),
	('bf86d327-1b95-4c8e-9c93-e67386dada0e', 'Аксёнов', 'Андрей', 'Васильевич', '1995-12-03', 'cxpbkyom46@gmail.com', '+7 (985) 929-29-50'),
	('3db8d609-e700-4b09-8e37-cfe101daf0b9', 'Пестова', 'Лиана', 'Юрьевна', '1994-04-07', 'trrsbrjw25@gmail.com', '+7 (950) 643-39-17'),
	('968a9ddb-1586-4262-b4cc-0cc5f3d7c6a6', 'Соколова', 'Антонина', 'Яновна', '1994-12-05', 'ohokjnog7@gmail.com', '+7 (996) 986-54-57'),
	('4c37135f-46ca-462a-8fc7-decba441b35a', 'Кузнецов', 'Гордей', 'Арсенович', '1981-05-27', 'ogezyekn28@gmail.com', '+7 (905) 918-16-62'),
	('afc78eb3-6324-4ceb-aca6-d7c2c3e7a9a6', 'Пахомова', 'Анжелика', 'Даниловна', '1981-03-04', 'lfiwhova32@gmail.com', '+7 (932) 199-39-58'),
	('643a4c10-023c-4e0d-88b9-9fac5a967b67', 'Фёдорова', 'Алла', 'Всеволодовна', '1996-08-20', 'qckssewz30@gmail.com', '+7 (997) 727-43-53'),
	('e80b8616-ac82-4624-ad49-39340633ad97', 'Рожков', 'Роберт', 'Владимирович', '1986-11-03', 'oqctingr88@gmail.com', '+7 (964) 700-32-59'),
	('d627a76f-0ef2-4355-a6a0-c9136e84c0c6', 'Логинов', 'Артур', 'Михаилович', '1983-11-04', 'zkgytoya83@gmail.com', '+7 (924) 917-14-09'),
	('e69fff51-d033-43d0-8800-9c5db506f505', 'Силина', 'София', 'Ростиславовна', '1986-04-09', 'ubiectrh82@gmail.com', '+7 (923) 588-40-13'),
	('d79193db-2c73-45a7-943d-b5bf63825213', 'Крылова', 'Алёна', 'Даниловна', '1997-07-11', 'ddesibhz61@gmail.com', '+7 (922) 559-25-83');

INSERT INTO "authorization_client" ("id", "client_id", "password", "is_activated") VALUES
	('d27059b2-7e64-4dab-82f5-35b5bf90e9f8', '9953e565-53b7-4656-9c19-2c91db520f93', '$2b$07$vpGwnT76qr2B8yCQgAxij.do/4QVir54IULk7.H.ek4p60QUjjDcO', 'true'),
	('449602e8-9946-4e43-9ab1-7746b553718e', '820edaa7-523f-41a4-a7e1-1078fc6f3ad2', '$2b$07$jeIprIlY0KfM0AJifdj4FehWu9/yjFLvQi.t63thxCh8dG85TNZr6', 'true'),
	('a962115a-52a4-486f-8aa8-5ccd2f799e7e', '692dc911-d4d8-4847-ad21-d28a064d0f2e', '$2b$07$zFZ/ltTvaWFB8Sd2u29dZOVc/TSw3XU229R1WYkGNzo3PApKUjIti', 'true'),
	('6345749a-fd90-40d0-885e-677aacea6d90', '64112bd3-a1e7-4bbb-8b62-743c8dc0c1ee', '$2b$07$2SQVYCUbKgpoInqArcI.ZOAvaT0tJHNFid9WWIKkErtLQj9nGUzYW', 'true'),
	('e3a472d1-5425-4e4f-b0cf-fd542455cffd', 'e3729046-eda8-43d6-bd06-ff10d3afd051', '$2b$07$IVfH63CJBGs.An/yspi5YOEoayXSvlAwVhjwujJJaUcZ2waaGJngu', 'true'),
	('4e371bc8-52c0-4ad9-b6b8-42357b28b4a2', '3e9d86cd-6787-4e53-8dad-c0a087303fbd', '$2b$07$aZiJ2oQZBTqa7ha.v.fIJOfuqBvn1SZIdXumagflIkSWb8RlUXa7u', 'true'),
	('21b927d0-74f3-469d-9b8b-c7c4fa67cca1', '25c775ae-addb-43b6-90db-d167e59de331', '$2b$07$eLiL1ospks5xy.OsgKGhBOdxSePgLY5nl3Y3.sipGSdyre/bUc5JG', 'true'),
	('ca61d2d8-e8dc-4912-b30e-481068ebd9fa', '5e365982-7399-4f0c-8bf3-b2478016d932', '$2b$07$7W2ovuiycIjgWdJ4CFaBDe1RDhkAkTWmxm1u6GSiwG9XI4TmMTyJ.', 'true'),
	('1d13b449-4136-41ae-82f6-f9be410f4461', 'dd84030b-12ce-4f49-af41-0a34d3605a38', '$2b$07$lJMLjDJlVTTMtTGzA9w9duWd7vJK1f95J.Cam.14B4k5WrFVOLg0y', 'true'),
	('2b95d440-8224-4056-86f0-9525e5ea01fa', 'd344527b-9b77-4df9-93aa-d594b4fb6d02', '$2b$07$5VmGXexijYJE6v22AE2IwOkv7NgoOdx0ZvpWY3VeSXq0.U9Mze.hC', 'true'),
	('5ffbdc24-fd95-4312-a269-69a585606211', '6eaaa9e2-904e-4203-b50c-89596dcfb34d', '$2b$07$eU43NFlg0Nyn74ZEIUoH3ugHtQ2dMd24TTsIoTq0M1XkIHEntfdrq', 'true'),
	('47fb1646-7d10-4d12-90c2-010a6d635391', '32a60658-63bc-4278-b8eb-960591850fed', '$2b$07$ZCj9ULf.sWc.bzBvNo8XpOw.wHwM8s9.lSi..HGx8GkUZXb4MqSsq', 'true'),
	('ea70454c-37a6-4b4c-82dd-55a13c707ae3', '54a2a730-66c2-4042-9935-e594e5acecab', '$2b$07$ETz2r998/lIpkUSKlUx3V.hoVWNFx8N6i6UaENHvEJH8alA6wgSW2', 'true'),
	('d799aff4-4084-4b02-828f-d0d75cda35fc', 'aa1e1c4f-7701-4134-84c3-cf12a49e3b9d', '$2b$07$XoldXev3R0s7.UIQOFmlb.qrnqcQEbmlqfglZ4AkEEgYBp4yq6R1a', 'true'),
	('a08dbc12-ca84-4caa-aad8-6e68cda77b3c', 'd8320a9f-1755-4dd3-9a1e-16e1b26d8168', '$2b$07$rbZnchwoNsBK1RyK5cK0ue14jQ/kBbYYVoSkLFts5MGAul55MKCTm', 'true'),
	('5729128d-0c37-4cc9-8b5a-234baac04d59', '4d6d5bcc-01e9-4ff7-9672-6af77fa7450d', '$2b$07$4xz0I3UkBWGYMx1Z7eMx7OcEdbIlSzp6A1rf/6ZWgNc7i4bQqk4au', 'true'),
	('e4166fce-6432-42d4-94ca-d6f62b894dbf', '66a2066f-ab26-4831-97e7-88b6f13af274', '$2b$07$mOrMRJJnAftqQMbtUgfzo.kCx2CAU3Fky7M3.5sYQ3WXNxlAOH3HK', 'true'),
	('70d8711d-f21f-4da8-b07b-18b3a3f93264', '4066c901-ac09-47ed-aadc-0c6b91b79ca6', '$2b$07$51wVfgjaVLkSCsJMVXqBqekJ2pV9dILVxbC.IZ30ZlwKPfeZrjAYe', 'true'),
	('911ef623-ab42-49d6-9b28-5221f8f8fb00', 'f5bb0587-1c26-40cb-bc63-15fb9bd19578', '$2b$07$Gjka5Lc6VF5I/HJIRgwzKOwTHVYXIgdNvKlpOlgJGC2XdCO1u1NKa', 'true'),
	('5feffa9a-4ded-4e74-9a4c-035d24aab0b1', 'dc143abf-ca4c-4971-975c-1afb7dbc2d5f', '$2b$07$AmjGOql3/xL6HLqiAqqJ2OxYLh.0GzIrrvddiVuSY8FxfkmNUYW2a', 'true'),
	('31097375-bd90-4181-b0b1-c9d060cd9abe', '0d1c40f2-538d-457e-aedc-05a0ce026b7d', '$2b$07$8p.yfx7li.9eGGZoxRofwuc4rd3c4bQPhMQVPuBlQmmyEkmx7IoRG', 'true'),
	('aebbdeee-445c-4ee3-b0db-b730e7543d70', '883e539a-5a94-4112-9283-cbfd28a26fe5', '$2b$07$/yRpOyS/tJWq7TC5on.DTOUq7WN68tfmZ14dVoA7z4ldhuzJBG7iC', 'true'),
	('e726acb5-d227-4f05-b24c-6c7523e3430f', '1b413ed2-0f04-485e-be11-3d32e09f2c52', '$2b$07$SA3w65brABGbCWgYI1N2duTZE9kfJNzfFuaaJrFDz9EWYpmZZ6ISW', 'true'),
	('2b2da92a-ff4e-4a96-9f69-d7ea4d4cd82d', '6a9b1134-2d5a-42e0-a25e-5f7c4b0b7fe8', '$2b$07$hFAW/PpFGxF92EK2arYNWO4FaPqhsjyq917nFaX3B60ryS4nrc1di', 'true'),
	('0717931e-2452-4c75-a426-98d37f12084e', 'bddc7c28-c2e6-431f-810e-14a017a669e1', '$2b$07$vQk1m8dD4Atzoxw2GEhPl.OtDby34O94MbZ0badooLMMTOLXOVkVe', 'true'),
	('3e045237-c495-4142-bb28-b9f01a48d5df', '89a20320-e5c2-4b7b-a300-bdbfdf5be3d3', '$2b$07$xN6q/m8Bt1dJpY.t5STCreDS9Ueob9gH18ZikosHomr1LKW3tFWZC', 'true'),
	('2e3fd1fe-5cb6-4c0e-8c05-0adb5bb3fb36', 'd1cf7b03-fa91-465d-96a1-a0aaf565ee3d', '$2b$07$dq/tdQQ5yAbwEggFfV8Fi.Y8554DSgmXmk/JeHxpqGxhxlcVrD.a.', 'true'),
	('59a6492b-d9a0-490d-8c1b-def83a3caf4d', '42dc25a3-b777-4d19-90e5-f41fab9b4258', '$2b$07$3nASnZMthLw7auDVvHnS4Ov1CPKqh8qJ/lIS3oqwnt1kkRHZ452z2', 'true'),
	('c32e6213-accb-4571-88e9-9787a8fa370d', 'd61930f7-2430-40b0-95e0-811b0b7fb9fb', '$2b$07$C./79VpcPcHppSjogexZjucANrh59RykxmJ5b9ocJlYFZiRWTeuby', 'true'),
	('8db3f78a-779b-4d03-a56b-7fed69bc66e1', 'b5648ceb-8f79-4111-a8a0-cb64e0e2de12', '$2b$07$APuJduXb8kuhG30VOASOeeQ5Fo/hIGykMNqlnj/Mt0u/rSx6FFOA6', 'true'),
	('e6a66016-19d3-4a59-a9eb-ab0c471be751', '8d8d10ce-2422-404a-92a1-239fe02eab77', '$2b$07$LCZF/C28rX3J2i2t13ZBfewb1tE0esoBHY845LRhegaLg6cK/A6aO', 'true'),
	('a940d1e2-183d-4f9e-908b-04c62236623c', 'ae19c134-0762-47db-abfe-a47fe77837db', '$2b$07$AhewnQ3nTeJbUzd7I0DdUeM6wIzlozet96OwYZLenq/suB4pQw18.', 'true'),
	('38b21cb9-c098-4f84-96b2-770022d255b2', '3c94c8f6-d29b-4672-9551-5d657a8a81e5', '$2b$07$rwxc4mGExF/Sdb4uo4RRC.S08Pq23f41F7Ds.TneZ6.Ww5ZrTKt9e', 'true'),
	('59a4089c-cfa0-4651-90be-a2879506462a', '54f0d595-3864-4198-979e-4c37eab0d726', '$2b$07$6dErlxeybb8gkAVGje6p.ugpbMQrKUSvTIjnSNaYJOaVuP72RqQ0G', 'true'),
	('08c0ab83-2896-419b-87da-19c37b6a9d4b', 'a98f0ab3-bbb6-45d4-bd59-7c33802020cf', '$2b$07$35.976Np6gs07rCE9FPPouzRT5TaTFQe6lLyXreImQexmbYykJZ7u', 'true'),
	('2df43d8f-7146-4b52-b442-4fb24ac5e1e3', 'aa51864a-dc74-4631-8f53-53283730da56', '$2b$07$Tp471OJxXsLaWd7/3P1z8edG50mjiTzWYn0rdElW.kPiwXxr92JyG', 'true'),
	('afde4235-92d6-49cf-893b-aaceb4cd7ed4', 'eeca761b-2b2c-4b45-b506-66fbb699f6f8', '$2b$07$iT5nnhnR0VvUi.Q4UrwTyOy8hbCcCjG7RwDqOdQNP.93OVCAR.O1u', 'true'),
	('2807207e-31b3-4cea-9d8e-fe5aa6005bf9', '9302c67e-3ede-44b0-a151-ae3eef1c6f4d', '$2b$07$UcUI75hVQ3ZfNKTZBfmXO.r.bNm7Z0F78.Qob9rSsHernZlZw/lc6', 'true'),
	('9b3f7a4e-adb1-49c0-a1ed-3165f029efb8', 'dae8ddbe-a6c3-45a9-ae01-f85678f344a5', '$2b$07$qTW8rvDNvwjEtzFbmc0Q8.R/hNyySuNgXZVTz3.5nwzbTL38QFN/i', 'true'),
	('f6f003b4-796e-403c-8f6b-b40900dfcd5e', '7e35ee73-1000-4d11-969e-171b51411681', '$2b$07$tKeGho.qJcGTZpIzioKHN.XpK06FKuZVx8/34C/kkbJLnCNQ2Qd9m', 'true'),
	('43842f3a-1e24-4b29-a56b-baa9dc1098cb', '2aa7eb1f-75af-4fd5-8e23-3f455a3f3ce7', '$2b$07$lrIfFoxXRV55QOSTukQmaO0MpCPWgitFgn3MKKj1u9kMD5aHJAr8q', 'true'),
	('060445ec-016d-4f74-9bb3-e4d23063d6c1', '35dd9155-fc1e-45af-9f9f-9664c3dd09ee', '$2b$07$7UhsTUYOT8VHhXPqdzchFe2FoaoSJL8NBQIjaLaE0fkRWK5jeSgrq', 'true'),
	('df1e911e-bb09-4c22-840e-03cf080cdada', '6a6f7459-42a6-436d-9f02-a20ef0870eca', '$2b$07$Al0ACvR6nJbCcIsvrROxHuW25c51p7EiuWsxqk8nGCDSMXMXGxSA.', 'true'),
	('be3662ec-6374-40fa-842b-7aed49c68d37', '33bbfcf6-d7f2-45f8-8352-20e2f7f26ffa', '$2b$07$Oh4v1t61KOsEAjTsGGRd.urFT.D77vY4RAmlDaBR8rNIn9/2NBMMG', 'true'),
	('d4791f3b-1aae-4129-9402-64dff1936684', '016d9a2d-507a-45fc-bcc8-29813f8b41b8', '$2b$07$XoxPkCvOMB24o1fTc8jI6eOamcniSdv2kwfnEsb1Hz8CevTFsQfse', 'true'),
	('762e9ae7-f0cb-4735-8718-8249df3791fd', 'da443b71-ea9e-4c38-8076-dba869c1ad7b', '$2b$07$GD9W10mUu/QotHGifIhXG.8pq4mgKBZupsLQCJQ7PreCghAOCAcr6', 'true'),
	('32680daf-2579-4645-a0db-7a1a47c1ba5b', '6f555d9b-8680-4132-bccb-23889b530cef', '$2b$07$SXqO4Uasjv2PUqPiOUKdJureL5/5mICeXWU7hiJiSJDP/AIN1Mns6', 'true'),
	('01488d7f-e8e8-4208-a817-68d3c04647ea', '07d48b89-368d-4e44-b3b9-e69b5a72a6ef', '$2b$07$rNRcIfN1Y..rU04wj77xNOi95vOQmDP/RenvKcf1N6dgYIJcvqU0i', 'true'),
	('6960009e-b81a-499e-8b64-7941cdf681bd', '5caae26f-f014-4b69-ab70-bc7d5ba3fd48', '$2b$07$.kPZ6zFnsVW0s7xoLIMi1OKCDpJV4lnUlKXe13tYd.Gv6xUJ0v1De', 'true'),
	('7ca4fa39-3f9b-4a4a-8847-408beac695b1', '80ea1f94-f816-4713-b912-d43dcfa50b70', '$2b$07$rGSyYKda1TgQo1L.kR6uKO6lK86hhv0lKTpdirZBF9eWPueXv5dpO', 'true'),
	('1fd641ba-6014-47e8-b3f6-28e75bbdd191', 'd4b022bc-12d5-43c2-9aa6-3ca6cde40f81', '$2b$07$b14ZUikyeDFGNzERRgapFOF4c7U717MsQ7yJijCPxw/HSSJY2DNba', 'true'),
	('bd5c19ed-aea4-4e0f-84b9-f275212f02c6', '4891e0f0-dfee-4874-b1ea-92af7760e5ec', '$2b$07$iUf9RjZWtIrKd/1Td6M/Du/YsUJm3.9XXWzaI0hoeUGBncBRFmXuu', 'true'),
	('97bf0758-a2ac-45d2-8bfc-c7ce355d0985', 'd7e65fff-ebe8-43ee-bef9-092c4d74459d', '$2b$07$F.cDKamYLcrtJ6YFFJtc.u7XCOHrVrg23f.PQE6GfrHuQGBSw6MGq', 'true'),
	('95d4347c-0108-4dc4-b67d-cf0231114f56', '4c6f8767-1537-4256-a924-af78e2c587df', '$2b$07$IUFVOw33KB0UODPXvlnNDuNCWLqSYi968xWwe5H9XxuUvIi/C4aHu', 'true'),
	('c88aa49f-1e3a-445e-930e-06acd584ff3d', '8129236c-4d0b-4c1f-921c-b163a6d6e479', '$2b$07$b20OHC0UZyMuCF2VzeRbdehwNlZzoPh3DjmuTufPatixB5BGc1Mc.', 'true'),
	('b198de0c-f3d4-441b-ab5c-908ad7c1c494', '952796e6-fcaf-4e5a-8ed5-66c5976b993d', '$2b$07$wqKUrnw/FXQBU2ys1fza0uRFUxSuVYrIZKE/Sob/dbJWjqHNgAKmq', 'true'),
	('8fa1e126-9d0c-4626-af13-3b7d579f2232', '15739eb0-a229-4bc7-8bb3-c126ca4c9a5a', '$2b$07$9RIj6uP2OzzjBHvZQmR9R.bCNjTwDlSq6WSUz2DFBccbDaHsHkW0S', 'true'),
	('9001b499-b7d2-47ad-915a-b8509df2cd70', '10b2785f-ac65-4482-99a5-a32cc5216604', '$2b$07$EiqqYl8utpGWoBwZLMC7H.PEqA.Zt48yv9Gpopc7epqUGhJP3FbiG', 'true'),
	('0d7bd51d-5fa5-4d24-8fdf-3377c47f07fb', 'c4aaf7ce-02d3-40a2-9bcf-95f936f515da', '$2b$07$NN.WYVxbehpoMPfkvAtGxOiVrlbMJStwp0GgjLpjGhxpJYGvCdSRa', 'true'),
	('ec500b6b-d99e-42e9-b664-64e133e7211b', '70cd549a-ecf6-4af8-8b97-064e1408f39e', '$2b$07$uNx8M.RA2CctT.szrzkRv.C23wZ8/YZGQF3oCWkX3e7PIiqq9Rg2y', 'true'),
	('8a0412e6-4199-4034-87ea-a595e0672697', '17fa3b0b-8d8b-4ce6-a72a-e4c8155aa77a', '$2b$07$wcq0z2IkbRvz12UjF.Lg4u7.PxU5FL6w19qaksTLnHm3rW6V4vGe2', 'true'),
	('178fe93f-0a06-4477-b5c3-8a7159ccbbdd', '61bbd021-d014-4849-9f0f-0ba63928a64f', '$2b$07$ghQVBwEj0xa/047KmrAf4ufaPaqXl61WPhimpkMs0XTKn9IS20E9O', 'true'),
	('6b5fd570-c2c3-46d9-af4a-44c0176cb001', '42957721-7090-43e7-94e7-52b3d09a8aef', '$2b$07$7Vg5kOIwuwt9Yn3DQQlzB.spRmmxebFZcePH./s/M1QuHTwPnKlbK', 'true'),
	('77ebe5d9-8c78-4272-b314-d803c121e505', '3a94158c-67f3-4f3e-bb4a-8a6333e434f7', '$2b$07$VzbOXkw7VBGleXbl6Gzw2O15efS/rmH0H5mYsFLkE0JRk15tlsZ/S', 'true'),
	('c1d9715d-4a74-417d-a7c8-63e5604aff2e', '11c45ea1-9a9b-4137-ba85-43411094f70d', '$2b$07$UitBX0BRZPxD63rnUVvKp.b9PA4PNUFN1C3YXWDsCFiGs9MgVX9vW', 'true'),
	('5e223091-3aac-4f25-9e23-51d82e379ff7', '53d1d46f-46ce-471e-aacf-388068dc084b', '$2b$07$KSqkurKIkVOYo8MS7g9CzOmsXbo.X/jCGT5ut4sGc4XtnWCd4CnHq', 'true'),
	('efdcccaf-03eb-4a22-bd07-f82c6e065497', 'f2416658-b623-4064-8097-6ff44babaace', '$2b$07$8OyTCluStwn2YwXdi/.jS.zSfoZljkHXShVaLRr.lbF.zBy4L339W', 'true'),
	('8327a542-e6d9-4345-a2f0-e222ab9401cf', 'c5dd16cf-6585-4ca6-81e8-f0eefe58774a', '$2b$07$Nv7doaVmWz0cLIaU6jpBP.YqFdX.V7kSNJztA18Oamx5N5zOipbe6', 'true'),
	('8bcd54bc-624d-40a3-ab98-a65e9bf7876f', 'd747ba7a-dcd8-456c-ac64-34bac049c2dc', '$2b$07$MD6NzEtsGPEE.NGIVQ4FcutasKaVAvMsrXevtsxH5yaDzUSyxB1tW', 'true'),
	('cb59c94e-f442-48d8-aa43-d8f9a1287095', '127b6e03-c912-49d0-ae54-5319aadcf4a9', '$2b$07$EyDIG0iVbPJUp2nWEnWWQeZD1yNZHdSw6tEmbxiAjHwaC20Ikv1Nq', 'true'),
	('fbf8be36-01d6-4f40-8c63-d6891ee34971', 'd0565b41-96a6-4f44-8e0b-75de38303592', '$2b$07$0Vi933yxr1N1v9.VFUxWpuzvWrl37w/8A8p2cDR8G8mUB6t1PnW22', 'true'),
	('1e2d4829-9a2f-4489-949e-b025dac9079c', '51fff97c-23f7-4ad1-9646-3de807a38591', '$2b$07$ingTocv.gcdAX9fghZot2OP9.ISKOmttnqGlOF3cQs6LpDOLhJP.u', 'true'),
	('0e832894-dcf0-40c5-9b18-53a7f1eadb18', '0148df82-2778-4f62-a5d7-5b1c7e449d90', '$2b$07$Ek6P5VDuz4zluuyzAUeM2O6WsYlOZJgN7Jhs1E8kq6Yj80a9miZvy', 'true'),
	('21a58a58-fd12-4805-ac79-2b0a1af36789', 'eba96f02-3954-41bd-9c96-af2c4504509b', '$2b$07$2R0hO2CISPpuvVlvjornceecPApiwce0nv4Sx8oOp2o07K/5uPnDm', 'true'),
	('0398a52d-e86b-4f2f-bed1-6f1b8a22b75f', '09065a57-b8d0-4940-acfa-b86935610190', '$2b$07$KwDKAy/6TE.YxG2Tx6xXR.Oa7LaOZaMhANM6l2JGzGTKo3q9TpkSq', 'true'),
	('4114a1a2-2a7a-42da-b0a9-17a9da1555c2', 'b3cb113c-3c18-4761-9680-4ea50ef6853a', '$2b$07$vwKf1FR21C7O0TNxGBc3yuIaiwmik8xL4vAVS7FxHWgqAUT67HjIG', 'true'),
	('10681eea-ba7e-4268-b7ae-a0ce513ba298', '1f2032d9-1b0d-4a86-8bb2-de3d0e226b7b', '$2b$07$xkuL8lIMImyoggjLtGNliuAZbLlVG55mztwmFY/1uS29qoorG6JKO', 'true'),
	('4277f9bc-8bed-4185-be2e-0bf90da0cdfd', '0c3eef3b-1506-4e05-8661-7f0df0d1570f', '$2b$07$9dMQOMhjGhfAO48LRYakbuOo.Ih.LElyk6IkkV90VHVh7fYq73O/W', 'true'),
	('31c6d380-d281-423c-bb81-51cfca88dae9', '489df175-de77-4105-ba05-81498d224752', '$2b$07$L5sMxQg73JdzLt3dZdOMPu1YkTKiwzphkxa26Sy50zzCoFe5.Tiia', 'true'),
	('11035b40-228d-463f-9a1a-a508405a4207', 'e2355ebb-80fa-43b8-9a16-032d21fd555c', '$2b$07$dSZ3g0LG6ntXa8QBqll11Ov67AGNmAM9paMNCtG/QuEWIRFsUlaSm', 'true'),
	('1f7f0923-c684-4233-b71d-7e1e4130c28b', '82ec0252-3c66-4e0a-b130-851424d2036c', '$2b$07$jDcZ4rND6SaV6UQLVGFW9eG4HLiiTJ96V5/d2Smjc6z6IpCI3j59y', 'true'),
	('c84362f9-46dc-433b-a26a-dd99634f02a9', 'e0b3c9ca-28ef-4514-a5ce-3f1101be4665', '$2b$07$CF6SrYEufyllBshDfv26iOky6wMGXH6kMzpYk7TE00cwyg/i1B1kK', 'true'),
	('2b6632c4-e4aa-4bc4-88ef-ed511c231ff5', '5840194d-ba7a-4eb8-95f8-2912f1502524', '$2b$07$5/M1mh4TGzh0SQiZYv6t3eEihFzJ5b0GKmwpIP8I3vR.OivkuJ/oi', 'true'),
	('e0b4bcfe-71fa-41d6-bd6b-364530b71292', '41a5d37f-f502-4af3-bf96-d987873f8fc3', '$2b$07$jLPM/Q8HCvTPiSXfz.7mauw5l34tP5H418UOJCO5s7YGbTAeNFAOe', 'true'),
	('e477527c-0c84-4f8c-bb12-6f2657d5c4db', 'b440c922-e3c3-4130-86b3-7ef283db4e5e', '$2b$07$23MBS1Ot9peH3060XkNoVeiTVVjlyDGYYwX9qa181tOgPPJVJBcEa', 'true'),
	('524bb126-0376-4558-9e7c-82680727756b', '8146973f-3b81-47ed-8c4e-d814fe095fed', '$2b$07$MSMIKtj7DSC5FGQGveD64.ieYRdLEUez.tWHaqNsQMeWnjNfy7DTe', 'true'),
	('6d6ab2c5-e765-4dff-b832-bfe815dd4c3b', 'c275d124-b9db-4fb1-8a90-542035c81bb1', '$2b$07$.pgA78BbCmrTLosc4.5kbelQH56AcmUilIxzoUbFaQiKCq2N4gGzS', 'true'),
	('bc8bcfd5-2633-4bba-ab02-447947b461c2', '695c576e-3d9d-47eb-ac62-e85f7c692273', '$2b$07$nI5rxS9VapHFZu3aLdq5XeQ4pQHFqzJlsLcgBuf.NKnRAixOgoHFS', 'true'),
	('7e4b8096-5537-4d62-885f-12e677237303', '5b999f73-7d43-4996-a622-3061e997cb6e', '$2b$07$.LEyVsKtrqCCFraj7PuAGuuodMdwqPyzbdNREnPwUKY7SoO7YMxhK', 'true'),
	('85d66084-1a72-4cc6-a1ca-d6aa586704ca', 'e763c5ef-223c-4c19-96c2-db7d53753030', '$2b$07$fKa3riv.HS0KwqfsVoS0aesYJhSZb2XaJANY6mqe3hl9E5ZhL9ofm', 'true'),
	('12c910e1-7a93-4d1d-b041-a6a4281c03d8', 'bf86d327-1b95-4c8e-9c93-e67386dada0e', '$2b$07$TyjvNVtKMk/OIaQ/fi.AcejEa1F/.J1T.ck5n1Bh3qI435MFuzF/e', 'true'),
	('8bb97883-ac0f-4d65-9972-9bccfc7a2ec1', '3db8d609-e700-4b09-8e37-cfe101daf0b9', '$2b$07$Z13QVi3xqRLoNJ2BgHWBDO34hI4vORUra1A9WzP6jDzXQoQJnoiiq', 'true'),
	('04cb3d81-6f4a-4f20-af24-76503344ca88', '968a9ddb-1586-4262-b4cc-0cc5f3d7c6a6', '$2b$07$g7XBIVLKzN1uuiF7gLsJ1OM3JpKeelzRGftvc5lNE6w9KqnSrOLwa', 'true'),
	('f5b86d19-efaf-402d-996e-ea60b921ae91', '4c37135f-46ca-462a-8fc7-decba441b35a', '$2b$07$dX4Z6IKzXy3JOo60P5cbN.4/7QDVngiBQ94/Qm96Wdvl3J/TJowda', 'true'),
	('d31972ec-80ce-4dbe-84d8-4e461b2a2f62', 'afc78eb3-6324-4ceb-aca6-d7c2c3e7a9a6', '$2b$07$UWYIGQlMYTnkNZBDyr3WTuh5wh7R6vXpzSgyfA9l2cnIaFr/FrcKe', 'true'),
	('2e053168-be37-427c-8835-10d5442ba055', '643a4c10-023c-4e0d-88b9-9fac5a967b67', '$2b$07$FZ01bvZQpQrcVNCEjmwqa.96.GIdZF10U7uWh7gnYndvsaJYzVI6a', 'true'),
	('19d02a8d-c7a9-4e59-83a3-2c231d844718', 'e80b8616-ac82-4624-ad49-39340633ad97', '$2b$07$.8mGYSXW2.ClhCF087ShBeTh/2LdURgsi4enT7W2m.QohtYVo97Qm', 'true'),
	('e4a35553-ab9d-45b5-bfbc-144b4d2703a2', 'd627a76f-0ef2-4355-a6a0-c9136e84c0c6', '$2b$07$uwaDuJNq6uVglVd/ZR2jdO8wXp7d3WFc0bmcGFM1soB6o8NqHnUHy', 'true'),
	('f3d6c218-0e60-4abb-8fb8-4077f15aefe6', 'e69fff51-d033-43d0-8800-9c5db506f505', '$2b$07$I2qa7ZNYRBUnzouzV5sqB.X59UBJkgjyPgCBCqp7O0U.2rdE798aa', 'true'),
	('7d9b405d-53c4-4009-a5fd-da9ddd0c50f1', 'd79193db-2c73-45a7-943d-b5bf63825213', '$2b$07$mHQ1kpoobyY5DXgZGI3kg.9B/gBqJyNqChStmaqSIxaqjenOKh9vi', 'true');

INSERT INTO "engine" ("id", "name") VALUES
	('1', '3ZZ'),
	('2', 'M70B50'),
	('3', 'B6304T4'),
	('4', 'F23A'),
	('5', 'AAN'),
	('6', 'ES9A'),
	('7', '370A0011'),
	('8', 'VH45DE'),
	('9', '99X'),
	('10', 'L86');

INSERT INTO "car" ("id", "client_id", "number", "name", "release_year", "mileage", "vin", "color", "engine_id") VALUES
	('deba6b49-c46e-4211-9296-05120fe703cf', '9953e565-53b7-4656-9c19-2c91db520f93', 'К894МО09', 'Ford Freestyle', '2004', '99654', 'VU6PW771928498301', 'Голубой', '9'),
	('fd159aa8-6b65-4850-b587-5c6ae12c10e7', '820edaa7-523f-41a4-a7e1-1078fc6f3ad2', 'Н207ТА04', 'Citroen C3 Pluriel', '2002', '354567', 'UA6WS728618424178', 'Сине-зелёный', '6'),
	('819259b4-8167-47a8-8de7-d6dde77e22a6', '692dc911-d4d8-4847-ad21-d28a064d0f2e', 'Е667СТ64', 'Fiat Panda', '2011', '156234', 'GD4JH607434381190', 'Серебристо-бежевый', '7'),
	('6e0c9abe-ac81-450d-9d53-aea13887533c', '64112bd3-a1e7-4bbb-8b62-743c8dc0c1ee', 'М694УС19', 'Chevrolet Captiva', '2013', '465477', 'М694УС19', 'Светло-синий', '10'),
	('adc46e5a-ea86-4e52-beb2-cac60116158e', 'e3729046-eda8-43d6-bd06-ff10d3afd051', 'е435рм790', 'Toyota Prius', '2010', '130000', 'HFG6456HGFH765765', 'Серебряный', '1'),
	('859be9ca-f66a-43e3-8a72-a8efbf124af2', '3e9d86cd-6787-4e53-8dad-c0a087303fbd', 'Р331НК66', 'BMW X5', '2014', '300000', 'HU7XY321421300616', 'Черный', '2'),
	('930ecd12-2331-4556-8c28-53cefa2d6929', '25c775ae-addb-43b6-90db-d167e59de331', 'У178ТХ90', 'Audi A1', '2010', '234567', 'SJ6EF658560570104', 'Ярко-синий', '5'),
	('e92a293d-2735-4ad5-8a0b-788bec00e9e0', '5e365982-7399-4f0c-8bf3-b2478016d932', 'О681МН29', 'Infiniti EX', '2003', '265765', 'JR7WN665283094949', 'Красно-оранжевый', '8'),
	('93d99692-b782-477b-9abe-0598625053f4', 'dd84030b-12ce-4f49-af41-0a34d3605a38', 'Р937ОТ78', 'Honda Accord', '2013', '256547', 'DV9ZF401090991250', 'Бежевый', '4'),
	('158132f8-4565-4d77-9822-568aa6805b96', 'd344527b-9b77-4df9-93aa-d594b4fb6d02', 'К741МК31', 'Volvo XC40', '2011', '346787', 'MK3AK470376877216', 'Серебристый-бежевый', '3'),
	('73aaaa33-4cda-427b-8b61-372f79b9e4c7', '6eaaa9e2-904e-4203-b50c-89596dcfb34d', 'Х602АН32', 'Honda Accord', '2018', '175221', 'AB7UW059116232437', 'Тёмно-фиолетовый', '6'),
	('f6196b0c-7527-4866-b56b-42dff65364e6', '32a60658-63bc-4278-b8eb-960591850fed', 'Т626МО51', 'BMW X3', '2019', '437695', 'MX1AH088535439695', 'Серебристо-ярко-синий', '6'),
	('4f085832-ffec-45d8-b97c-777e03ffd1ec', '54a2a730-66c2-4042-9935-e594e5acecab', 'В961УТ27', 'Hyundai Santa Fe', '2002', '300115', 'PD9GM829248629549', 'Бежево-красный', '1'),
	('8f81eaf3-f71f-47c7-b551-1304d239ae77', 'aa1e1c4f-7701-4134-84c3-cf12a49e3b9d', 'Е156МВ75', 'Fiat Qubo', '2014', '267438', 'YT5RL057353491796', 'Тёмно-филетовый', '9'),
	('f41b0fc4-d4a2-423b-b986-dbd75538a0de', 'd8320a9f-1755-4dd3-9a1e-16e1b26d8168', 'Р745ЕС69', 'Chevrolet Epica', '2011', '192141', 'VE4BP435329184846', 'Серебристый тёмно-фиолетовый', '4'),
	('135e0c9f-4fd9-4520-9c71-a5f8c5789292', '4d6d5bcc-01e9-4ff7-9672-6af77fa7450d', 'М148НТ28', 'Fiat Panda', '2013', '355327', 'HX5LG597904243957', 'Серебристо-коричневый', '4'),
	('169db113-62c2-4236-a2b3-36d13142d823', '66a2066f-ab26-4831-97e7-88b6f13af274', 'Т087АА00', 'Infiniti EX', '2014', '408107', 'RS9KH326854590379', 'Тёмно-серый', '6'),
	('4f81e887-38d1-4675-a9ca-b242a7e41d4f', '4066c901-ac09-47ed-aadc-0c6b91b79ca6', 'Р722ВА45', 'Volvo C30', '2011', '127885', 'TD5VV589728285165', 'Серебристый фиолетовый', '4'),
	('1fbb3fcf-d1d3-4032-a51d-bed6e0ae4e6a', 'f5bb0587-1c26-40cb-bc63-15fb9bd19578', 'С626КТ72', 'Citroen C4 Cactus', '2018', '201194', 'VG3KW735241371461', 'Чёрный', '1'),
	('a774c545-f0e5-4a9e-9111-8a29cac70a33', 'dc143abf-ca4c-4971-975c-1afb7dbc2d5f', 'Р973НЕ55', 'Daewoo Leganza', '2000', '206931', 'RV9DP307988917667', 'Серебристо-чёрный', '3'),
	('38a2062a-991b-44c8-af35-8e4b23d814ca', '0d1c40f2-538d-457e-aedc-05a0ce026b7d', 'Е264МВ53', 'Citroen C4 Cactus', '2019', '284484', 'UX5US748654703669', 'Серебристый светло-серый', '8'),
	('bc87f72b-30d6-44b0-a469-0c7883b23a1c', '883e539a-5a94-4112-9283-cbfd28a26fe5', 'Е055ОМ43', 'Audi A3', '2018', '114686', 'JV5ZK883658509522', 'Тёмно-серебристо-красный', '10'),
	('0d0f3112-6dea-480a-aa5a-e70497ff9567', '1b413ed2-0f04-485e-be11-3d32e09f2c52', 'Н844МЕ43', 'Chery Tiggo 5', '2020', '379707', 'UM9NP327082315791', 'Серебристый оранжевый', '5'),
	('bcf339a5-6b76-475f-98a3-3e1c12d1268a', '6a9b1134-2d5a-42e0-a25e-5f7c4b0b7fe8', 'С573ЕО47', 'Citroen C4 Cactus', '2017', '308343', 'HP8RH240349705971', 'Серо-зелёный', '8'),
	('99ebf823-eb5c-45aa-b958-9ff6b85c8275', 'bddc7c28-c2e6-431f-810e-14a017a669e1', 'Х184ОА34', 'Chevrolet Camaro', '2009', '287428', 'SY3UY488914782617', 'Серебристо-серо-графитовый', '6'),
	('09252485-5845-4ee6-b813-5ebe6fb56b09', '89a20320-e5c2-4b7b-a300-bdbfdf5be3d3', 'Х526РК41', 'Hyundai Accent', '2010', '259825', 'PE0WH901788593465', 'Серебристо-серо-зелёный', '9'),
	('924ca29e-99f3-4e9d-b3b6-2b95eaaa13d1', 'd1cf7b03-fa91-465d-96a1-a0aaf565ee3d', 'М821МВ67', 'Audi A4 Allroad Quattro', '2014', '288147', 'GA2VR616637255599', 'Тёмно-синий', '10'),
	('17798483-d107-42d0-b034-87206fbd1c08', '42dc25a3-b777-4d19-90e5-f41fab9b4258', 'Р776РН45', 'BMW X7', '2019', '415615', 'VW2KX074112286872', 'Серебристо-серо-зеленоватый', '6'),
	('12090e4d-dbef-4b54-9e36-02bf231728cc', 'd61930f7-2430-40b0-95e0-811b0b7fb9fb', 'Е528МЕ25', 'Chery Tiggo 8', '2020', '202583', 'LX0HF492575510360', 'Снежно-белый', '3'),
	('9c8a0f9d-26f1-45c3-9659-005e816c2ffe', 'b5648ceb-8f79-4111-a8a0-cb64e0e2de12', 'С367ХУ33', 'BMW X1', '2018', '391229', 'EP3AH646026190809', 'Тёмно-зелёный', '5'),
	('63fd5df4-97ef-4ea3-a38a-93015418d07c', '8d8d10ce-2422-404a-92a1-239fe02eab77', 'К589НК09', 'Infiniti EX', '2013', '365887', 'XY0EU475508978151', 'Тёмно-зелёный', '9'),
	('f5522f2a-1cff-43c4-baf6-5859ff157462', 'ae19c134-0762-47db-abfe-a47fe77837db', 'Е878УУ21', 'Audi A1', '2012', '226317', 'MV8VR120397637656', 'Серебристо-зелёный', '3'),
	('a854162d-1e25-4ed3-996a-3ccaa8153321', '3c94c8f6-d29b-4672-9551-5d657a8a81e5', 'У577ВХ25', 'BMW X2', '2017', '252832', 'ET5UV991363102391', 'Светло-голубой', '9'),
	('5fde80ef-ff00-49bb-b280-2c40a2e9f365', '54f0d595-3864-4198-979e-4c37eab0d726', 'Н426ОК71', 'Geely Coolray', '2019', '409232', 'WA2EB586767967370', 'Светло-фиолетовый', '3'),
	('91f70fd7-0741-4b62-b256-32aa4d73a165', 'a98f0ab3-bbb6-45d4-bd59-7c33802020cf', 'М131РМ72', 'Citroen C5', '2004', '250324', 'JV5XV723768572718', 'Белая двухслойная', '6'),
	('18df40cd-a724-4e71-bdce-0086b20a4561', 'aa51864a-dc74-4631-8f53-53283730da56', 'В533ТВ65', 'Volvo XC70', '2012', '401555', 'NS8HN647670219369', 'Серебристо-молочно-зелёный', '9'),
	('c0954404-a636-4bc7-8227-9ddb0cfb689c', 'eeca761b-2b2c-4b45-b506-66fbb699f6f8', 'У832АС45', 'Hyundai Solaris', '2012', '390523', 'VZ8WB954319660839', 'Тёмно-вишнёвый металлик', '3'),
	('1a0fc6c1-b642-4fa4-8002-5123659434e8', '9302c67e-3ede-44b0-a151-ae3eef1c6f4d', 'К895НМ74', 'Audi A4', '2004', '122018', 'LK7FH070373983460', 'Золотисто-красный', '3'),
	('802dfa13-9a97-4615-8bc2-19a1baf52525', 'dae8ddbe-a6c3-45a9-ae01-f85678f344a5', 'В425МТ27', 'Chevrolet Cruze', '2020', '144390', 'PM2AA648660153463', 'Серебристо-молочно-зелёный', '8'),
	('bcd33849-4199-418f-9db1-0d60b90cb5b4', '7e35ee73-1000-4d11-969e-171b51411681', 'А866ОК84', 'Chevrolet Epica', '2009', '333102', 'MZ5JP469116155902', 'Ярко-синий', '7'),
	('41ad1f67-5353-4e4c-a056-3eff267c0440', '2aa7eb1f-75af-4fd5-8e23-3f455a3f3ce7', 'Р426ХХ38', 'Volvo S90', '2000', '120051', 'VT6EJ690808501433', 'Светло-серый', '10'),
	('6b242922-4e78-458b-b442-d102d1657bdb', '35dd9155-fc1e-45af-9f9f-9664c3dd09ee', 'Т404СВ91', 'Daewoo Nubira', '2008', '100300', 'JF1UA945927729513', 'Оттенок тёмно-синего', '9'),
	('6450d9d5-07ad-4984-8e38-27444607f7d7', '6a6f7459-42a6-436d-9f02-a20ef0870eca', 'В565ТВ76', 'Infiniti EX', '2013', '266665', 'LU0FT009083940721', 'Светлый серо-бежевый', '4'),
	('fbdce4be-055e-46a8-883e-9dba99022cee', '33bbfcf6-d7f2-45f8-8352-20e2f7f26ffa', 'У951ТР56', 'BMW X2', '2020', '379202', 'YR1MF986556931935', 'Серебристо-бежевый', '10'),
	('7cfe84d7-7881-4382-9967-56ddf30da5a2', '016d9a2d-507a-45fc-bcc8-29813f8b41b8', 'Т423АХ16', 'BMW M4', '2015', '113948', 'KY8AA000580387212', 'Красный', '5'),
	('693d0b9f-f263-44f3-bc64-b7b5d4f3fdd5', 'da443b71-ea9e-4c38-8076-dba869c1ad7b', 'Т994ММ47', 'Volvo C70 Convertible', '2001', '361140', 'VS4KT656337483587', 'Ярко-жёлтый', '10'),
	('48658f3d-4f89-4ffe-ace0-1f259ef9e6f8', '6f555d9b-8680-4132-bccb-23889b530cef', 'К939ВТ76', 'Chevrolet Epica', '2007', '305205', 'TK6RY418704814881', 'Коричневый', '4'),
	('f2fd6f6e-6d4c-4ca9-ac26-5e053c326f6c', '07d48b89-368d-4e44-b3b9-e69b5a72a6ef', 'М195ОТ47', 'Chevrolet Camaro', '2008', '280224', 'GE8VY719037951653', 'Тёмно-зелёный', '1'),
	('1d8b9766-cbbb-4e31-a098-cc02df0dbe40', '5caae26f-f014-4b69-ab70-bc7d5ba3fd48', 'О944РМ12', 'Fiat Sedici', '2006', '318827', 'VD7VP674735987728', 'Серебристо-жёлто-зелёный', '1'),
	('f0cbe75c-55c7-4317-a42a-49f9d3ac4950', '80ea1f94-f816-4713-b912-d43dcfa50b70', 'К281РС36', 'Honda Civic', '2019', '239235', 'NW3UN380770599512', 'Серебристый фиолетовый', '2'),
	('89f7c281-0642-477a-941e-cfe031b0f4ee', 'd4b022bc-12d5-43c2-9aa6-3ca6cde40f81', 'С315СС39', 'Audi A3', '2016', '457780', 'KP4FV670565523129', 'Серебристо-бежевый', '9'),
	('2314a267-2ca5-4605-befd-88043bc58fb0', '4891e0f0-dfee-4874-b1ea-92af7760e5ec', 'М809ТЕ39', 'Chevrolet Aveo', '2005', '254081', 'VD1EH946745922535', 'Золотисто-оливковый', '9'),
	('b912cae8-a208-46be-9854-4ae40d9ab19d', 'd7e65fff-ebe8-43ee-bef9-092c4d74459d', 'М848КК82', 'Volvo S40', '2002', '294437', 'GW0HG432716936554', 'Тёмно-зелёный', '2'),
	('93c9c998-649a-4958-a748-bbd734053ba5', '4c6f8767-1537-4256-a924-af78e2c587df', 'Т046ХС21', 'Infiniti EX', '2013', '300598', 'UF7KS923042156008', 'Металлик серо-бежевый', '5'),
	('e0915370-b1ff-4143-a548-740ab08cebdd', '8129236c-4d0b-4c1f-921c-b163a6d6e479', 'Х686ВА03', 'Geely Coolray', '2019', '164430', 'VF8RE752466608312', 'Тёмно-серый', '4'),
	('3c0d1d71-14c2-4a97-badc-daa7f80cdc32', '952796e6-fcaf-4e5a-8ed5-66c5976b993d', 'У430ОХ82', 'Citroen C4 Aircross', '2017', '384953', 'AX8HK580689072542', 'Серебристый сине-зелёный', '9'),
	('30ce6615-9dfc-40e8-adc9-81e9708c9a8a', '15739eb0-a229-4bc7-8bb3-c126ca4c9a5a', 'У232ВХ85', 'Chevrolet Epica', '2011', '366177', 'WG0MG820008431436', 'Тёмно-зелёный', '1'),
	('a25f6514-be92-4d95-951c-41d43a7e0009', '10b2785f-ac65-4482-99a5-a32cc5216604', 'В786ВР24', 'Citroen C3', '2010', '291921', 'PZ1UP538978467855', 'Тёмно-коричневый', '10'),
	('add03529-24b6-4678-8be2-25307e939809', 'c4aaf7ce-02d3-40a2-9bcf-95f936f515da', 'О788ТВ45', 'Citroen C3 Picasso', '2020', '458212', 'KD0GM954473284290', 'Тёмно-синий', '9'),
	('962d83bf-ea5b-4c93-9d11-19da341fc806', '70cd549a-ecf6-4af8-8b97-064e1408f39e', 'Н228ТХ81', 'Daewoo Matiz', '2002', '424752', 'VJ1XW854024565742', 'Тёмно-голубой', '10'),
	('83333970-916a-4057-bc7b-834b50373c37', '17fa3b0b-8d8b-4ce6-a72a-e4c8155aa77a', 'Р662МУ33', 'Citroen C4 Cactus', '2015', '393533', 'AX1FR288473029880', 'Красный металлик', '10'),
	('f7d969fb-89fb-4fb4-ae29-7dddb008052d', '61bbd021-d014-4849-9f0f-0ba63928a64f', 'О340РР17', 'Ford Galaxy', '1995', '128145', 'TX7AL506267483798', 'Белый металлик', '4'),
	('2ddcb094-9cf4-4239-afc3-8e26bf7fdc63', '42957721-7090-43e7-94e7-52b3d09a8aef', 'Р934ОО44', 'Citroen C4 Aircross', '2020', '240921', 'VY3ZN420679947448', 'Красный', '9'),
	('3322f34b-37e2-4f31-ad13-e8709dd9a30a', '3a94158c-67f3-4f3e-bb4a-8a6333e434f7', 'М171РМ76', 'Hyundai ix35', '2017', '314949', 'ET9ST621137316706', 'Серо-чёрный', '2'),
	('cc39b541-a3ab-435e-8125-011eb458db52', '11c45ea1-9a9b-4137-ba85-43411094f70d', 'Е446УК68', 'Honda Accord', '2016', '375094', 'NV7UJ368338180075', 'Серебристо-зелёно-голубой', '9'),
	('b165badf-4b38-4083-99d6-8cb50bccbd67', '53d1d46f-46ce-471e-aacf-388068dc084b', 'Р173РК88', 'Hyundai Solaris', '2011', '364835', 'VU4PA027450823344', 'Серебристо-бежевый', '8'),
	('283b57bf-3130-422f-924a-6aa2dfd59f41', 'f2416658-b623-4064-8097-6ff44babaace', 'А721МТ55', 'Ford C-Max', '2018', '256910', 'YZ7PL435533394964', 'Серебристый стальной', '3'),
	('84c309e8-8649-4d1a-baac-2a67a4382e32', 'c5dd16cf-6585-4ca6-81e8-f0eefe58774a', 'Р772ТТ88', 'Chevrolet Cruze', '2010', '425147', 'XS2GV816264379489', 'Тёмно-филетовый', '10'),
	('7b7b1caa-3c12-44a3-8147-ac8bfa3684da', 'd747ba7a-dcd8-456c-ac64-34bac049c2dc', 'О357РС49', 'Hyundai ix20', '2014', '229033', 'AW9XN344945377849', 'Серо-синий', '7'),
	('0163b6f6-30c2-4a46-ab63-4a9abb949619', '127b6e03-c912-49d0-ae54-5319aadcf4a9', 'В085МА11', 'Geely Coolray', '2020', '102627', 'XV8VS443580554942', 'Красный металлик', '10'),
	('889e5e0e-45bf-48f5-b03a-91042979dee2', 'd0565b41-96a6-4f44-8e0b-75de38303592', 'У212УХ27', 'Citroen C2', '2003', '202623', 'TN7YB799321734018', 'Зелёный', '10'),
	('9498f792-56ca-42a5-b6f5-ad08cbbacd68', '51fff97c-23f7-4ad1-9646-3de807a38591', 'Т806ВХ49', 'Infiniti EX', '2014', '146499', 'WD4FG948517159776', 'Ярко-жёлтый', '2'),
	('75300bc6-8c60-4ee2-9960-dede25430d67', '0148df82-2778-4f62-a5d7-5b1c7e449d90', 'В956ХС00', 'Honda Civic', '2019', '455388', 'JL6WY585854093756', 'Бежевый', '1'),
	('8a76ee69-5256-46c3-9cb1-535b51a79c7a', 'eba96f02-3954-41bd-9c96-af2c4504509b', 'Н099ХА57', 'Volvo S80', '2016', '377460', 'WY0BF358599662896', 'Тёмно-фиолетовый', '10'),
	('8023c72e-dafa-491b-b2dd-069a8baaa1c9', '09065a57-b8d0-4940-acfa-b86935610190', 'К728АС88', 'Hyundai Solaris', '2018', '205731', 'LG7LV722544801010', 'Красный', '1'),
	('7a7b60bf-d26f-4a8e-8765-37ed0db25d77', 'b3cb113c-3c18-4761-9680-4ea50ef6853a', 'Е402АТ61', 'Chery Tiggo 7', '2020', '336352', 'TW1RL227331165873', 'Красный металлик', '3'),
	('7c867ea6-8613-4ccf-b66a-a8780df3796b', '1f2032d9-1b0d-4a86-8bb2-de3d0e226b7b', 'О374КК36', 'Citroen C4', '2019', '100263', 'BB0FJ741516471876', 'Серебристо-тёмно серый', '9'),
	('0db54950-a17e-4d16-adf2-b69653db63de', '0c3eef3b-1506-4e05-8661-7f0df0d1570f', 'С426ЕТ49', 'Ford Focus Active', '2018', '333906', 'ZS5SV190970405968', 'Серебристый тёмно-бордовый', '10'),
	('7e7c9562-d96e-4421-94d0-af8e5774bebd', '489df175-de77-4105-ba05-81498d224752', 'А677ВО46', 'Geely Coolray', '2020', '443949', 'TT9MS748204598841', 'Светло-серый', '1'),
	('9f2d9c18-348d-4f2e-9f48-79920747ef7d', 'e2355ebb-80fa-43b8-9a16-032d21fd555c', 'Р231МС93', 'Daewoo Nexia', '2000', '445599', 'XM6VF688166879851', 'Серебристо-серый', '3'),
	('e357f377-6173-49ef-abad-8cf3aba17396', '82ec0252-3c66-4e0a-b130-851424d2036c', 'А449ОК40', 'Audi A1', '2015', '161673', 'HW0KK012508666430', 'Желто-зелёный', '9'),
	('d45dba3b-05f1-4bd4-9b21-f0b17270ec9b', 'e0b3c9ca-28ef-4514-a5ce-3f1101be4665', 'С433ЕК23', 'Ford Galaxy', '2005', '371034', 'AP4SW079197642708', 'Коричневый', '10'),
	('0c8ef50b-1512-48ee-9341-66c6cb35d805', '5840194d-ba7a-4eb8-95f8-2912f1502524', 'Т311НК97', 'Audi A2', '2002', '227211', 'HV3UW570787906252', 'Тёмно-фиолетовый', '6'),
	('7d2a4e3a-e2dd-4c82-bcf4-44476332be98', '41a5d37f-f502-4af3-bf96-d987873f8fc3', 'К060ТО98', 'Daewoo Magnus', '2002', '192160', 'SJ6PH505055715129', 'Светло-фиолетовый', '2'),
	('ca8d1a7a-aca3-45d5-ac92-7b3c5e501ed7', 'b440c922-e3c3-4130-86b3-7ef283db4e5e', 'У545ТР63', 'Ford Focus', '2007', '393693', 'PP4MM050541054709', 'Серебристо-серо-зеленоватый', '9'),
	('1331a522-96d5-4635-a3b9-632b016cc330', '8146973f-3b81-47ed-8c4e-d814fe095fed', 'С921ХХ23', 'Geely Coolray', '2019', '181867', 'MG0UY667947121823', 'Серебристо-бледно-серый', '6'),
	('196ee884-2153-4304-aa95-5f59a8044c12', 'c275d124-b9db-4fb1-8a90-542035c81bb1', 'Е284ТС02', 'Hyundai Creta', '2015', '153008', 'FR3UU274321463330', 'Тёмно-красный', '3'),
	('9e460a01-e5f2-4f0d-b344-43823fc0ce1e', '695c576e-3d9d-47eb-ac62-e85f7c692273', 'С157ЕР78', 'Chery Bonus', '2011', '207103', 'WD0NV441074559260', 'Тёмно-коричневый', '10'),
	('2290692c-334b-4e13-97e4-eea4fb36523a', '5b999f73-7d43-4996-a622-3061e997cb6e', 'М096МТ93', 'Chevrolet Lacetti', '2007', '150465', 'GV6AF304175718531', 'Тёмно-бежевый', '8'),
	('5ab10002-20bd-4556-9a6f-ecf8d6796ed3', 'e763c5ef-223c-4c19-96c2-db7d53753030', 'Р950ВР75', 'Citroen C4 Picasso', '2007', '439478', 'PM4JE300663604639', 'Оттенок тёмно-синего', '6'),
	('43f63e56-0e5c-4f12-9c19-56632e8954af', 'bf86d327-1b95-4c8e-9c93-e67386dada0e', 'В687ХН15', 'Fiat Panda', '2003', '176374', 'ZN8XL689391002701', 'Зелёный', '4'),
	('4881868c-76ae-4e44-b9fe-1ce64bc06797', '3db8d609-e700-4b09-8e37-cfe101daf0b9', 'Е179КА98', 'Geely Emgrand EC7', '2013', '440158', 'YM5AJ088636829738', 'Белый', '8'),
	('34b1d8f4-cf8b-47d5-865c-b004ed822c2f', '968a9ddb-1586-4262-b4cc-0cc5f3d7c6a6', 'У728КУ26', 'Fiat Punto', '2018', '157991', 'YG6HW956797665837', 'Голубой', '10'),
	('9ecf4eee-8451-4f38-8e3e-697da8e12303', '4c37135f-46ca-462a-8fc7-decba441b35a', 'М972ТА19', 'Geely Emgrand X7', '2014', '196584', 'NT6WE602481290087', 'Серебристый оранжевый', '9'),
	('0e40da68-2357-447f-9bea-8e4fd147b871', 'afc78eb3-6324-4ceb-aca6-d7c2c3e7a9a6', 'С634КТ20', 'Geely Emgrand X7', '2020', '457118', 'DZ8MP749929464512', 'Ярко-красный', '8'),
	('6bb036c7-22a2-40aa-b28a-bcb5b7456e2c', '643a4c10-023c-4e0d-88b9-9fac5a967b67', 'Т564РО03', 'Chery Bonus 3', '2019', '302602', 'KL1BU005520994245', 'Светло-серый', '1'),
	('fc7729b4-ec69-4651-9d9a-68764b1b7244', 'e80b8616-ac82-4624-ad49-39340633ad97', 'Е343ВМ20', 'Ford C-Max', '2016', '437210', 'PY1KK888905197735', 'Серо-синий', '8'),
	('cecfb72b-0109-4531-9d3e-b36ffd1a94cf', 'd627a76f-0ef2-4355-a6a0-c9136e84c0c6', 'Т456ТТ62', 'Geely Atlas', '2020', '143959', 'JT0VS728218611552', 'Серебристо-зеленоватый', '10'),
	('1424d2cf-2e4e-4d4e-8db8-6de463ae398a', 'e69fff51-d033-43d0-8800-9c5db506f505', 'У596КУ27', 'Daewoo Nubira', '2005', '185962', 'TB4LK109816383510', 'Серебристо-серо-голубоватый', '4'),
	('8572d440-ee68-4c67-92cc-7fd07b9c9caa', 'd79193db-2c73-45a7-943d-b5bf63825213', 'К442УН54', 'Volvo XC70', '2002', '349200', 'ZU3JM961207933042', 'Серебристо-тёмно-серо-синий', '7');

INSERT INTO "employee" ("id", "surname", "firstname", "lastname") VALUES
	('817679b1-3564-47d6-9c55-59e2223fa833', 'Щукин', 'Платон', 'Гордеевич'),
	('cb2f027d-5202-465b-a35e-1429edf78613', 'Прохорова', 'Екатерина', 'Назаровна'),
	('78d0f9f6-db14-447a-b0a6-86b2a2514baa', 'Кудряшов', 'Ярослав', 'Маратович'),
	('002c1f58-1499-4dc6-b577-ae847435b50a', 'Осипова', 'Виталина', 'Максимовна'),
	('af7e3c60-3464-4038-9edc-f1911e4cab53', 'Суханов', 'Эмиль', 'Данилович'),
	('908c7c3c-f71c-4557-8bfe-28e1dac194af', 'Агафонова', 'София', 'Мироновна'),
	('0d665a01-319a-458c-b287-833a1b16d4da', 'Богданова', 'Ангелина', 'Арсеньевна'),
	('3be35f41-e82a-4aa7-b558-a70d76e7d86c', 'Быков', 'Артемий', 'Арсенович'),
	('124b47df-04a4-4b2d-a0ec-5a191f60a9db', 'Тарасова', 'Оксана', 'Васильевна'),
	('12845c26-9f30-451c-a413-cd49cb0aac92', 'Ковалёва', 'Оксана', 'Сергеевна'),
	('433a84dd-f834-42d8-9826-0b1977b9abc6', 'Пономарёв', 'Максим', 'Евгеньевич'),
	('fb1deb92-40fe-4acd-aca3-9ce09fa95911', 'Фролов', 'Тимофей', 'Олегович'),
	('e3175211-6c72-4864-aac7-73a3d98fc2fd', 'Селиверстова', 'Эвелина', 'Михаиловна'),
	('240af03c-8668-463c-bd60-4ea88c185366', 'Ефимова', 'Инна', 'Степановна'),
	('250b837d-f7a8-4dd1-ba91-e7b6527da995', 'Гришина', 'Валентина', 'Яновна'),
	('eb84700f-d193-49f3-aed2-80eaed6ea3c9', 'Рогова', 'Полина', 'Ильинична'),
	('7ce60a12-e850-4928-a55a-2ebfcabaf2ca', 'Константинов', 'Альберт', 'Витальевич'),
	('6b5b327f-ad8d-4b4c-92a8-acb854fd1c15', 'Андреев', 'Руслан', 'Мирославович'),
	('dccaa92e-bd92-40fb-b813-c771264084a3', 'Степанов', 'Платон', 'Маркович'),
	('62f727ca-7421-4e86-af88-cae9caeb03a4', 'Терентьев', 'Руслан', 'Гордеевич');

INSERT INTO "authorization_employee" ("id", "employee_id", "login", "password") VALUES
	('abd0552c-8424-45a2-b017-68270bc2fb75', '817679b1-3564-47d6-9c55-59e2223fa833', 'Shucukin', '$2b$07$fUoc3zkqwDIUy5g4VYNLUOxwWj/Ay5WDkcBVtztoU0lULLwD7dTe.'),
	('52fb568e-4050-43ce-97b5-e0009bc33127', 'cb2f027d-5202-465b-a35e-1429edf78613', 'Prohorova', '$2b$07$L.sMPx5xHC03gZ81WG7nqeGeOGn1fAMwtoyc596SDQpCWw3VC94m.'),
	('a0fcef90-10a1-4a4c-892c-9c5bbcbbda94', '78d0f9f6-db14-447a-b0a6-86b2a2514baa', 'Kudryashov', '$2b$07$z6JeR5LwdND/nrMraZ3SrOdZVWSvgharkPb38j/4.j9aL19CIiHNS'),
	('1ceaeadb-48a7-4014-bdb9-2bfbd4275126', '002c1f58-1499-4dc6-b577-ae847435b50a', 'Osipova', '$2b$07$97/7fKeRi.nterdIDSbFpO6EEbx8AUZ6ygvV4PcqyN49nmxWEIm3m'),
	('a73c964c-d8c8-4c1b-8627-544de789a9c4', 'af7e3c60-3464-4038-9edc-f1911e4cab53', 'Suhanov', '$2b$07$iy/RlgmRTp9BZwQk3KAtgOK4VjDzk3eNuQIkHw83IX5k941ksRj8G'),
	('324a872d-0bc1-4954-a144-1e936db88721', '908c7c3c-f71c-4557-8bfe-28e1dac194af', 'Agafonova', '$2b$07$g76KMkwumaQjfutOXIpbuONCzRCsjrBbR5D0UrjIkHD57RSF/PQtm'),
	('01abbd3e-f4dc-46a5-96a4-61759e92d06a', '0d665a01-319a-458c-b287-833a1b16d4da', 'Bogdanova', '$2b$07$.4y3IgdgCKJPbLcNxfq6KOzdsQLqT0oOpJJ8gli8WxNBZwvCPCCGK'),
	('35eeebfc-e2e5-4447-97dd-b125e431cd49', '3be35f41-e82a-4aa7-b558-a70d76e7d86c', 'Bykov', '$2b$07$sQm/wDFSCIhw3vHoA3ygNefa11v/cX/CEdSfhM4Pm/bXI1.i.dnaq'),
	('f1414bff-716b-49ff-91fb-345fc02d2778', '124b47df-04a4-4b2d-a0ec-5a191f60a9db', 'Tarasova', '$2b$07$StqlkvTqoZHyru2IKvKnYu.WXWBA.PAUKBQvCvXVwz7l9iOcVEydC'),
	('a62949fb-d90c-4963-98f8-8322d7234482', '12845c26-9f30-451c-a413-cd49cb0aac92', 'Kovalyova', '$2b$07$gPB4HNaIt4Uae9wn.USff.4FccgyFBabDmFMbemeNDOpUQYw7eRVu'),
	('13285979-7589-497a-af1a-5fd1cb2e2991', '433a84dd-f834-42d8-9826-0b1977b9abc6', 'Ponomaryov', '$2b$07$y0GzueJ7oGfiV/iNR3W1kufutdJhuT.jYa3KWMnYoo8JOHds1OMK2'),
	('3287985c-5a26-434c-b74a-4e4c965a457a', 'fb1deb92-40fe-4acd-aca3-9ce09fa95911', 'Frolov', '$2b$07$T6UfrchQv64zcZ7uveZeAe2rWh78aoHC5mVfu.4fjaqztPFzBixme'),
	('27118fdb-c177-48f5-a62f-50c5ccb5dab5', 'e3175211-6c72-4864-aac7-73a3d98fc2fd', 'Seliverstova', '$2b$07$CegYs1sSPBAS3cf8rZJ/u.qJ8YP6Faz5/SvIowOhPzSF8Q.sEsg/e'),
	('5158344c-d7c6-4d0e-bbc1-2aecfe326778', '240af03c-8668-463c-bd60-4ea88c185366', 'Efimova', '$2b$07$X4ZgnuC4mTgSypf6EcbzaudsajuYZSU3z.p32HElDArqGXXBJb/62'),
	('736b68f0-8f12-44d3-afca-d304b76433e2', '250b837d-f7a8-4dd1-ba91-e7b6527da995', 'Grishina', '$2b$07$OGHBx/pkLH7MjWQUFCuJ2.I7BdAr40uV8iH07VzOQ4TTb9ijWk9RS'),
	('4367a771-5641-4b52-b88d-9d05d3fa9042', 'eb84700f-d193-49f3-aed2-80eaed6ea3c9', 'Rogova', '$2b$07$wjxKD3eKvvxcdDxZyKxEp.3D4fKMHOtmcWYBWFTsVhrG0zOhTTxDG'),
	('5d444ac1-a10e-4804-bbeb-72087ccca481', '7ce60a12-e850-4928-a55a-2ebfcabaf2ca', 'Konstantinov', '$2b$07$QdqspEdttIGSc8M8WIXDAer4cE7jG3DtX6QETU/diWcjNP9847ur2'),
	('9888d6e8-311c-44db-b828-9e9447a5ad56', '6b5b327f-ad8d-4b4c-92a8-acb854fd1c15', 'Andreev', '$2b$07$hiD8pg/HLFF/IifvdnKkzOUwiUOHssEnK4MGoXGz8M05sN1V78rWC'),
	('1cbda671-abe3-4de9-87fd-8662ffc4accf', 'dccaa92e-bd92-40fb-b813-c771264084a3', 'Stepanov', '$2b$07$JlEPBy7863Z1X0/BFq3nvukz0p1eV56b7np596YsZQYIQ/BzTOYce'),
	('e3b5932e-8188-424d-a91a-0f7ca7077d30', '62f727ca-7421-4e86-af88-cae9caeb03a4', 'Terentev', '$2b$07$Zay/xJBERxzdxhg/hAZU4uKx4z.g5Q2tpAS1l50OIWh0LxPQk/JlS');

INSERT INTO "status_order" ("id", "name") VALUES
	('1', 'Завершён'),
	('2', 'Ожидает выполнения'),
	('3', 'В процессе'),
	('4', 'Отменен');

INSERT INTO "order" ("id", "date", "client_id", "employee_id", "status_id") VALUES
	('67888359-010f-4690-ac2a-6c200dafd530', '2023-02-06', '35dd9155-fc1e-45af-9f9f-9664c3dd09ee', '433a84dd-f834-42d8-9826-0b1977b9abc6', '1'),
	('ee4946d5-9f98-4a77-82bd-469651b73d1f', '2023-04-18', '3db8d609-e700-4b09-8e37-cfe101daf0b9', '0d665a01-319a-458c-b287-833a1b16d4da', '1'),
	('28cf42ed-0137-4039-933a-ad4f126899b4', '2022-10-26', '5caae26f-f014-4b69-ab70-bc7d5ba3fd48', '124b47df-04a4-4b2d-a0ec-5a191f60a9db', '1'),
	('356387fd-b6b0-4bd8-8d97-2da3ea4cb42d', '2023-02-18', '33bbfcf6-d7f2-45f8-8352-20e2f7f26ffa', '908c7c3c-f71c-4557-8bfe-28e1dac194af', '1'),
	('05132454-6b17-4b0f-ac95-147e8eff3ae7', '2022-10-26', '8129236c-4d0b-4c1f-921c-b163a6d6e479', '433a84dd-f834-42d8-9826-0b1977b9abc6', '1'),
	('b0fcc0a0-7d80-4115-aefd-63f3a7a08ebe', '2023-09-10', '3e9d86cd-6787-4e53-8dad-c0a087303fbd', '78d0f9f6-db14-447a-b0a6-86b2a2514baa', '1'),
	('f568b035-98bf-4ef3-9bdd-dba25271bb67', '2022-11-12', 'e0b3c9ca-28ef-4514-a5ce-3f1101be4665', 'cb2f027d-5202-465b-a35e-1429edf78613', '1'),
	('de51aeff-6898-4739-9c24-9706eb6847fa', '2022-12-06', 'dd84030b-12ce-4f49-af41-0a34d3605a38', '002c1f58-1499-4dc6-b577-ae847435b50a', '1'),
	('432f9244-d5a1-4cab-9cd6-8080eec2674d', '2023-01-10', '0c3eef3b-1506-4e05-8661-7f0df0d1570f', '908c7c3c-f71c-4557-8bfe-28e1dac194af', '1'),
	('1b46e36a-005d-4cc2-b3b1-383e5675485c', '2022-12-19', 'e80b8616-ac82-4624-ad49-39340633ad97', 'dccaa92e-bd92-40fb-b813-c771264084a3', '1'),
	('590b98fa-1af0-47f8-a18c-08912a5861c2', '2023-04-01', '10b2785f-ac65-4482-99a5-a32cc5216604', '240af03c-8668-463c-bd60-4ea88c185366', '1'),
	('fb7d58f6-bc7b-4640-b09d-6df028d1b0ea', '2023-04-26', '70cd549a-ecf6-4af8-8b97-064e1408f39e', 'af7e3c60-3464-4038-9edc-f1911e4cab53', '1'),
	('20c94fb0-a168-4f98-b131-e6bf162316c4', '2023-10-10', 'bf86d327-1b95-4c8e-9c93-e67386dada0e', '62f727ca-7421-4e86-af88-cae9caeb03a4', '1'),
	('1adbda36-e03e-4558-a19b-a6a38071d49a', '2023-02-24', '51fff97c-23f7-4ad1-9646-3de807a38591', '3be35f41-e82a-4aa7-b558-a70d76e7d86c', '1'),
	('5cf11f35-192e-4b93-8ac7-e5ce882eedc3', '2022-10-25', 'bf86d327-1b95-4c8e-9c93-e67386dada0e', '250b837d-f7a8-4dd1-ba91-e7b6527da995', '1'),
	('1847fe52-ee00-45b1-8949-c2e882a40e9b', '2023-06-06', '3a94158c-67f3-4f3e-bb4a-8a6333e434f7', '908c7c3c-f71c-4557-8bfe-28e1dac194af', '1'),
	('4db002d0-87a6-4153-9942-032928f78319', '2023-10-04', '3e9d86cd-6787-4e53-8dad-c0a087303fbd', '250b837d-f7a8-4dd1-ba91-e7b6527da995', '1'),
	('a33baaf2-b914-44cd-a8ac-a77a86c10574', '2022-12-11', 'd344527b-9b77-4df9-93aa-d594b4fb6d02', '7ce60a12-e850-4928-a55a-2ebfcabaf2ca', '1'),
	('a5172181-2dff-4e72-8c4b-ff0358bf3496', '2023-09-06', '42dc25a3-b777-4d19-90e5-f41fab9b4258', 'e3175211-6c72-4864-aac7-73a3d98fc2fd', '1'),
	('067c46c8-d810-49cc-a167-7d0b2ae4fc0c', '2023-09-19', '3e9d86cd-6787-4e53-8dad-c0a087303fbd', 'af7e3c60-3464-4038-9edc-f1911e4cab53', '1'),
	('596eb8fe-4777-4d29-8696-4aef7883a4a8', '2023-08-19', 'dd84030b-12ce-4f49-af41-0a34d3605a38', '433a84dd-f834-42d8-9826-0b1977b9abc6', '1'),
	('d34e030b-fd45-4af9-b403-3e8ffa5b097f', '2022-12-28', 'a98f0ab3-bbb6-45d4-bd59-7c33802020cf', 'eb84700f-d193-49f3-aed2-80eaed6ea3c9', '1'),
	('2d4a7982-933a-4bc6-82dc-ecaece0aaa60', '2023-03-18', '07d48b89-368d-4e44-b3b9-e69b5a72a6ef', '002c1f58-1499-4dc6-b577-ae847435b50a', '1'),
	('05a46603-d616-4444-abe9-772f3ac919a2', '2023-01-07', '10b2785f-ac65-4482-99a5-a32cc5216604', '0d665a01-319a-458c-b287-833a1b16d4da', '1'),
	('fc878c9a-b51d-4be2-a701-5c3ee2eae59f', '2023-04-10', 'aa51864a-dc74-4631-8f53-53283730da56', '908c7c3c-f71c-4557-8bfe-28e1dac194af', '1'),
	('adb9e324-3425-479b-8e0c-5d810c97e2f5', '2023-09-14', 'd7e65fff-ebe8-43ee-bef9-092c4d74459d', 'af7e3c60-3464-4038-9edc-f1911e4cab53', '1'),
	('1788415a-37c2-4849-b35f-7c6747728680', '2023-01-26', '6eaaa9e2-904e-4203-b50c-89596dcfb34d', '908c7c3c-f71c-4557-8bfe-28e1dac194af', '1'),
	('ea773468-beb0-4f31-a8ba-2e562fb3cbbc', '2023-06-03', 'bddc7c28-c2e6-431f-810e-14a017a669e1', '250b837d-f7a8-4dd1-ba91-e7b6527da995', '1'),
	('88baadc0-4669-458e-849a-17a1276be85c', '2023-09-15', 'b3cb113c-3c18-4761-9680-4ea50ef6853a', '908c7c3c-f71c-4557-8bfe-28e1dac194af', '1'),
	('4977e8fd-80fe-4f74-8de0-ed5dde9234ca', '2023-06-30', '9953e565-53b7-4656-9c19-2c91db520f93', 'af7e3c60-3464-4038-9edc-f1911e4cab53', '1'),
	('f86319ab-0107-4c97-87ce-562558336367', '2022-10-23', 'f2416658-b623-4064-8097-6ff44babaace', 'dccaa92e-bd92-40fb-b813-c771264084a3', '1'),
	('01e888e4-6c89-4c0b-ada4-66275812d4d3', '2022-11-26', '489df175-de77-4105-ba05-81498d224752', '6b5b327f-ad8d-4b4c-92a8-acb854fd1c15', '1'),
	('727b7cc2-8f26-482f-b16d-ad915f2f6a0e', '2023-08-13', '489df175-de77-4105-ba05-81498d224752', '002c1f58-1499-4dc6-b577-ae847435b50a', '1'),
	('05f2d46b-11cb-4584-b049-b65ba5dfc789', '2023-01-05', '0148df82-2778-4f62-a5d7-5b1c7e449d90', 'af7e3c60-3464-4038-9edc-f1911e4cab53', '1'),
	('fb645f34-d187-4237-902c-24ccf972b5bb', '2023-03-10', '3c94c8f6-d29b-4672-9551-5d657a8a81e5', 'fb1deb92-40fe-4acd-aca3-9ce09fa95911', '1'),
	('4f56ee47-a43d-4bfe-ae5d-8b0f9539b6c1', '2022-11-26', '32a60658-63bc-4278-b8eb-960591850fed', '7ce60a12-e850-4928-a55a-2ebfcabaf2ca', '1'),
	('85b01a82-6550-42c3-9713-22b0ee4e4f58', '2023-03-28', '016d9a2d-507a-45fc-bcc8-29813f8b41b8', '6b5b327f-ad8d-4b4c-92a8-acb854fd1c15', '1'),
	('d0bc5927-f8cb-4e19-adcc-176c50dccbcf', '2023-05-20', 'e0b3c9ca-28ef-4514-a5ce-3f1101be4665', 'cb2f027d-5202-465b-a35e-1429edf78613', '1'),
	('13068400-04df-4710-85c6-9732bc383d5d', '2023-02-16', 'b440c922-e3c3-4130-86b3-7ef283db4e5e', '240af03c-8668-463c-bd60-4ea88c185366', '1'),
	('a8871e24-7e21-42a3-a299-02461162e39e', '2023-03-22', '54f0d595-3864-4198-979e-4c37eab0d726', '3be35f41-e82a-4aa7-b558-a70d76e7d86c', '1'),
	('2bd547d4-99b9-43fc-8c71-b6f39cefadfb', '2023-01-15', 'bf86d327-1b95-4c8e-9c93-e67386dada0e', 'af7e3c60-3464-4038-9edc-f1911e4cab53', '1'),
	('99dc05d4-0399-4cc9-9ea6-3b006c3ccf38', '2023-01-08', 'e69fff51-d033-43d0-8800-9c5db506f505', '6b5b327f-ad8d-4b4c-92a8-acb854fd1c15', '1'),
	('eec6e171-be90-4247-ba06-db031048894f', '2023-01-22', 'f2416658-b623-4064-8097-6ff44babaace', '908c7c3c-f71c-4557-8bfe-28e1dac194af', '1'),
	('a463c893-e613-4812-9093-23d81b8dee86', '2023-06-06', 'bddc7c28-c2e6-431f-810e-14a017a669e1', '6b5b327f-ad8d-4b4c-92a8-acb854fd1c15', '1'),
	('99891ee2-fe1f-4046-a349-7cd8ff8537a9', '2023-03-08', 'd61930f7-2430-40b0-95e0-811b0b7fb9fb', '817679b1-3564-47d6-9c55-59e2223fa833', '1'),
	('c33cedd3-19c7-4ce8-8693-7b6bb763a207', '2023-06-22', '6a6f7459-42a6-436d-9f02-a20ef0870eca', '7ce60a12-e850-4928-a55a-2ebfcabaf2ca', '1'),
	('1673c8dd-6736-4aa9-a0df-4033e15a5f52', '2023-05-26', '8d8d10ce-2422-404a-92a1-239fe02eab77', 'cb2f027d-5202-465b-a35e-1429edf78613', '1'),
	('7bae7e56-2c30-4fa5-88e2-92ecde18555a', '2023-03-09', 'd0565b41-96a6-4f44-8e0b-75de38303592', 'cb2f027d-5202-465b-a35e-1429edf78613', '1'),
	('13587ef5-1a20-496b-adf5-3186f0b6b79d', '2023-01-20', '66a2066f-ab26-4831-97e7-88b6f13af274', '62f727ca-7421-4e86-af88-cae9caeb03a4', '1'),
	('4b122ad5-d313-402b-922e-f2ba85e56260', '2022-11-22', 'd79193db-2c73-45a7-943d-b5bf63825213', '78d0f9f6-db14-447a-b0a6-86b2a2514baa', '1'),
	('adffa746-af19-4d0d-8a5b-acdab7318356', '2023-03-22', 'eeca761b-2b2c-4b45-b506-66fbb699f6f8', '7ce60a12-e850-4928-a55a-2ebfcabaf2ca', '1'),
	('670e3d94-42d2-4514-b239-190770ecc780', '2022-10-21', 'afc78eb3-6324-4ceb-aca6-d7c2c3e7a9a6', '3be35f41-e82a-4aa7-b558-a70d76e7d86c', '1'),
	('1a17d7e4-1bdb-494a-b0ec-188fc21606d5', '2023-09-21', '3c94c8f6-d29b-4672-9551-5d657a8a81e5', '62f727ca-7421-4e86-af88-cae9caeb03a4', '1'),
	('945b3bb5-f6c0-4828-a667-757c3f61a53a', '2023-02-08', '35dd9155-fc1e-45af-9f9f-9664c3dd09ee', '908c7c3c-f71c-4557-8bfe-28e1dac194af', '1'),
	('2fc74228-e70a-41d0-9367-c3b1a0b532a0', '2023-02-06', 'f2416658-b623-4064-8097-6ff44babaace', '62f727ca-7421-4e86-af88-cae9caeb03a4', '1'),
	('0084ba18-46ac-443d-b8ca-d06d0a234852', '2022-11-09', '0148df82-2778-4f62-a5d7-5b1c7e449d90', 'e3175211-6c72-4864-aac7-73a3d98fc2fd', '1'),
	('97dc02ec-e2e6-418a-aa5c-c23ab7386a60', '2023-01-12', 'e2355ebb-80fa-43b8-9a16-032d21fd555c', 'fb1deb92-40fe-4acd-aca3-9ce09fa95911', '1'),
	('77ef830d-3297-4e80-9991-897ad6598f97', '2023-06-19', '51fff97c-23f7-4ad1-9646-3de807a38591', 'af7e3c60-3464-4038-9edc-f1911e4cab53', '1'),
	('6ac16015-e948-4117-be69-cd4f708b93ec', '2023-05-09', 'afc78eb3-6324-4ceb-aca6-d7c2c3e7a9a6', '3be35f41-e82a-4aa7-b558-a70d76e7d86c', '1'),
	('4c4d4bd8-f68e-4f84-ba9b-353f021703d4', '2022-12-06', '489df175-de77-4105-ba05-81498d224752', '78d0f9f6-db14-447a-b0a6-86b2a2514baa', '1'),
	('e957e18c-1c30-4cbd-8fd3-f18dcd18c59d', '2023-07-15', '3a94158c-67f3-4f3e-bb4a-8a6333e434f7', 'af7e3c60-3464-4038-9edc-f1911e4cab53', '1'),
	('ca7d43c3-4b3d-411e-a3c2-34b88e0cb0f3', '2023-02-05', '09065a57-b8d0-4940-acfa-b86935610190', 'dccaa92e-bd92-40fb-b813-c771264084a3', '1'),
	('8dee759b-fc2e-4d25-b91c-249ffc971266', '2022-11-30', '6eaaa9e2-904e-4203-b50c-89596dcfb34d', '62f727ca-7421-4e86-af88-cae9caeb03a4', '1'),
	('00ca33ee-f9cd-4be2-8584-3831bab5e945', '2023-09-03', 'b5648ceb-8f79-4111-a8a0-cb64e0e2de12', '240af03c-8668-463c-bd60-4ea88c185366', '1'),
	('a9e5891a-694b-49c1-9f1f-be73d4d3a2d4', '2023-07-13', '53d1d46f-46ce-471e-aacf-388068dc084b', 'cb2f027d-5202-465b-a35e-1429edf78613', '1'),
	('651b134e-d668-4d0d-99ee-9001605839aa', '2023-03-31', 'd627a76f-0ef2-4355-a6a0-c9136e84c0c6', '78d0f9f6-db14-447a-b0a6-86b2a2514baa', '1'),
	('37642464-d177-46d4-b08d-83aa220ab11a', '2022-11-22', '952796e6-fcaf-4e5a-8ed5-66c5976b993d', '78d0f9f6-db14-447a-b0a6-86b2a2514baa', '1'),
	('3a33ce0e-a5dd-4c39-adc2-056ad5535083', '2023-08-10', 'd344527b-9b77-4df9-93aa-d594b4fb6d02', '7ce60a12-e850-4928-a55a-2ebfcabaf2ca', '1'),
	('af2e04a6-1a28-44d9-baba-53f465f342c6', '2023-01-17', '968a9ddb-1586-4262-b4cc-0cc5f3d7c6a6', '002c1f58-1499-4dc6-b577-ae847435b50a', '1'),
	('720306e6-09e0-41e0-b5ad-f1669c939d95', '2022-11-21', 'd627a76f-0ef2-4355-a6a0-c9136e84c0c6', '002c1f58-1499-4dc6-b577-ae847435b50a', '1'),
	('69eeb2cb-c5ce-46bb-ab32-ae561d41619f', '2023-10-01', '6f555d9b-8680-4132-bccb-23889b530cef', 'fb1deb92-40fe-4acd-aca3-9ce09fa95911', '1'),
	('aee9bd1b-4c21-427b-84fc-24c99b5b978b', '2023-03-10', '0148df82-2778-4f62-a5d7-5b1c7e449d90', '6b5b327f-ad8d-4b4c-92a8-acb854fd1c15', '1'),
	('e11e9718-3d3a-41f9-a13a-66c2a03c9280', '2023-07-14', 'f5bb0587-1c26-40cb-bc63-15fb9bd19578', '433a84dd-f834-42d8-9826-0b1977b9abc6', '1'),
	('22da916e-7439-4d61-92ee-7d2d854f8c8f', '2022-11-01', 'd747ba7a-dcd8-456c-ac64-34bac049c2dc', '817679b1-3564-47d6-9c55-59e2223fa833', '1'),
	('5e19fa9d-3369-43c5-99df-3d5cd38b8f60', '2023-08-27', '2aa7eb1f-75af-4fd5-8e23-3f455a3f3ce7', '3be35f41-e82a-4aa7-b558-a70d76e7d86c', '1'),
	('3bdb24ce-8119-4666-a9a3-4dce0b5948e2', '2023-04-14', '82ec0252-3c66-4e0a-b130-851424d2036c', 'af7e3c60-3464-4038-9edc-f1911e4cab53', '1'),
	('2bba9963-6264-4c22-b5ee-cdad403ec9b9', '2022-11-24', 'd79193db-2c73-45a7-943d-b5bf63825213', '250b837d-f7a8-4dd1-ba91-e7b6527da995', '1'),
	('ce74c39f-b7a4-4663-8581-3b7773aac3a2', '2023-03-16', '968a9ddb-1586-4262-b4cc-0cc5f3d7c6a6', '62f727ca-7421-4e86-af88-cae9caeb03a4', '1'),
	('9a42ac3d-9d11-40f7-88aa-1964c2a0d221', '2023-02-15', '643a4c10-023c-4e0d-88b9-9fac5a967b67', '002c1f58-1499-4dc6-b577-ae847435b50a', '1'),
	('6e621c16-7e10-4202-86c7-f3f2849f293f', '2023-09-30', '54a2a730-66c2-4042-9935-e594e5acecab', 'eb84700f-d193-49f3-aed2-80eaed6ea3c9', '1'),
	('a75206e5-8c9d-4d66-bc79-d27f5b39324e', '2023-05-18', 'bf86d327-1b95-4c8e-9c93-e67386dada0e', 'af7e3c60-3464-4038-9edc-f1911e4cab53', '1'),
	('8e7734e5-9a81-4f74-b53a-f18b6e56ad27', '2023-05-21', '0148df82-2778-4f62-a5d7-5b1c7e449d90', '3be35f41-e82a-4aa7-b558-a70d76e7d86c', '1'),
	('f5e5ccbc-5d3c-4765-9a2b-fea8e1cbfee7', '2023-06-13', 'e3729046-eda8-43d6-bd06-ff10d3afd051', 'fb1deb92-40fe-4acd-aca3-9ce09fa95911', '1'),
	('d28c294a-86a6-4cf1-9d1b-f5f50ad7a8cb', '2023-07-16', 'd7e65fff-ebe8-43ee-bef9-092c4d74459d', '908c7c3c-f71c-4557-8bfe-28e1dac194af', '1'),
	('147e31cb-a069-4f6a-8a2a-6cade8efb360', '2022-10-28', 'f5bb0587-1c26-40cb-bc63-15fb9bd19578', '12845c26-9f30-451c-a413-cd49cb0aac92', '1'),
	('154234d3-4937-4204-9b1c-385127ca7b45', '2023-09-13', '489df175-de77-4105-ba05-81498d224752', '12845c26-9f30-451c-a413-cd49cb0aac92', '1'),
	('b2bfd017-c318-471c-af75-d3d0a557f4e8', '2022-11-04', '64112bd3-a1e7-4bbb-8b62-743c8dc0c1ee', 'af7e3c60-3464-4038-9edc-f1911e4cab53', '1'),
	('aef67d85-b7f6-44a9-8e9e-0372a764debb', '2023-03-01', '4d6d5bcc-01e9-4ff7-9672-6af77fa7450d', '12845c26-9f30-451c-a413-cd49cb0aac92', '1'),
	('50275096-6861-438b-b24f-8e5b203db26a', '2022-10-16', '11c45ea1-9a9b-4137-ba85-43411094f70d', 'eb84700f-d193-49f3-aed2-80eaed6ea3c9', '1'),
	('b9154842-cba8-404a-8e4e-431fa671e9c8', '2022-11-29', '51fff97c-23f7-4ad1-9646-3de807a38591', 'fb1deb92-40fe-4acd-aca3-9ce09fa95911', '1'),
	('b05be28d-2c6d-406b-a13b-ab8e823eec19', '2022-10-14', '35dd9155-fc1e-45af-9f9f-9664c3dd09ee', 'cb2f027d-5202-465b-a35e-1429edf78613', '1'),
	('0664fc7f-bbbd-430d-9c51-ede862d833d5', '2023-03-09', '5caae26f-f014-4b69-ab70-bc7d5ba3fd48', '0d665a01-319a-458c-b287-833a1b16d4da', '1'),
	('b42b6884-8ada-40dd-8c3a-9a32193a1916', '2023-03-25', 'd1cf7b03-fa91-465d-96a1-a0aaf565ee3d', '908c7c3c-f71c-4557-8bfe-28e1dac194af', '1'),
	('298104e3-a165-4110-8fa5-773453a7caba', '2023-02-17', '6a9b1134-2d5a-42e0-a25e-5f7c4b0b7fe8', 'cb2f027d-5202-465b-a35e-1429edf78613', '1'),
	('80188640-748e-43da-a9ca-faa0e257b8f7', '2023-08-09', 'ae19c134-0762-47db-abfe-a47fe77837db', 'dccaa92e-bd92-40fb-b813-c771264084a3', '1'),
	('4e5278c1-3f5b-4166-983c-975514e7db05', '2023-01-16', '127b6e03-c912-49d0-ae54-5319aadcf4a9', '002c1f58-1499-4dc6-b577-ae847435b50a', '1'),
	('b8d8cd26-9e3c-43ea-99e2-4696e823122d', '2022-12-07', 'd4b022bc-12d5-43c2-9aa6-3ca6cde40f81', '002c1f58-1499-4dc6-b577-ae847435b50a', '1'),
	('714bec7b-829d-405c-a5f4-280ef40ea39c', '2023-07-17', '4c6f8767-1537-4256-a924-af78e2c587df', '12845c26-9f30-451c-a413-cd49cb0aac92', '1'),
	('363a1a75-5c40-4553-a217-dc11b21cedb4', '2023-08-27', 'e763c5ef-223c-4c19-96c2-db7d53753030', '908c7c3c-f71c-4557-8bfe-28e1dac194af', '1'),
	('7efdc24d-628e-4ab6-8b23-622664c0e918', '2023-03-12', '51fff97c-23f7-4ad1-9646-3de807a38591', '7ce60a12-e850-4928-a55a-2ebfcabaf2ca', '1'),
	('d7a1d56a-02a6-4875-b2c9-cdc529dff8c4', '2023-01-13', '42957721-7090-43e7-94e7-52b3d09a8aef', '12845c26-9f30-451c-a413-cd49cb0aac92', '1'),
	('191990d0-a78e-43fc-a460-8418da94b4ae', '2022-10-30', 'd344527b-9b77-4df9-93aa-d594b4fb6d02', '002c1f58-1499-4dc6-b577-ae847435b50a', '1'),
	('aaf9b39b-6b25-4578-8f5d-fcf6b9355413', '2023-09-07', '41a5d37f-f502-4af3-bf96-d987873f8fc3', '124b47df-04a4-4b2d-a0ec-5a191f60a9db', '1'),
	('f95f0cae-cea0-4eff-aa68-fd9258124eb9', '2022-10-16', '53d1d46f-46ce-471e-aacf-388068dc084b', 'eb84700f-d193-49f3-aed2-80eaed6ea3c9', '1'),
	('1ece88ae-ecc5-40e2-98fe-b61763e91462', '2023-08-12', '6f555d9b-8680-4132-bccb-23889b530cef', '78d0f9f6-db14-447a-b0a6-86b2a2514baa', '1'),
	('95d784d2-24c5-4f1c-bd93-81171d7dfff3', '2023-03-04', 'b5648ceb-8f79-4111-a8a0-cb64e0e2de12', '12845c26-9f30-451c-a413-cd49cb0aac92', '1'),
	('ad2f6245-4983-46c0-a501-b8c30972abe9', '2023-04-11', '968a9ddb-1586-4262-b4cc-0cc5f3d7c6a6', '78d0f9f6-db14-447a-b0a6-86b2a2514baa', '1'),
	('b92470ae-de44-4265-aba6-22f7eff1ed5b', '2023-03-20', '0148df82-2778-4f62-a5d7-5b1c7e449d90', 'dccaa92e-bd92-40fb-b813-c771264084a3', '1'),
	('1242cebe-6a33-4b87-b45b-c7653d27e032', '2023-09-03', '07d48b89-368d-4e44-b3b9-e69b5a72a6ef', '817679b1-3564-47d6-9c55-59e2223fa833', '1'),
	('eff85c0f-809e-40c5-954a-ff5767029830', '2022-12-10', '42dc25a3-b777-4d19-90e5-f41fab9b4258', 'af7e3c60-3464-4038-9edc-f1911e4cab53', '1'),
	('d62d9d1b-6c52-452f-8ab4-695c6563e879', '2023-08-05', '54a2a730-66c2-4042-9935-e594e5acecab', 'eb84700f-d193-49f3-aed2-80eaed6ea3c9', '1'),
	('2107d3ad-726d-4e1a-9196-ee8a0f62975a', '2023-05-28', '0c3eef3b-1506-4e05-8661-7f0df0d1570f', 'dccaa92e-bd92-40fb-b813-c771264084a3', '1'),
	('0c6ae966-a915-4fe2-8ac7-37915b3dbbe1', '2022-12-05', 'b440c922-e3c3-4130-86b3-7ef283db4e5e', '12845c26-9f30-451c-a413-cd49cb0aac92', '1'),
	('c64072e3-7dea-4060-a6d7-a8cd9b262df4', '2023-06-22', '41a5d37f-f502-4af3-bf96-d987873f8fc3', '002c1f58-1499-4dc6-b577-ae847435b50a', '1'),
	('68fec44f-69b6-48d4-ae03-1fa4dfcda250', '2022-10-14', 'aa51864a-dc74-4631-8f53-53283730da56', '7ce60a12-e850-4928-a55a-2ebfcabaf2ca', '1'),
	('404d8dde-6f81-43e4-992b-c1d7379bceaa', '2023-07-03', '80ea1f94-f816-4713-b912-d43dcfa50b70', '0d665a01-319a-458c-b287-833a1b16d4da', '1'),
	('db71e695-7b8e-4616-937b-236872e01d17', '2023-03-08', '820edaa7-523f-41a4-a7e1-1078fc6f3ad2', '3be35f41-e82a-4aa7-b558-a70d76e7d86c', '1'),
	('2dc28ee4-970d-41f4-a4b2-9d6bf123bdc8', '2022-12-11', '6a9b1134-2d5a-42e0-a25e-5f7c4b0b7fe8', 'fb1deb92-40fe-4acd-aca3-9ce09fa95911', '1'),
	('844888c2-daf5-43fc-9f82-420d398d6c98', '2023-02-10', '64112bd3-a1e7-4bbb-8b62-743c8dc0c1ee', '250b837d-f7a8-4dd1-ba91-e7b6527da995', '1'),
	('1de6179c-85c9-4d10-b643-5cf6996c3ae5', '2023-01-10', 'd1cf7b03-fa91-465d-96a1-a0aaf565ee3d', '62f727ca-7421-4e86-af88-cae9caeb03a4', '1'),
	('3958cc68-1c6d-4b8d-bd0b-748cfbb41a60', '2023-03-02', 'dc143abf-ca4c-4971-975c-1afb7dbc2d5f', '817679b1-3564-47d6-9c55-59e2223fa833', '1'),
	('1418922f-dba1-4a12-9a18-670eef1372c5', '2023-09-17', '82ec0252-3c66-4e0a-b130-851424d2036c', '3be35f41-e82a-4aa7-b558-a70d76e7d86c', '1'),
	('69522b99-403f-415c-a456-8d64728a1a57', '2023-03-01', '32a60658-63bc-4278-b8eb-960591850fed', 'cb2f027d-5202-465b-a35e-1429edf78613', '1'),
	('637b066a-fc5f-4926-af27-83e108fab29a', '2023-01-18', 'f5bb0587-1c26-40cb-bc63-15fb9bd19578', '817679b1-3564-47d6-9c55-59e2223fa833', '1'),
	('1f63dc18-5bb5-4e7e-b947-faadc66f72d2', '2023-03-06', '0148df82-2778-4f62-a5d7-5b1c7e449d90', '817679b1-3564-47d6-9c55-59e2223fa833', '1'),
	('d40a6d10-8c38-4843-a232-d8ec1727fad4', '2023-05-08', '0148df82-2778-4f62-a5d7-5b1c7e449d90', '7ce60a12-e850-4928-a55a-2ebfcabaf2ca', '1'),
	('af93a76a-d259-4103-aae9-d64975d8bfee', '2023-07-02', '3a94158c-67f3-4f3e-bb4a-8a6333e434f7', '62f727ca-7421-4e86-af88-cae9caeb03a4', '1'),
	('487a5be1-0c01-444e-8cef-ebb6c11a2c47', '2022-11-24', 'e763c5ef-223c-4c19-96c2-db7d53753030', 'cb2f027d-5202-465b-a35e-1429edf78613', '1'),
	('605e745a-d053-4c64-bfa0-b6a078567a49', '2023-02-08', '66a2066f-ab26-4831-97e7-88b6f13af274', 'e3175211-6c72-4864-aac7-73a3d98fc2fd', '1'),
	('cbbe0efc-8598-45cf-bd26-2d5f3bb655bf', '2022-10-31', '3e9d86cd-6787-4e53-8dad-c0a087303fbd', '817679b1-3564-47d6-9c55-59e2223fa833', '1'),
	('d28f5d64-b34c-40dc-9565-246197c1c2b1', '2022-12-30', '33bbfcf6-d7f2-45f8-8352-20e2f7f26ffa', '817679b1-3564-47d6-9c55-59e2223fa833', '1'),
	('60d1610a-99a0-4e6c-9cdb-c5b0d7a1a7f1', '2023-10-03', 'eeca761b-2b2c-4b45-b506-66fbb699f6f8', '6b5b327f-ad8d-4b4c-92a8-acb854fd1c15', '1'),
	('32bc0893-ca68-4248-8d4e-547afa442a89', '2023-08-28', 'e80b8616-ac82-4624-ad49-39340633ad97', '433a84dd-f834-42d8-9826-0b1977b9abc6', '1'),
	('45409141-c8e7-4177-9575-101b3676bc9f', '2023-01-06', '53d1d46f-46ce-471e-aacf-388068dc084b', '240af03c-8668-463c-bd60-4ea88c185366', '1'),
	('4f799bdc-12a5-4713-b3a5-1daff47dce15', '2023-07-24', '54a2a730-66c2-4042-9935-e594e5acecab', '002c1f58-1499-4dc6-b577-ae847435b50a', '1'),
	('216cec14-a654-4a47-91c2-ab84f266866b', '2023-03-05', '5b999f73-7d43-4996-a622-3061e997cb6e', 'fb1deb92-40fe-4acd-aca3-9ce09fa95911', '1'),
	('169a0e11-70f9-4c30-a7fd-e55c32d3cd20', '2022-10-30', '25c775ae-addb-43b6-90db-d167e59de331', '7ce60a12-e850-4928-a55a-2ebfcabaf2ca', '1'),
	('e9235aa0-e614-449b-8f30-35d5767f7a24', '2023-03-09', '25c775ae-addb-43b6-90db-d167e59de331', '240af03c-8668-463c-bd60-4ea88c185366', '1'),
	('2733ccb4-f9af-40b0-99ab-f09135a0f8ba', '2023-06-18', '9953e565-53b7-4656-9c19-2c91db520f93', 'eb84700f-d193-49f3-aed2-80eaed6ea3c9', '1'),
	('7862a209-8061-4b18-adea-717c3142284e', '2022-11-15', '883e539a-5a94-4112-9283-cbfd28a26fe5', '62f727ca-7421-4e86-af88-cae9caeb03a4', '1'),
	('bfe109eb-70a4-4dd9-95de-0dd3ad580c86', '2023-07-21', '07d48b89-368d-4e44-b3b9-e69b5a72a6ef', '12845c26-9f30-451c-a413-cd49cb0aac92', '1'),
	('e5f773c9-2eb8-4574-9f19-2bd394f1a6fb', '2023-05-29', '53d1d46f-46ce-471e-aacf-388068dc084b', 'dccaa92e-bd92-40fb-b813-c771264084a3', '1'),
	('43aa66c8-0c98-4c94-a2c0-6a4707326426', '2023-06-24', '32a60658-63bc-4278-b8eb-960591850fed', '817679b1-3564-47d6-9c55-59e2223fa833', '1'),
	('d1c0218e-4b1a-4e0f-ad15-99ae34326194', '2023-04-11', '4c37135f-46ca-462a-8fc7-decba441b35a', '240af03c-8668-463c-bd60-4ea88c185366', '1'),
	('518f05d1-eb7a-4cd1-9922-894ad9295208', '2023-06-12', '1f2032d9-1b0d-4a86-8bb2-de3d0e226b7b', '250b837d-f7a8-4dd1-ba91-e7b6527da995', '1'),
	('4ffbd619-0779-4008-a9c2-630a0c66e599', '2023-09-05', '489df175-de77-4105-ba05-81498d224752', '240af03c-8668-463c-bd60-4ea88c185366', '1'),
	('67ac6d10-5844-4799-a455-f3072942ac03', '2022-11-14', '489df175-de77-4105-ba05-81498d224752', '7ce60a12-e850-4928-a55a-2ebfcabaf2ca', '1'),
	('d08905f5-dfe7-4520-8c31-22c8246561c5', '2023-01-19', '82ec0252-3c66-4e0a-b130-851424d2036c', '12845c26-9f30-451c-a413-cd49cb0aac92', '1'),
	('66db378b-5397-49da-93cb-b0e5e2a76dbf', '2023-09-05', 'aa1e1c4f-7701-4134-84c3-cf12a49e3b9d', '250b837d-f7a8-4dd1-ba91-e7b6527da995', '1'),
	('286908b6-a97d-48f8-bf21-84e49f86ff2b', '2023-09-08', 'b440c922-e3c3-4130-86b3-7ef283db4e5e', '7ce60a12-e850-4928-a55a-2ebfcabaf2ca', '1'),
	('9584fdb0-d583-4530-a08c-ca2b21d18c94', '2023-01-15', '6eaaa9e2-904e-4203-b50c-89596dcfb34d', '0d665a01-319a-458c-b287-833a1b16d4da', '1'),
	('46f09b38-ed30-4ac3-a36a-7ecda07175cd', '2023-09-11', '17fa3b0b-8d8b-4ce6-a72a-e4c8155aa77a', 'e3175211-6c72-4864-aac7-73a3d98fc2fd', '1'),
	('96cf4f55-0957-4a14-b679-9fbff6f9c3bc', '2023-10-05', '3e9d86cd-6787-4e53-8dad-c0a087303fbd', 'e3175211-6c72-4864-aac7-73a3d98fc2fd', '1'),
	('84b69d75-eecb-4884-81f2-a76a265a16ac', '2023-07-20', 'd79193db-2c73-45a7-943d-b5bf63825213', '002c1f58-1499-4dc6-b577-ae847435b50a', '1'),
	('a4b903ca-a684-435d-914a-8596fdfb6b29', '2023-08-04', '883e539a-5a94-4112-9283-cbfd28a26fe5', '240af03c-8668-463c-bd60-4ea88c185366', '1'),
	('7850e984-2050-4968-a97a-d60874ab0f1d', '2022-12-26', 'bddc7c28-c2e6-431f-810e-14a017a669e1', '433a84dd-f834-42d8-9826-0b1977b9abc6', '1'),
	('83d4af80-cd1e-43b3-9c9e-f58f18366f72', '2023-09-28', 'c275d124-b9db-4fb1-8a90-542035c81bb1', '0d665a01-319a-458c-b287-833a1b16d4da', '1'),
	('0983dbea-a6f1-4cec-8e58-19a2e8a17ab6', '2023-01-30', '80ea1f94-f816-4713-b912-d43dcfa50b70', '250b837d-f7a8-4dd1-ba91-e7b6527da995', '1'),
	('ed51c57d-5a36-4b00-82dd-2d5b203b8814', '2023-08-24', 'b5648ceb-8f79-4111-a8a0-cb64e0e2de12', 'af7e3c60-3464-4038-9edc-f1911e4cab53', '1'),
	('af5e73c0-f9e3-43ad-84e2-025163a7748c', '2023-02-17', '17fa3b0b-8d8b-4ce6-a72a-e4c8155aa77a', '3be35f41-e82a-4aa7-b558-a70d76e7d86c', '1'),
	('e89a3d4f-a585-4ccb-af31-70b3f7287591', '2022-11-22', '53d1d46f-46ce-471e-aacf-388068dc084b', '12845c26-9f30-451c-a413-cd49cb0aac92', '1'),
	('cdeaab90-a83b-4f1b-ba00-ab8f5df6d803', '2022-12-30', '5840194d-ba7a-4eb8-95f8-2912f1502524', '240af03c-8668-463c-bd60-4ea88c185366', '1'),
	('818f3db8-8747-4e24-8440-c0cd7dcf4cf2', '2023-02-27', '11c45ea1-9a9b-4137-ba85-43411094f70d', '62f727ca-7421-4e86-af88-cae9caeb03a4', '1'),
	('f786770c-4728-4045-b740-b77eda20197d', '2023-03-20', '489df175-de77-4105-ba05-81498d224752', '124b47df-04a4-4b2d-a0ec-5a191f60a9db', '1'),
	('7e4845e9-13d8-4a27-90a2-1dd0c9016351', '2022-12-18', '9953e565-53b7-4656-9c19-2c91db520f93', 'fb1deb92-40fe-4acd-aca3-9ce09fa95911', '1'),
	('53fa5451-9c75-4446-8b7b-3577fd760862', '2023-03-07', '70cd549a-ecf6-4af8-8b97-064e1408f39e', '3be35f41-e82a-4aa7-b558-a70d76e7d86c', '1'),
	('7d05a382-0983-43fc-8e09-e9be3b9aa466', '2022-12-29', 'a98f0ab3-bbb6-45d4-bd59-7c33802020cf', 'cb2f027d-5202-465b-a35e-1429edf78613', '1'),
	('a4b47585-4bfc-45a0-a14c-c8b6511be6f5', '2023-06-29', '3c94c8f6-d29b-4672-9551-5d657a8a81e5', 'af7e3c60-3464-4038-9edc-f1911e4cab53', '1'),
	('4d782477-0e27-4aab-915f-8f0ea43b5331', '2023-04-10', '3e9d86cd-6787-4e53-8dad-c0a087303fbd', 'cb2f027d-5202-465b-a35e-1429edf78613', '1'),
	('d17c96a2-7b4c-4992-a522-3207756206f8', '2023-08-21', 'd627a76f-0ef2-4355-a6a0-c9136e84c0c6', '817679b1-3564-47d6-9c55-59e2223fa833', '1'),
	('41430d59-e3d6-4793-babf-0d94e14cafc4', '2023-03-27', '35dd9155-fc1e-45af-9f9f-9664c3dd09ee', '6b5b327f-ad8d-4b4c-92a8-acb854fd1c15', '1'),
	('fb914b4f-6b8f-4182-ad21-cf7b4f8d5e32', '2023-02-12', '6a6f7459-42a6-436d-9f02-a20ef0870eca', 'fb1deb92-40fe-4acd-aca3-9ce09fa95911', '1'),
	('1de4c5b9-0879-4e87-bc04-63252d47dbe4', '2023-05-31', '15739eb0-a229-4bc7-8bb3-c126ca4c9a5a', 'dccaa92e-bd92-40fb-b813-c771264084a3', '1'),
	('e0ecdc06-cf2b-44a0-ad4f-c5a475826a58', '2023-10-10', '54a2a730-66c2-4042-9935-e594e5acecab', 'e3175211-6c72-4864-aac7-73a3d98fc2fd', '1'),
	('0b722fd4-b328-42ac-a678-101575901b36', '2023-09-30', 'c275d124-b9db-4fb1-8a90-542035c81bb1', 'e3175211-6c72-4864-aac7-73a3d98fc2fd', '1'),
	('3b1e1874-dfb6-4f76-a31f-170d185b728a', '2022-11-15', '3e9d86cd-6787-4e53-8dad-c0a087303fbd', '817679b1-3564-47d6-9c55-59e2223fa833', '1'),
	('be1080cd-3db4-45b1-affa-570b08fccf14', '2023-05-02', 'bf86d327-1b95-4c8e-9c93-e67386dada0e', '6b5b327f-ad8d-4b4c-92a8-acb854fd1c15', '1'),
	('49de2b03-f97f-4eb3-af3e-da8dd4c907b6', '2022-12-22', 'd8320a9f-1755-4dd3-9a1e-16e1b26d8168', '817679b1-3564-47d6-9c55-59e2223fa833', '1'),
	('3e9d5a69-23d2-4770-a080-0b7590ef5c04', '2023-01-19', 'e3729046-eda8-43d6-bd06-ff10d3afd051', '817679b1-3564-47d6-9c55-59e2223fa833', '1'),
	('7aa80c55-e21b-4333-a674-bc2af2402cd3', '2023-03-31', '6a6f7459-42a6-436d-9f02-a20ef0870eca', 'cb2f027d-5202-465b-a35e-1429edf78613', '1'),
	('2825a852-edbc-41f7-9e50-8876e37a5ed8', '2022-12-27', '09065a57-b8d0-4940-acfa-b86935610190', 'e3175211-6c72-4864-aac7-73a3d98fc2fd', '1'),
	('1d0d058f-4d91-4100-9232-6eee3bdd1d88', '2023-08-20', '4c6f8767-1537-4256-a924-af78e2c587df', '3be35f41-e82a-4aa7-b558-a70d76e7d86c', '1'),
	('fa0ef801-ff7d-4040-8727-bec4333f1761', '2023-07-06', '80ea1f94-f816-4713-b912-d43dcfa50b70', '3be35f41-e82a-4aa7-b558-a70d76e7d86c', '1'),
	('ff78a73f-da22-430c-8d48-7517c3f435d1', '2023-02-17', 'dd84030b-12ce-4f49-af41-0a34d3605a38', '124b47df-04a4-4b2d-a0ec-5a191f60a9db', '1'),
	('87c7b27a-2de8-4b04-a4bd-afb3415b369d', '2023-06-05', 'eba96f02-3954-41bd-9c96-af2c4504509b', '817679b1-3564-47d6-9c55-59e2223fa833', '1'),
	('c52591b0-6505-4fb1-8843-35191a39f536', '2023-07-28', '5b999f73-7d43-4996-a622-3061e997cb6e', '124b47df-04a4-4b2d-a0ec-5a191f60a9db', '1'),
	('5cfbfb79-2c40-4973-b310-30bdb327df7a', '2023-01-02', '4d6d5bcc-01e9-4ff7-9672-6af77fa7450d', '3be35f41-e82a-4aa7-b558-a70d76e7d86c', '1'),
	('42c95009-abe7-47bd-80ec-f2f31a2156d1', '2023-03-11', 'e2355ebb-80fa-43b8-9a16-032d21fd555c', '817679b1-3564-47d6-9c55-59e2223fa833', '1'),
	('ac3adfc6-a70a-4ad1-a6a4-dba8c8aec1cb', '2023-01-21', 'c275d124-b9db-4fb1-8a90-542035c81bb1', 'af7e3c60-3464-4038-9edc-f1911e4cab53', '1'),
	('98c7526c-96ba-4030-9fde-305fc7b64e20', '2023-02-14', '5caae26f-f014-4b69-ab70-bc7d5ba3fd48', 'af7e3c60-3464-4038-9edc-f1911e4cab53', '1'),
	('9d5fbb3a-b0a6-4849-88c0-f70c61462993', '2023-09-16', '6eaaa9e2-904e-4203-b50c-89596dcfb34d', '240af03c-8668-463c-bd60-4ea88c185366', '1'),
	('21e09bcb-888e-4081-b2b7-1c8d778b831d', '2023-09-16', '8146973f-3b81-47ed-8c4e-d814fe095fed', 'e3175211-6c72-4864-aac7-73a3d98fc2fd', '1'),
	('fcbe16c8-612a-4d93-9dc5-71fc29fa78f4', '2023-01-10', 'dc143abf-ca4c-4971-975c-1afb7dbc2d5f', 'e3175211-6c72-4864-aac7-73a3d98fc2fd', '1'),
	('405af0dd-014e-4e91-8ad6-f00c6aaa7824', '2023-08-17', '33bbfcf6-d7f2-45f8-8352-20e2f7f26ffa', '62f727ca-7421-4e86-af88-cae9caeb03a4', '1'),
	('ac91410b-fa22-4615-b056-0334d31ea5bf', '2023-09-20', '5b999f73-7d43-4996-a622-3061e997cb6e', 'af7e3c60-3464-4038-9edc-f1911e4cab53', '1'),
	('360c7b75-7c5c-4627-8ad2-4ea8e3639e8d', '2023-04-14', '9953e565-53b7-4656-9c19-2c91db520f93', 'dccaa92e-bd92-40fb-b813-c771264084a3', '1'),
	('d1b1ec4e-841d-4b2b-b941-f802880f279d', '2023-04-01', '5e365982-7399-4f0c-8bf3-b2478016d932', '3be35f41-e82a-4aa7-b558-a70d76e7d86c', '1'),
	('7e9e0e02-19a7-47e5-ab85-c105fed0b677', '2022-10-31', 'c5dd16cf-6585-4ca6-81e8-f0eefe58774a', '0d665a01-319a-458c-b287-833a1b16d4da', '1'),
	('60e493f3-2c10-487e-9793-f5525ebc60f7', '2023-02-16', 'd79193db-2c73-45a7-943d-b5bf63825213', '12845c26-9f30-451c-a413-cd49cb0aac92', '1'),
	('663bb62f-d27f-4199-92a8-cf88b54b0c72', '2023-02-09', 'afc78eb3-6324-4ceb-aca6-d7c2c3e7a9a6', '124b47df-04a4-4b2d-a0ec-5a191f60a9db', '1');

INSERT INTO "service" ("id", "name", "date_add", "prise", "is_hourly") VALUES
	('94eb8eee-3f89-4f8e-9124-7d2dc4f2b180', 'Замена масла в двигателе', '2023-10-11', '660', 'true'),
	('2a32d4e1-b2d8-413e-994f-326cde8228d3', 'Замена масла в двигателе с полной промывкой системы', '2023-10-11', '880', 'true'),
	('469724d5-cea8-4faf-ad45-590ce10700ef', 'Замена опоры двигателя', '2023-10-11', '1000', 'true'),
	('48999bbf-6802-4edd-a687-ee198c473498', 'Замена охлаждающей жидкости', '2023-10-11', '2000', 'true'),
	('c5a96436-ba52-4726-84f9-6e9c59ceabfb', 'Замена ремня ГРМ', '2023-10-11', '2500', 'true'),
	('e025bd1c-f56e-4f18-b1ba-fe6bf6551f9c', 'Замена ремня навесного оборудования', '2023-10-11', '1800', 'true'),
	('60b31f1d-2a9f-4baf-9123-78a53540c407', 'Промывка топлевных форсунок', '2023-10-11', '3000', 'true'),
	('40b1c074-326e-4860-80e9-af8c478952b7', 'Чистка дросельных заслоннок', '2023-10-11', '1800', 'true'),
	('1549b3b7-5cbc-464d-a9f7-2a0933462eca', 'Замена топливного фильтра', '2023-10-11', '400', 'true'),
	('392d9062-2803-40e8-9460-9e45508ad6ee', 'Промыка топлевной системы', '2023-10-11', '1200', 'true'),
	('75f5e968-ef05-4ecc-a124-250e755a4385', 'Проверка и замена АКБ', '2023-10-11', '700', 'true'),
	('cd386c79-0d47-4f76-9170-b0fe9f2aec11', 'Зарядка АКБ', '2023-10-11', '1000', 'true'),
	('e96f3ab9-4bb5-4714-aa51-9e2eadc42510', 'Проверка АКБ', '2023-10-11', '250', 'true'),
	('69a0c04b-4ab9-46b7-809c-59a6f9ef8e2f', 'Проверка генератора ', '2023-10-11', '600', 'true'),
	('3f25e9a7-640b-4aa9-9cb4-03b15494ef11', 'Замена генератора', '2023-10-11', '1800', 'true'),
	('cf53f2eb-0b72-4722-84bf-cc9402346b03', 'Замена задней части глушителя', '2023-10-11', '1100', 'true'),
	('98cbfb4b-eea6-4c86-b1ed-c1179d9f4d4e', 'Замена средней части глушителя', '2023-10-11', '1300', 'true'),
	('841edb67-3d1d-4697-9891-b2c932ca0d5f', 'Замена катализатора', '2023-10-11', '1700', 'true'),
	('113b2050-615c-4b03-96a5-783852f8a347', 'Диагностика подвески на подъемнике', '2023-10-11', '660', 'true'),
	('292ac526-92df-439e-a0d8-9893127cf6b9', 'Диагностика подвески на вибростенде', '2023-10-11', '660', 'true'),
	('2d74ac18-c7d1-464c-963d-62c5393cb7f7', 'Диагностика тормозной системы на стенде', '2023-10-11', '1200', 'true'),
	('1e570dfc-7d2a-44bf-9755-a6e13b01c48c', 'Проверка углов уставки колес на стенде', '2023-10-11', '1500', 'true'),
	('1c432216-44e1-44fd-b067-dcba1f58870b', 'Сканирование электронных систем', '2023-10-11', '1100', 'true'),
	('6d577b1d-11f9-4180-b972-7620ade8eefb', 'Диагностика топлевной системы', '2023-10-11', '1100', 'true'),
	('8c946a02-466a-4afb-b8ca-4238382fc37e', 'Замена передних тормозных колодок', '2023-10-11', '1500', 'true'),
	('6c767349-a5b7-4dd2-b9c7-8525346a3c88', 'Замена задних тормозных колодок', '2023-10-11', '2000', 'true'),
	('e5ed39b0-0825-4ad1-986e-0d5b92576a40', 'Замена передних тормозных дисков', '2023-10-11', '2000', 'true'),
	('f0757b4d-6aee-4705-a575-19ec89c2849b', 'Замена задних тормозных дисков', '2023-10-11', '2400', 'true'),
	('2405dbbc-5044-4351-96b7-3a673c83a341', 'Регулировка стояночного тормоза', '2023-10-11', '900', 'true'),
	('0a21c6c7-bdb2-49a3-a748-eacad17f6f69', 'Замена тормозной жидкости', '2023-10-11', '1500', 'true'),
	('2c8e295e-7a8c-426e-afd6-b217610fae16', 'Обслуживание тормозных механизмов', '2023-10-11', '1500', 'true'),
	('bfa36390-df38-4500-ae2e-edee2179398b', 'Замена масла МКПП', '2023-10-11', '900', 'true'),
	('67c17539-8dd5-403d-b03a-7d95eb128eb2', 'Замена масла АКПП', '2023-10-11', '2200', 'true'),
	('adcd25d4-7233-4ca4-b5ab-fd3c2dbe4f59', 'Замена масла раздаточной коробки', '2023-10-11', '900', 'true'),
	('eebfbd78-5732-4950-afef-3be4773ba49a', 'Замена масла редуктора заднего моста', '2023-10-11', '900', 'true'),
	('ed2a417d-3ed8-4f5c-9940-f44c3f3544a0', 'Обслуживание карданного вала', '2023-10-11', '900', 'true'),
	('3e5d6881-5731-4e8b-9aae-ff17c54c85c5', 'Замена рычага передней подвески', '2023-10-11', '2000', 'true'),
	('a74fc8c8-ed74-42db-949a-8c15a045f3b7', 'Замена рычага задней подвески', '2023-10-11', '2000', 'true'),
	('1bb27007-5ff3-4177-b146-9fb7f9e0eb97', 'Замена шаровой опоры', '2023-10-11', '1500', 'true'),
	('b2b86a36-8e11-4571-a42e-6486fdbb4ee7', 'Замена сайлентблока рычага', '2023-10-11', '2500', 'true'),
	('7bc57542-2dea-44c2-800b-ce1975fc8bdb', 'Замена армотизатора', '2023-10-11', '1800', 'true'),
	('6090f73c-be89-4abe-a86e-23f88e2915dc', 'Замена стойки стабилизатора', '2023-10-11', '800', 'true'),
	('277de502-e3ac-43df-97f0-9a47fa741fea', 'Замена рулевого наконечника', '2023-10-11', '1100', 'true'),
	('c1a14c13-7292-45bc-bdd0-ae77508443ff', 'Замена рулевой тяги', '2023-10-11', '1800', 'true'),
	('6b2ed8a2-7186-4c0f-84c2-01c475acc220', 'Замена пыльника рулевой рейки', '2023-10-11', '1500', 'true'),
	('c9beebe9-8996-4578-9cf7-8cf125b4b173', 'Проверка и регулировка углов установки колес', '2023-10-11', '2260', 'true'),
	('6d6c5ed1-e0e1-49b3-9767-be2d06f403e4', 'Шиномонтаж - комплекс (с/у+баланс+мойка) 4-х колёс', '2023-10-11', '1800', 'true'),
	('6fc1498e-141c-4fc6-89bf-8f5fc166d322', 'Замена лампы наружного освещения', '2023-10-11', '300', 'true'),
	('ccc10cb4-d136-4d0f-848c-19702972d6c8', 'Проверка и регулирование света фар', '2023-10-11', '600', 'true'),
	('6bf635c0-7c6b-4787-88d6-28c844563c96', 'Проверка и замена лампы освешения салона', '2023-10-11', '300', 'true'),
	('d11c447e-fbcd-4ad7-906d-b64cd75887e4', 'Проверка и замена лампы подсветки номерного знака', '2023-10-11', '200', 'true'),
	('6082e4c4-6135-4ba5-bbb5-5f477967e4a5', 'Замена лампы стоп сигнала', '2023-10-11', '300', 'true'),
	('ce17b66a-eac0-480c-983b-90207a131003', 'Стекло ветровое замена', '2023-10-11', '1900', 'true'),
	('0075c6cd-0f4e-48b4-91b9-ffb26c6f824b', 'Стекло боковое замена', '2023-10-11', '1000', 'true'),
	('45194bdd-af73-4a04-951b-ed9582f469fd', 'Стекло заднее замена', '2023-10-11', '1900', 'true'),
	('f6bdd407-fc03-46b2-85b9-0129168b7795', 'Нанесение гидрофобного покрытия на стекла', '2023-10-11', '2000', 'true'),
	('2b0c489d-a801-4d76-801f-1ffbdcebb8bc', 'Дезинфекция системы кондиционирования', '2023-10-11', '2000', 'true'),
	('b4f5caaa-a580-419f-93fb-ad8ec680359c', 'Заправка системы кондиционирования', '2023-10-11', '2000', 'true'),
	('525e715b-2d7c-48c1-8ceb-3c02d999c1a8', 'Диогностика системы кондиционирования', '2023-10-11', '1100', 'true'),
	('6cd0d978-bed6-4616-8faf-1d9990f09d6d', 'Замена салонного фильтра', '2023-10-11', '400', 'true'),
	('c0eebf97-a3cc-41e6-b2f9-8315595f4ac1', 'Диогностика системы отопления', '2023-10-11', '1100', 'true'),
	('bb03b88e-bcc9-430a-a28e-c03ce8afa68f', 'Замена щеток стеклоочистителя', '2023-10-11', '250', 'true'),
	('0314b33a-e5c8-413e-88d3-6b6b99086993', 'Регулировка форсунок омывателя', '2023-10-11', '250', 'true'),
	('d1364dba-9ef1-4a64-89b4-d87290926498', 'Замена насоса омывающей жидкости', '2023-10-11', '500', 'true'),
	('1fd7a2c1-43e3-4ad2-b9e8-4fbf39e33714', 'Замена механизма стеклоочистителя', '2023-10-11', '2000', 'true'),
	('a38774fb-2868-4ce6-9913-367deded1b6f', 'Замена форсунок омывателя', '2023-10-11', '500', 'true');

INSERT INTO "list_services" ("id", "order_id", "service_id", "time") VALUES
	('6aa47c2b-c1ce-49ea-856d-09cdf0325d6a', '7862a209-8061-4b18-adea-717c3142284e', '0a21c6c7-bdb2-49a3-a748-eacad17f6f69', '1.0'),
	('e98820de-b278-4e00-a7d5-8b03b7caa7ae', 'eff85c0f-809e-40c5-954a-ff5767029830', 'a74fc8c8-ed74-42db-949a-8c15a045f3b7', '0.3'),
	('188af35a-d730-4f5f-8c68-fb79a891371d', 'fb914b4f-6b8f-4182-ad21-cf7b4f8d5e32', 'adcd25d4-7233-4ca4-b5ab-fd3c2dbe4f59', '0.8'),
	('3563f5f5-37b7-4111-9386-6c44f95c6c1a', '9584fdb0-d583-4530-a08c-ca2b21d18c94', '6b2ed8a2-7186-4c0f-84c2-01c475acc220', '0.5'),
	('e3519f48-c15d-4291-99db-5161cd9cf179', 'ac3adfc6-a70a-4ad1-a6a4-dba8c8aec1cb', 'bb03b88e-bcc9-430a-a28e-c03ce8afa68f', '1.3'),
	('a79513ed-fbf2-4f12-a632-881bd801f43c', 'f86319ab-0107-4c97-87ce-562558336367', '841edb67-3d1d-4697-9891-b2c932ca0d5f', '0.3'),
	('fba1886f-8e99-4924-8a43-f6ac6de33366', '404d8dde-6f81-43e4-992b-c1d7379bceaa', '69a0c04b-4ab9-46b7-809c-59a6f9ef8e2f', '1.0'),
	('80229def-824a-44e5-843b-7d276297f6a3', '4e5278c1-3f5b-4166-983c-975514e7db05', '3e5d6881-5731-4e8b-9aae-ff17c54c85c5', '1.6'),
	('36ffe27c-afec-411a-a9fa-8b12440656e5', '05f2d46b-11cb-4584-b049-b65ba5dfc789', '98cbfb4b-eea6-4c86-b1ed-c1179d9f4d4e', '0.7'),
	('e81afd7a-41e8-4921-ad18-b1b79341b7a7', '714bec7b-829d-405c-a5f4-280ef40ea39c', '1bb27007-5ff3-4177-b146-9fb7f9e0eb97', '1.1'),
	('e9addf04-6e5e-439c-b41d-67b7335357a7', 'd62d9d1b-6c52-452f-8ab4-695c6563e879', '525e715b-2d7c-48c1-8ceb-3c02d999c1a8', '0.2'),
	('98d8a1a5-5c55-4a7b-8ed0-242e711bb38c', '88baadc0-4669-458e-849a-17a1276be85c', 'f6bdd407-fc03-46b2-85b9-0129168b7795', '0.6'),
	('29849568-4ec8-440b-81f7-19ba6ef3cbb6', 'd28c294a-86a6-4cf1-9d1b-f5f50ad7a8cb', '7bc57542-2dea-44c2-800b-ce1975fc8bdb', '1.1'),
	('e0081567-65d4-4cf6-bd22-d7acea3f5b45', '50275096-6861-438b-b24f-8e5b203db26a', '6fc1498e-141c-4fc6-89bf-8f5fc166d322', '1.2'),
	('70435a05-1493-4855-ba11-8587f81d003d', '7efdc24d-628e-4ab6-8b23-622664c0e918', '45194bdd-af73-4a04-951b-ed9582f469fd', '1.4'),
	('455ae622-f27e-4e89-a33d-c92a9bd4ba41', '6ac16015-e948-4117-be69-cd4f708b93ec', '40b1c074-326e-4860-80e9-af8c478952b7', '0.5'),
	('5320cb51-7656-40c7-91b2-719e4b033f64', '00ca33ee-f9cd-4be2-8584-3831bab5e945', '69a0c04b-4ab9-46b7-809c-59a6f9ef8e2f', '0.9'),
	('813aaad8-6e4c-4877-ae2c-2a23df5921dd', 'adb9e324-3425-479b-8e0c-5d810c97e2f5', 'd11c447e-fbcd-4ad7-906d-b64cd75887e4', '1.2'),
	('5e0cb2ca-caf1-4394-9221-33cb5c34aae4', '77ef830d-3297-4e80-9991-897ad6598f97', '6d6c5ed1-e0e1-49b3-9767-be2d06f403e4', '1.6'),
	('5272ff26-cc79-4ea6-a036-3c2e10ca2f5b', 'f95f0cae-cea0-4eff-aa68-fd9258124eb9', '75f5e968-ef05-4ecc-a124-250e755a4385', '0.6'),
	('515716f8-e749-4538-a56a-18328a3b5bc9', '1788415a-37c2-4849-b35f-7c6747728680', '1e570dfc-7d2a-44bf-9755-a6e13b01c48c', '1.0'),
	('cc686a04-6280-4078-bc3f-067141d77e9c', 'e957e18c-1c30-4cbd-8fd3-f18dcd18c59d', 'a74fc8c8-ed74-42db-949a-8c15a045f3b7', '0.9'),
	('43b6a3e3-43bf-404b-bfdb-a49a7fedce11', 'ad2f6245-4983-46c0-a501-b8c30972abe9', '0075c6cd-0f4e-48b4-91b9-ffb26c6f824b', '1.5'),
	('00c3a9a1-d76b-4cb5-89e6-75f6ec8305fb', '83d4af80-cd1e-43b3-9c9e-f58f18366f72', '0314b33a-e5c8-413e-88d3-6b6b99086993', '0.4'),
	('ddd88b79-f690-4e2e-9462-f16b5324c199', '2dc28ee4-970d-41f4-a4b2-9d6bf123bdc8', '69a0c04b-4ab9-46b7-809c-59a6f9ef8e2f', '0.5'),
	('ffbdb5eb-9f13-4e87-8307-edcab83a754a', '1a17d7e4-1bdb-494a-b0ec-188fc21606d5', '6cd0d978-bed6-4616-8faf-1d9990f09d6d', '0.8'),
	('501463c2-2bdd-4a17-92e7-d90863cc9769', '4db002d0-87a6-4153-9942-032928f78319', 'b4f5caaa-a580-419f-93fb-ad8ec680359c', '1.6'),
	('e3f34397-15c6-4f11-a28f-6a0320161918', '651b134e-d668-4d0d-99ee-9001605839aa', '6cd0d978-bed6-4616-8faf-1d9990f09d6d', '0.9'),
	('c077d824-adce-4556-9512-8a38c70dbdbc', 'c52591b0-6505-4fb1-8843-35191a39f536', '1549b3b7-5cbc-464d-a9f7-2a0933462eca', '1.5'),
	('4c2d5029-3867-48f5-97ec-e307e75041de', '1242cebe-6a33-4b87-b45b-c7653d27e032', '525e715b-2d7c-48c1-8ceb-3c02d999c1a8', '0.6'),
	('726f0fc8-1fe9-44b6-a3e2-4e3886a33e0d', 'd0bc5927-f8cb-4e19-adcc-176c50dccbcf', '3f25e9a7-640b-4aa9-9cb4-03b15494ef11', '0.6'),
	('0a2af35a-f734-4b47-80b4-836b821ecd5d', '22da916e-7439-4d61-92ee-7d2d854f8c8f', '1bb27007-5ff3-4177-b146-9fb7f9e0eb97', '1.0'),
	('6fa738ef-c498-4e02-b691-dd88e844ffb4', 'ea773468-beb0-4f31-a8ba-2e562fb3cbbc', '3e5d6881-5731-4e8b-9aae-ff17c54c85c5', '1.2'),
	('485d8f60-4282-49cd-a17c-81be6ca2bbb4', '191990d0-a78e-43fc-a460-8418da94b4ae', 'eebfbd78-5732-4950-afef-3be4773ba49a', '1.0'),
	('49b306c3-9b44-463b-9135-a3982bd0117d', '42c95009-abe7-47bd-80ec-f2f31a2156d1', '1c432216-44e1-44fd-b067-dcba1f58870b', '0.8'),
	('1be3c3e6-842f-4458-81d1-f800756ffe41', 'd28f5d64-b34c-40dc-9565-246197c1c2b1', 'f0757b4d-6aee-4705-a575-19ec89c2849b', '0.4'),
	('9a12efb3-b231-433f-9564-ede674254759', '67ac6d10-5844-4799-a455-f3072942ac03', '6c767349-a5b7-4dd2-b9c7-8525346a3c88', '1.1'),
	('d18f3be6-6682-4ea8-9d65-224618a5750e', '8dee759b-fc2e-4d25-b91c-249ffc971266', '3e5d6881-5731-4e8b-9aae-ff17c54c85c5', '0.4'),
	('8cd1d0a5-5771-4f91-8f56-5c4d8ca588d6', 'fc878c9a-b51d-4be2-a701-5c3ee2eae59f', '2b0c489d-a801-4d76-801f-1ffbdcebb8bc', '0.9'),
	('0290f623-4f51-4b83-9f46-91e469ebb5bd', '1242cebe-6a33-4b87-b45b-c7653d27e032', '6082e4c4-6135-4ba5-bbb5-5f477967e4a5', '0.7'),
	('75b26214-496f-4185-837a-bd61ef9d937f', '8dee759b-fc2e-4d25-b91c-249ffc971266', '67c17539-8dd5-403d-b03a-7d95eb128eb2', '0.4'),
	('0db53068-a48c-49dc-9a63-f6f10d173070', 'ac91410b-fa22-4615-b056-0334d31ea5bf', 'bfa36390-df38-4500-ae2e-edee2179398b', '0.9'),
	('a81a073c-7477-40f4-8405-6b30787161d8', '360c7b75-7c5c-4627-8ad2-4ea8e3639e8d', '6b2ed8a2-7186-4c0f-84c2-01c475acc220', '0.6'),
	('cab316bf-9ee6-454f-acfa-aea8e0341be1', 'fa0ef801-ff7d-4040-8727-bec4333f1761', '3f25e9a7-640b-4aa9-9cb4-03b15494ef11', '1.5'),
	('1cf44dd8-9e82-4112-a903-51a278e06d9a', '49de2b03-f97f-4eb3-af3e-da8dd4c907b6', '292ac526-92df-439e-a0d8-9893127cf6b9', '1.0'),
	('fcddfe06-bf79-4c92-bc96-471c7eee2e63', 'f568b035-98bf-4ef3-9bdd-dba25271bb67', '98cbfb4b-eea6-4c86-b1ed-c1179d9f4d4e', '1.5'),
	('2241c060-2632-4e01-933a-edcfc21c9b61', '69eeb2cb-c5ce-46bb-ab32-ae561d41619f', 'b4f5caaa-a580-419f-93fb-ad8ec680359c', '1.2'),
	('caa9c0f9-0494-420e-89be-d4d8727c0150', '85b01a82-6550-42c3-9713-22b0ee4e4f58', 'f0757b4d-6aee-4705-a575-19ec89c2849b', '0.8'),
	('5c6e8677-ca9b-4b24-bad8-394c0739c741', '405af0dd-014e-4e91-8ad6-f00c6aaa7824', 'c0eebf97-a3cc-41e6-b2f9-8315595f4ac1', '1.2'),
	('c9d11e04-729a-49ad-bdd5-5926d7941780', '147e31cb-a069-4f6a-8a2a-6cade8efb360', '6d6c5ed1-e0e1-49b3-9767-be2d06f403e4', '1.6'),
	('7e46c40e-6b76-44de-afb4-5fccb63b6899', '3bdb24ce-8119-4666-a9a3-4dce0b5948e2', 'b4f5caaa-a580-419f-93fb-ad8ec680359c', '0.9'),
	('6d505c25-f2b1-4546-8f84-1bd5276ac160', '49de2b03-f97f-4eb3-af3e-da8dd4c907b6', '3e5d6881-5731-4e8b-9aae-ff17c54c85c5', '1.6'),
	('2451ec88-b7da-47d6-b7bd-e4bacf9fa468', 'ac91410b-fa22-4615-b056-0334d31ea5bf', '1fd7a2c1-43e3-4ad2-b9e8-4fbf39e33714', '0.5'),
	('fe3d4dcd-1c79-43a0-ab04-43685b41b733', 'fb645f34-d187-4237-902c-24ccf972b5bb', '1fd7a2c1-43e3-4ad2-b9e8-4fbf39e33714', '0.8'),
	('6e14e731-58dc-49cc-b94c-f915cd8459b0', '22da916e-7439-4d61-92ee-7d2d854f8c8f', '6082e4c4-6135-4ba5-bbb5-5f477967e4a5', '0.8'),
	('57d331da-7666-455f-bc81-96a59cc22259', 'e9235aa0-e614-449b-8f30-35d5767f7a24', '69a0c04b-4ab9-46b7-809c-59a6f9ef8e2f', '1.0'),
	('a0135f51-14c4-46c5-bb01-9c750ceb6706', '45409141-c8e7-4177-9575-101b3676bc9f', '525e715b-2d7c-48c1-8ceb-3c02d999c1a8', '1.5'),
	('7b56b2d3-65b3-4edf-a47c-a117380f83d5', '4f56ee47-a43d-4bfe-ae5d-8b0f9539b6c1', '0314b33a-e5c8-413e-88d3-6b6b99086993', '0.6'),
	('5e0f2964-41cc-49f4-bde5-fb58e716e5dc', '77ef830d-3297-4e80-9991-897ad6598f97', 'c0eebf97-a3cc-41e6-b2f9-8315595f4ac1', '1.5'),
	('eadd6c0b-a022-4b4f-b32e-16b69c51fc24', '1de6179c-85c9-4d10-b643-5cf6996c3ae5', '94eb8eee-3f89-4f8e-9124-7d2dc4f2b180', '0.9'),
	('b125e5ee-6ad0-4fb7-9052-707d57c1c373', '9584fdb0-d583-4530-a08c-ca2b21d18c94', '525e715b-2d7c-48c1-8ceb-3c02d999c1a8', '0.7'),
	('8527bef6-6bd5-4be0-85f8-a28e2d5f20b9', '1f63dc18-5bb5-4e7e-b947-faadc66f72d2', '67c17539-8dd5-403d-b03a-7d95eb128eb2', '0.9'),
	('00255c9b-abc7-4cc0-9576-657e5312e80d', '067c46c8-d810-49cc-a167-7d0b2ae4fc0c', 'c5a96436-ba52-4726-84f9-6e9c59ceabfb', '1.1'),
	('dc7073c4-1131-4960-ab9e-4449c4627ca5', '13068400-04df-4710-85c6-9732bc383d5d', '67c17539-8dd5-403d-b03a-7d95eb128eb2', '1.8'),
	('db6ca6c8-56cd-430b-9cef-93f202b942b1', '844888c2-daf5-43fc-9f82-420d398d6c98', '1549b3b7-5cbc-464d-a9f7-2a0933462eca', '0.3'),
	('3cc3cc01-8829-4c42-9ed6-502965deae5d', '7bae7e56-2c30-4fa5-88e2-92ecde18555a', '45194bdd-af73-4a04-951b-ed9582f469fd', '1.6'),
	('2002e33e-dfb8-4feb-91b3-c4cdba590fb4', '5cf11f35-192e-4b93-8ac7-e5ce882eedc3', '6fc1498e-141c-4fc6-89bf-8f5fc166d322', '0.8'),
	('d2906546-37c5-4b31-8fc9-e05314f7897d', '50275096-6861-438b-b24f-8e5b203db26a', 'd11c447e-fbcd-4ad7-906d-b64cd75887e4', '0.6'),
	('19a2b26a-e154-4da1-885b-835ee9270323', '60d1610a-99a0-4e6c-9cdb-c5b0d7a1a7f1', '0075c6cd-0f4e-48b4-91b9-ffb26c6f824b', '1.1'),
	('95c21516-a85d-4512-b201-8a5f19dafa91', '7d05a382-0983-43fc-8e09-e9be3b9aa466', '525e715b-2d7c-48c1-8ceb-3c02d999c1a8', '0.8'),
	('7f19c13e-39f3-4fb6-8ceb-df589bdd6c0a', '9a42ac3d-9d11-40f7-88aa-1964c2a0d221', 'bb03b88e-bcc9-430a-a28e-c03ce8afa68f', '0.2'),
	('9b95cc62-84c6-4d08-93ad-de2e4c46869a', '01e888e4-6c89-4c0b-ada4-66275812d4d3', '3f25e9a7-640b-4aa9-9cb4-03b15494ef11', '0.6'),
	('ff93ae8b-53fd-4743-80e2-ad692f6f6bb4', 'ca7d43c3-4b3d-411e-a3c2-34b88e0cb0f3', '40b1c074-326e-4860-80e9-af8c478952b7', '0.7'),
	('fb7c233d-14b9-46eb-9917-752e3bb85621', '80188640-748e-43da-a9ca-faa0e257b8f7', 'c9beebe9-8996-4578-9cf7-8cf125b4b173', '1.6'),
	('7ac725d1-55a3-4414-b3ac-a3f8871439b8', '05132454-6b17-4b0f-ac95-147e8eff3ae7', 'd11c447e-fbcd-4ad7-906d-b64cd75887e4', '1.8'),
	('007d11c9-e781-49ab-bd5d-e3bff8b44921', 'ea773468-beb0-4f31-a8ba-2e562fb3cbbc', '6bf635c0-7c6b-4787-88d6-28c844563c96', '0.4'),
	('82169d14-7dd5-4c10-b08a-e39efb5c2b04', 'e11e9718-3d3a-41f9-a13a-66c2a03c9280', '69a0c04b-4ab9-46b7-809c-59a6f9ef8e2f', '1.3'),
	('7c681ed3-3986-4df2-9f9a-79af9de50dba', '1de4c5b9-0879-4e87-bc04-63252d47dbe4', '1e570dfc-7d2a-44bf-9755-a6e13b01c48c', '1.1'),
	('6d1a0de3-f4bd-4f8f-bcba-e6bc8ad83435', '637b066a-fc5f-4926-af27-83e108fab29a', 'd1364dba-9ef1-4a64-89b4-d87290926498', '0.8'),
	('7a965ad4-0a6d-44e2-a6ce-aeba419dc631', '363a1a75-5c40-4553-a217-dc11b21cedb4', 'b4f5caaa-a580-419f-93fb-ad8ec680359c', '1.5'),
	('b115f93a-1011-417e-9339-e55424329e2d', 'f5e5ccbc-5d3c-4765-9a2b-fea8e1cbfee7', 'd1364dba-9ef1-4a64-89b4-d87290926498', '1.2'),
	('f572c37a-eebf-4840-afc0-4c717f527eb4', '9584fdb0-d583-4530-a08c-ca2b21d18c94', 'c0eebf97-a3cc-41e6-b2f9-8315595f4ac1', '0.9'),
	('3ac42448-d521-4a1b-a160-af090aeed3df', 'd08905f5-dfe7-4520-8c31-22c8246561c5', '1fd7a2c1-43e3-4ad2-b9e8-4fbf39e33714', '0.4'),
	('bc60c601-5843-4bdd-ba9d-0535f6efe6d6', '98c7526c-96ba-4030-9fde-305fc7b64e20', '277de502-e3ac-43df-97f0-9a47fa741fea', '1.2'),
	('b9cca7eb-b21e-489a-b614-d704253c97a5', '9a42ac3d-9d11-40f7-88aa-1964c2a0d221', 'e5ed39b0-0825-4ad1-986e-0d5b92576a40', '0.5'),
	('47c6096f-2ce1-4b91-9c6b-822a058a414b', 'e957e18c-1c30-4cbd-8fd3-f18dcd18c59d', '6bf635c0-7c6b-4787-88d6-28c844563c96', '1.5'),
	('6991db17-db2b-4032-96b9-2b99ecb8c0bf', 'ac91410b-fa22-4615-b056-0334d31ea5bf', '113b2050-615c-4b03-96a5-783852f8a347', '1.5'),
	('ddd7370a-f74a-4929-a7f0-46fe4c718f62', '663bb62f-d27f-4199-92a8-cf88b54b0c72', '6c767349-a5b7-4dd2-b9c7-8525346a3c88', '0.8'),
	('8cf34200-82dd-4c34-a53e-548463d6347a', '99891ee2-fe1f-4046-a349-7cd8ff8537a9', '6fc1498e-141c-4fc6-89bf-8f5fc166d322', '1.0'),
	('2d3bb4a8-8f46-4162-b88f-47e266512aa0', 'ca7d43c3-4b3d-411e-a3c2-34b88e0cb0f3', 'a38774fb-2868-4ce6-9913-367deded1b6f', '1.2'),
	('96b9df7f-c27f-4c3e-973b-18389744a344', 'd62d9d1b-6c52-452f-8ab4-695c6563e879', 'bfa36390-df38-4500-ae2e-edee2179398b', '1.3'),
	('8f6d933f-e739-44a9-8463-c94c14fdd0d1', '663bb62f-d27f-4199-92a8-cf88b54b0c72', '6b2ed8a2-7186-4c0f-84c2-01c475acc220', '1.4'),
	('e873fe33-0830-43e9-98f8-91b60e919e78', '605e745a-d053-4c64-bfa0-b6a078567a49', '1549b3b7-5cbc-464d-a9f7-2a0933462eca', '0.5'),
	('8a4b5905-5c74-4a9f-899a-eaacbdc64674', '2dc28ee4-970d-41f4-a4b2-9d6bf123bdc8', '2a32d4e1-b2d8-413e-994f-326cde8228d3', '1.2'),
	('c5f942b1-e60b-4339-8484-58c15b24175e', 'b0fcc0a0-7d80-4115-aefd-63f3a7a08ebe', 'cd386c79-0d47-4f76-9170-b0fe9f2aec11', '1.0'),
	('a7bfd575-6f98-4b89-bd47-cd775e954685', '2733ccb4-f9af-40b0-99ab-f09135a0f8ba', 'd1364dba-9ef1-4a64-89b4-d87290926498', '1.1'),
	('7aead369-7d90-42f7-8f66-47df70f128d4', '663bb62f-d27f-4199-92a8-cf88b54b0c72', '292ac526-92df-439e-a0d8-9893127cf6b9', '1.3'),
	('340cca94-7220-446e-8352-39b35def3476', '05a46603-d616-4444-abe9-772f3ac919a2', '0a21c6c7-bdb2-49a3-a748-eacad17f6f69', '0.7'),
	('fed95ea7-5c46-4bb8-9d12-da58e5e568d4', '68fec44f-69b6-48d4-ae03-1fa4dfcda250', '6090f73c-be89-4abe-a86e-23f88e2915dc', '0.9'),
	('16ef17aa-a7f2-44d9-8111-b85d52dc32b8', 'd62d9d1b-6c52-452f-8ab4-695c6563e879', '392d9062-2803-40e8-9460-9e45508ad6ee', '1.8'),
	('0df209b8-ebf3-409c-9dfe-56b9a99cfc29', 'eff85c0f-809e-40c5-954a-ff5767029830', 'bfa36390-df38-4500-ae2e-edee2179398b', '0.8'),
	('46d73c6e-6954-458f-b27c-62051df9a1b2', 'eec6e171-be90-4247-ba06-db031048894f', 'cf53f2eb-0b72-4722-84bf-cc9402346b03', '0.8'),
	('5190709b-5092-487c-aeca-37e36d02943c', '1673c8dd-6736-4aa9-a0df-4033e15a5f52', 'cf53f2eb-0b72-4722-84bf-cc9402346b03', '1.1'),
	('9fb1f75d-9201-4d17-b9e6-5b2dba7bf3d6', '49de2b03-f97f-4eb3-af3e-da8dd4c907b6', 'ccc10cb4-d136-4d0f-848c-19702972d6c8', '0.6'),
	('ba3ef7ed-2bd1-4e75-a293-0dab07cca806', '7aa80c55-e21b-4333-a674-bc2af2402cd3', '1bb27007-5ff3-4177-b146-9fb7f9e0eb97', '0.8'),
	('9aa34454-e6a6-4c71-89e9-6dc8f707530a', '6ac16015-e948-4117-be69-cd4f708b93ec', 'cd386c79-0d47-4f76-9170-b0fe9f2aec11', '0.1'),
	('d785e5ac-ed93-4af5-8e09-632d940e213b', 'af93a76a-d259-4103-aae9-d64975d8bfee', '841edb67-3d1d-4697-9891-b2c932ca0d5f', '0.9'),
	('7aa45c4a-1d7d-4bbd-82c6-48f071402826', '6ac16015-e948-4117-be69-cd4f708b93ec', '8c946a02-466a-4afb-b8ca-4238382fc37e', '1.1'),
	('c2873304-34f0-4082-b81f-dfaaae5e5b6e', 'fb7d58f6-bc7b-4640-b09d-6df028d1b0ea', 'bb03b88e-bcc9-430a-a28e-c03ce8afa68f', '1.2'),
	('c9e9bd21-7daa-4b9a-9ee9-8011ad8f8d32', '49de2b03-f97f-4eb3-af3e-da8dd4c907b6', '2405dbbc-5044-4351-96b7-3a673c83a341', '0.6'),
	('08125c9d-897d-4c58-b930-b5fa45c8eb8f', '7850e984-2050-4968-a97a-d60874ab0f1d', '1e570dfc-7d2a-44bf-9755-a6e13b01c48c', '1.7'),
	('d64c240b-83a4-40e9-b3fe-3e3648a5529e', '7862a209-8061-4b18-adea-717c3142284e', 'cf53f2eb-0b72-4722-84bf-cc9402346b03', '1.1'),
	('13c7895e-23d9-4ff8-9562-0b48859b2e5b', 'fc878c9a-b51d-4be2-a701-5c3ee2eae59f', 'bb03b88e-bcc9-430a-a28e-c03ce8afa68f', '0.7'),
	('48037963-f242-4e8c-94bc-62904e11ee73', '1de4c5b9-0879-4e87-bc04-63252d47dbe4', '2b0c489d-a801-4d76-801f-1ffbdcebb8bc', '1.6'),
	('967d9d0d-70c2-4f18-a15e-d095d9ab707e', '720306e6-09e0-41e0-b5ad-f1669c939d95', 'e96f3ab9-4bb5-4714-aa51-9e2eadc42510', '0.6'),
	('769f1e2c-ed79-4b3b-ab05-025a333bb96b', 'd0bc5927-f8cb-4e19-adcc-176c50dccbcf', '6090f73c-be89-4abe-a86e-23f88e2915dc', '0.5'),
	('8ece051b-c467-49bc-87af-1bfb99c62fb5', 'd40a6d10-8c38-4843-a232-d8ec1727fad4', 'eebfbd78-5732-4950-afef-3be4773ba49a', '0.9'),
	('856846c1-3b85-45ee-bb64-88e81c7a9197', '0664fc7f-bbbd-430d-9c51-ede862d833d5', '1e570dfc-7d2a-44bf-9755-a6e13b01c48c', '1.2'),
	('1cb09718-d384-46b9-a992-d3f9e0ac5be7', 'e957e18c-1c30-4cbd-8fd3-f18dcd18c59d', '1fd7a2c1-43e3-4ad2-b9e8-4fbf39e33714', '0.7'),
	('1fce19dc-43c4-4b53-a4d7-eeae6534a145', '4f56ee47-a43d-4bfe-ae5d-8b0f9539b6c1', '113b2050-615c-4b03-96a5-783852f8a347', '1.5'),
	('c8efc5fe-6519-4792-a2b1-3119f4abedbd', 'd08905f5-dfe7-4520-8c31-22c8246561c5', '6082e4c4-6135-4ba5-bbb5-5f477967e4a5', '1.7'),
	('3bbb76b7-5e3e-43fe-8ac1-37cc2a1ccf90', 'af2e04a6-1a28-44d9-baba-53f465f342c6', 'c1a14c13-7292-45bc-bdd0-ae77508443ff', '0.3'),
	('0450b3cd-b9d8-4113-95a1-c157cb79f5d6', '50275096-6861-438b-b24f-8e5b203db26a', '2b0c489d-a801-4d76-801f-1ffbdcebb8bc', '1.4'),
	('ba34611f-7e5f-488b-8cf7-f1ac85965065', '356387fd-b6b0-4bd8-8d97-2da3ea4cb42d', '67c17539-8dd5-403d-b03a-7d95eb128eb2', '1.7'),
	('86ec3bad-9458-4e72-9007-567eb827910a', 'b0fcc0a0-7d80-4115-aefd-63f3a7a08ebe', '7bc57542-2dea-44c2-800b-ce1975fc8bdb', '0.2'),
	('c4318b21-d45b-44f9-bc1b-8c4b461b58f4', '487a5be1-0c01-444e-8cef-ebb6c11a2c47', 'b2b86a36-8e11-4571-a42e-6486fdbb4ee7', '1.1'),
	('2d4aaeec-e2e7-4e19-be95-23dc09807851', '21e09bcb-888e-4081-b2b7-1c8d778b831d', '98cbfb4b-eea6-4c86-b1ed-c1179d9f4d4e', '1.8'),
	('58a2781b-20ec-4204-aee0-0ebf7780927e', '356387fd-b6b0-4bd8-8d97-2da3ea4cb42d', '94eb8eee-3f89-4f8e-9124-7d2dc4f2b180', '0.9'),
	('5bf82e0e-976f-40e4-ad15-cb79ebc7a91b', '43aa66c8-0c98-4c94-a2c0-6a4707326426', 'bfa36390-df38-4500-ae2e-edee2179398b', '1.8'),
	('03107255-023a-4239-a6c7-f74d4c90943c', '298104e3-a165-4110-8fa5-773453a7caba', 'c9beebe9-8996-4578-9cf7-8cf125b4b173', '0.8'),
	('390f579d-1df6-40cd-825f-cd1386ee78b9', 'ee4946d5-9f98-4a77-82bd-469651b73d1f', 'ce17b66a-eac0-480c-983b-90207a131003', '1.4'),
	('1df0e400-0347-4b3e-8271-2d01cd361392', 'adffa746-af19-4d0d-8a5b-acdab7318356', 'cf53f2eb-0b72-4722-84bf-cc9402346b03', '0.9'),
	('84583870-90f8-4bf3-87cd-b90b25624914', '7850e984-2050-4968-a97a-d60874ab0f1d', '6cd0d978-bed6-4616-8faf-1d9990f09d6d', '0.7'),
	('8f89cf8d-8875-4187-88f4-5e9e5a06eb48', '0c6ae966-a915-4fe2-8ac7-37915b3dbbe1', '525e715b-2d7c-48c1-8ceb-3c02d999c1a8', '0.5'),
	('18918886-e748-4638-99d8-d8814a981207', 'aef67d85-b7f6-44a9-8e9e-0372a764debb', 'd1364dba-9ef1-4a64-89b4-d87290926498', '0.8'),
	('f62c8eb1-bdf6-4638-8542-d1ac84f84f85', '05132454-6b17-4b0f-ac95-147e8eff3ae7', '94eb8eee-3f89-4f8e-9124-7d2dc4f2b180', '1.3'),
	('b7b6a06e-9d1e-4010-974d-806031e92d44', 'f786770c-4728-4045-b740-b77eda20197d', '3f25e9a7-640b-4aa9-9cb4-03b15494ef11', '0.6'),
	('0bf99451-5c55-4866-b1b9-9cf6aaa112c3', '4ffbd619-0779-4008-a9c2-630a0c66e599', 'cd386c79-0d47-4f76-9170-b0fe9f2aec11', '1.0'),
	('43f4d2b4-92c7-433e-bb84-a5f0712c76eb', '46f09b38-ed30-4ac3-a36a-7ecda07175cd', 'bb03b88e-bcc9-430a-a28e-c03ce8afa68f', '1.3'),
	('36543234-3941-4b9c-9af9-d7827a7127e8', '99891ee2-fe1f-4046-a349-7cd8ff8537a9', '40b1c074-326e-4860-80e9-af8c478952b7', '1.0'),
	('652bda6e-1046-4771-a590-f405704ca928', 'f568b035-98bf-4ef3-9bdd-dba25271bb67', '3e5d6881-5731-4e8b-9aae-ff17c54c85c5', '1.3'),
	('442d22a7-3183-44b7-84f8-8907b5980ed9', 'f5e5ccbc-5d3c-4765-9a2b-fea8e1cbfee7', '6fc1498e-141c-4fc6-89bf-8f5fc166d322', '1.7'),
	('b5368ad2-272d-409a-97aa-806a5a1c2ad2', '5cf11f35-192e-4b93-8ac7-e5ce882eedc3', '2b0c489d-a801-4d76-801f-1ffbdcebb8bc', '0.9'),
	('03701aed-8572-4071-8f1e-14a399bb6996', '714bec7b-829d-405c-a5f4-280ef40ea39c', '69a0c04b-4ab9-46b7-809c-59a6f9ef8e2f', '0.4'),
	('fc69eb4f-91f9-4695-ad4a-b28ed7b28e96', 'c33cedd3-19c7-4ce8-8693-7b6bb763a207', '1c432216-44e1-44fd-b067-dcba1f58870b', '1.0'),
	('22ab7aab-5af3-4933-b31a-b32c8bc1d1da', 'af93a76a-d259-4103-aae9-d64975d8bfee', '8c946a02-466a-4afb-b8ca-4238382fc37e', '1.0'),
	('2633f913-f46e-4a05-8b5f-b0569e7ea29b', '99891ee2-fe1f-4046-a349-7cd8ff8537a9', '6082e4c4-6135-4ba5-bbb5-5f477967e4a5', '0.4'),
	('b605f18c-ae2f-4ecb-8a01-26c7180634cc', '97dc02ec-e2e6-418a-aa5c-c23ab7386a60', '2d74ac18-c7d1-464c-963d-62c5393cb7f7', '1.1'),
	('a7975d4c-eee6-4656-84e9-0d8097154a5d', '3e9d5a69-23d2-4770-a080-0b7590ef5c04', '6bf635c0-7c6b-4787-88d6-28c844563c96', '0.7'),
	('eb2f8d26-7183-4c1e-9c69-1daa6c21e1c8', '60e493f3-2c10-487e-9793-f5525ebc60f7', 'ccc10cb4-d136-4d0f-848c-19702972d6c8', '1.3'),
	('1e5625d6-42de-44df-a0b2-9c6b41d3eaa0', '432f9244-d5a1-4cab-9cd6-8080eec2674d', 'cf53f2eb-0b72-4722-84bf-cc9402346b03', '0.8'),
	('c5d5be7c-b5bb-4b5b-adda-a8214e4501c7', '818f3db8-8747-4e24-8440-c0cd7dcf4cf2', 'bfa36390-df38-4500-ae2e-edee2179398b', '1.0'),
	('bcf947cb-c182-46a2-8eb3-7b57ffd37f3d', '720306e6-09e0-41e0-b5ad-f1669c939d95', '6b2ed8a2-7186-4c0f-84c2-01c475acc220', '1.1'),
	('b0d43204-8dee-407a-8ed9-6d580cb42121', '2107d3ad-726d-4e1a-9196-ee8a0f62975a', 'ccc10cb4-d136-4d0f-848c-19702972d6c8', '0.1'),
	('c9114dd7-c2a4-41ea-9192-27714eb10236', '4977e8fd-80fe-4f74-8de0-ed5dde9234ca', 'cf53f2eb-0b72-4722-84bf-cc9402346b03', '1.5'),
	('a735defd-57cd-4dbc-99bf-f757e454c9ee', '596eb8fe-4777-4d29-8696-4aef7883a4a8', 'e5ed39b0-0825-4ad1-986e-0d5b92576a40', '1.6'),
	('5e228e25-a455-44a5-ace8-050dfddd6279', '169a0e11-70f9-4c30-a7fd-e55c32d3cd20', 'eebfbd78-5732-4950-afef-3be4773ba49a', '0.8'),
	('96d8f7fa-bccd-4212-a165-f6ebfa6c0e38', '670e3d94-42d2-4514-b239-190770ecc780', '6bf635c0-7c6b-4787-88d6-28c844563c96', '1.1'),
	('6050905b-9af3-4378-a1d4-47b18a49a77e', '45409141-c8e7-4177-9575-101b3676bc9f', '6d577b1d-11f9-4180-b972-7620ade8eefb', '1.1'),
	('61bb45f6-4985-4846-bbf5-53e81aa41d40', 'fcbe16c8-612a-4d93-9dc5-71fc29fa78f4', '6c767349-a5b7-4dd2-b9c7-8525346a3c88', '1.3'),
	('1031f370-4f2b-42fd-9be1-dd096f334e5c', 'adb9e324-3425-479b-8e0c-5d810c97e2f5', '469724d5-cea8-4faf-ad45-590ce10700ef', '1.0'),
	('2d6f9df3-3a1e-432b-bf1a-89a8ac9d30d7', '818f3db8-8747-4e24-8440-c0cd7dcf4cf2', 'b4f5caaa-a580-419f-93fb-ad8ec680359c', '0.1'),
	('e8a001c7-2f85-4c26-aa40-7abd10bca613', '98c7526c-96ba-4030-9fde-305fc7b64e20', '8c946a02-466a-4afb-b8ca-4238382fc37e', '1.1'),
	('13e1a59d-692a-47d6-b96f-3af86136f35f', '7aa80c55-e21b-4333-a674-bc2af2402cd3', 'cf53f2eb-0b72-4722-84bf-cc9402346b03', '0.6'),
	('16bb59e1-a1d5-4ca7-a7c2-38e004948239', '7aa80c55-e21b-4333-a674-bc2af2402cd3', '841edb67-3d1d-4697-9891-b2c932ca0d5f', '0.6'),
	('1f8de30d-f352-4a11-8bfa-e516ea2f3c84', 'f568b035-98bf-4ef3-9bdd-dba25271bb67', 'f6bdd407-fc03-46b2-85b9-0129168b7795', '1.2'),
	('4ee50d26-db7a-4865-90de-ccabfd8df98c', '67ac6d10-5844-4799-a455-f3072942ac03', '48999bbf-6802-4edd-a687-ee198c473498', '0.2'),
	('91d5486e-b2ef-4ad8-83db-c3b13b05e385', '4b122ad5-d313-402b-922e-f2ba85e56260', '6082e4c4-6135-4ba5-bbb5-5f477967e4a5', '0.5'),
	('a8db010f-346b-48a8-b21c-c32ec8b85f55', 'fc878c9a-b51d-4be2-a701-5c3ee2eae59f', '525e715b-2d7c-48c1-8ceb-3c02d999c1a8', '1.6'),
	('7db1b7c1-89a7-4fd4-bef2-f229b655d0ee', 'd28f5d64-b34c-40dc-9565-246197c1c2b1', '3e5d6881-5731-4e8b-9aae-ff17c54c85c5', '0.8'),
	('eb54d143-b0d8-4cce-9c32-9ad5561ccc5f', '21e09bcb-888e-4081-b2b7-1c8d778b831d', '1549b3b7-5cbc-464d-a9f7-2a0933462eca', '0.5'),
	('d12c1248-14e3-4700-839d-3c8635fa5133', 'f5e5ccbc-5d3c-4765-9a2b-fea8e1cbfee7', '40b1c074-326e-4860-80e9-af8c478952b7', '1.7'),
	('d24395bb-2d9b-41ef-b4f2-b46afb116fe6', '518f05d1-eb7a-4cd1-9922-894ad9295208', 'c5a96436-ba52-4726-84f9-6e9c59ceabfb', '1.3'),
	('3fdc4c3a-219f-45a9-96cf-8b8aeeae3b01', 'adffa746-af19-4d0d-8a5b-acdab7318356', '6d6c5ed1-e0e1-49b3-9767-be2d06f403e4', '1.0'),
	('32f56a09-dd90-417d-9cc8-594b0f564cea', '1d0d058f-4d91-4100-9232-6eee3bdd1d88', '6090f73c-be89-4abe-a86e-23f88e2915dc', '0.7'),
	('ee644340-7099-413f-8590-ad0de78b17e1', '7850e984-2050-4968-a97a-d60874ab0f1d', '2a32d4e1-b2d8-413e-994f-326cde8228d3', '1.2'),
	('0c716198-924a-4f93-8b5f-49cd0c768373', '4977e8fd-80fe-4f74-8de0-ed5dde9234ca', '3f25e9a7-640b-4aa9-9cb4-03b15494ef11', '0.6'),
	('723ddb2e-a781-4f9a-9c55-f9d36fd93463', '154234d3-4937-4204-9b1c-385127ca7b45', 'ccc10cb4-d136-4d0f-848c-19702972d6c8', '1.2'),
	('42f99c7c-26d3-48a6-81c4-c49ac62aed32', 'bfe109eb-70a4-4dd9-95de-0dd3ad580c86', '0314b33a-e5c8-413e-88d3-6b6b99086993', '0.5'),
	('a3b4904e-0780-4c28-b01b-39bf0141c264', '518f05d1-eb7a-4cd1-9922-894ad9295208', 'f0757b4d-6aee-4705-a575-19ec89c2849b', '0.6'),
	('df46f0c1-4e40-4523-abd7-a82aad2dd96b', '945b3bb5-f6c0-4828-a667-757c3f61a53a', '2a32d4e1-b2d8-413e-994f-326cde8228d3', '0.3'),
	('d654ded4-da5c-4c4d-a610-a364be32829b', '1ece88ae-ecc5-40e2-98fe-b61763e91462', 'd1364dba-9ef1-4a64-89b4-d87290926498', '0.9'),
	('49affa72-d3fc-440a-9496-b91abe64d758', '99dc05d4-0399-4cc9-9ea6-3b006c3ccf38', '2c8e295e-7a8c-426e-afd6-b217610fae16', '0.3'),
	('c4ccc134-a256-4f31-9072-329d23b51cb0', '0664fc7f-bbbd-430d-9c51-ede862d833d5', '6d6c5ed1-e0e1-49b3-9767-be2d06f403e4', '1.1'),
	('7ff9e17e-f202-4c10-accc-1067a001b1ab', '99891ee2-fe1f-4046-a349-7cd8ff8537a9', '6082e4c4-6135-4ba5-bbb5-5f477967e4a5', '0.6'),
	('c6a06c3e-d5bb-4e98-88a8-38a8bc1230a1', '77ef830d-3297-4e80-9991-897ad6598f97', 'ed2a417d-3ed8-4f5c-9940-f44c3f3544a0', '0.9'),
	('80288926-c238-4ce8-8189-2260d4855517', 'f568b035-98bf-4ef3-9bdd-dba25271bb67', 'e5ed39b0-0825-4ad1-986e-0d5b92576a40', '1.5'),
	('e74c8398-b800-42c7-abb5-6f63acf00228', 'ed51c57d-5a36-4b00-82dd-2d5b203b8814', 'ed2a417d-3ed8-4f5c-9940-f44c3f3544a0', '0.2'),
	('32db160f-1e26-44cf-8182-22a08380b8cc', 'e89a3d4f-a585-4ccb-af31-70b3f7287591', 'b4f5caaa-a580-419f-93fb-ad8ec680359c', '0.3'),
	('368789e9-1c15-4db1-80d7-8bb27da3e068', '432f9244-d5a1-4cab-9cd6-8080eec2674d', 'f0757b4d-6aee-4705-a575-19ec89c2849b', '1.1'),
	('0e0f6748-c10b-46e9-b650-7a8fa69d17f4', '1673c8dd-6736-4aa9-a0df-4033e15a5f52', '292ac526-92df-439e-a0d8-9893127cf6b9', '1.3'),
	('3047d213-080c-4494-bd55-42eb724006d0', '670e3d94-42d2-4514-b239-190770ecc780', '6bf635c0-7c6b-4787-88d6-28c844563c96', '1.1'),
	('8c8c13c5-e6bc-4dec-8e35-060dcdf17ab1', '945b3bb5-f6c0-4828-a667-757c3f61a53a', 'f6bdd407-fc03-46b2-85b9-0129168b7795', '1.9'),
	('3cf17d7a-cb78-4096-abe0-27d4c8050e3e', '405af0dd-014e-4e91-8ad6-f00c6aaa7824', '469724d5-cea8-4faf-ad45-590ce10700ef', '0.8'),
	('ee29db26-9541-4cf8-bb74-b95a14ad3c7e', '2825a852-edbc-41f7-9e50-8876e37a5ed8', '392d9062-2803-40e8-9460-9e45508ad6ee', '1.2'),
	('386409a8-cdb0-4ea8-beca-5ccc4a1c47f6', '844888c2-daf5-43fc-9f82-420d398d6c98', '75f5e968-ef05-4ecc-a124-250e755a4385', '0.7'),
	('90ca1f35-6663-475b-a92f-a796115cfb7b', 'a5172181-2dff-4e72-8c4b-ff0358bf3496', 'bfa36390-df38-4500-ae2e-edee2179398b', '1.1'),
	('073804b6-0940-4c08-9567-7d422fcb1f61', '4977e8fd-80fe-4f74-8de0-ed5dde9234ca', 'eebfbd78-5732-4950-afef-3be4773ba49a', '0.9'),
	('b5e91b9e-f53e-415d-b5ad-119c2847b839', '663bb62f-d27f-4199-92a8-cf88b54b0c72', 'c5a96436-ba52-4726-84f9-6e9c59ceabfb', '0.6'),
	('604f37f2-45eb-4bb4-a041-e66f3e5c38bd', '41430d59-e3d6-4793-babf-0d94e14cafc4', 'e025bd1c-f56e-4f18-b1ba-fe6bf6551f9c', '0.9'),
	('f0c39dc6-69e8-46a6-add4-e172c4504ecf', '4e5278c1-3f5b-4166-983c-975514e7db05', '2a32d4e1-b2d8-413e-994f-326cde8228d3', '0.9'),
	('1d4b8543-0823-4e7d-9640-063d4f03c5b7', '85b01a82-6550-42c3-9713-22b0ee4e4f58', '1e570dfc-7d2a-44bf-9755-a6e13b01c48c', '1.3'),
	('47eea1d1-bf3b-4413-a12e-1a79cca7cb2a', '1418922f-dba1-4a12-9a18-670eef1372c5', 'f0757b4d-6aee-4705-a575-19ec89c2849b', '1.5'),
	('a0a6f834-d976-4af6-bd47-f229bc6d3547', 'e89a3d4f-a585-4ccb-af31-70b3f7287591', 'c1a14c13-7292-45bc-bdd0-ae77508443ff', '1.1'),
	('67d542ff-15d8-4628-8a22-4d3879912ffc', 'd08905f5-dfe7-4520-8c31-22c8246561c5', 'a74fc8c8-ed74-42db-949a-8c15a045f3b7', '1.5'),
	('ead90de5-91b8-4c18-9d9e-22758920db42', '21e09bcb-888e-4081-b2b7-1c8d778b831d', '2a32d4e1-b2d8-413e-994f-326cde8228d3', '0.9'),
	('26059b2b-9bd3-48cb-b166-707162219a04', 'a5172181-2dff-4e72-8c4b-ff0358bf3496', 'cd386c79-0d47-4f76-9170-b0fe9f2aec11', '1.5'),
	('4fbb66a6-a2d6-4415-b7fa-8b1031228cd6', 'e0ecdc06-cf2b-44a0-ad4f-c5a475826a58', '3f25e9a7-640b-4aa9-9cb4-03b15494ef11', '1.4'),
	('6bbf6703-ceb7-4293-ba81-dcf921923434', 'd0bc5927-f8cb-4e19-adcc-176c50dccbcf', 'adcd25d4-7233-4ca4-b5ab-fd3c2dbe4f59', '0.7'),
	('f3dfa448-ff75-47d2-bfca-d2e1ca9a8611', '818f3db8-8747-4e24-8440-c0cd7dcf4cf2', 'c1a14c13-7292-45bc-bdd0-ae77508443ff', '1.3'),
	('7a487752-7e9d-4948-b3ae-d3c926b1d0d4', 'ce74c39f-b7a4-4663-8581-3b7773aac3a2', '3e5d6881-5731-4e8b-9aae-ff17c54c85c5', '1.3'),
	('e0a6cdb9-f014-4afe-ad91-d46009d4994e', '69522b99-403f-415c-a456-8d64728a1a57', 'e96f3ab9-4bb5-4714-aa51-9e2eadc42510', '0.7'),
	('7f8a340f-2ce4-421e-ae66-e243881a7963', 'a75206e5-8c9d-4d66-bc79-d27f5b39324e', '1549b3b7-5cbc-464d-a9f7-2a0933462eca', '1.0'),
	('e55f8b31-f89b-47cc-810c-b19f1afab5e8', '7e4845e9-13d8-4a27-90a2-1dd0c9016351', 'e025bd1c-f56e-4f18-b1ba-fe6bf6551f9c', '0.1'),
	('8a7d260d-7843-4893-a592-1c0d6ab5c7f5', '69eeb2cb-c5ce-46bb-ab32-ae561d41619f', 'cf53f2eb-0b72-4722-84bf-cc9402346b03', '1.8'),
	('3d72e04f-b4a8-41bf-99ab-f8ecb53f74b2', '9584fdb0-d583-4530-a08c-ca2b21d18c94', '6b2ed8a2-7186-4c0f-84c2-01c475acc220', '1.8'),
	('0bde8379-2cea-4924-8791-b62ed45ef3bf', '0983dbea-a6f1-4cec-8e58-19a2e8a17ab6', '94eb8eee-3f89-4f8e-9124-7d2dc4f2b180', '1.2'),
	('3fcbe8d4-45ce-476d-9d07-0f40c80c3d6e', '2733ccb4-f9af-40b0-99ab-f09135a0f8ba', '113b2050-615c-4b03-96a5-783852f8a347', '0.6'),
	('66532428-7486-47b7-917e-d1b4cf08407d', '99dc05d4-0399-4cc9-9ea6-3b006c3ccf38', '469724d5-cea8-4faf-ad45-590ce10700ef', '0.2'),
	('30ce15ef-814f-4d03-9166-8efae402672a', '67888359-010f-4690-ac2a-6c200dafd530', '6b2ed8a2-7186-4c0f-84c2-01c475acc220', '1.3'),
	('456ab669-241e-46a8-a32e-b55d0c4a38b4', '169a0e11-70f9-4c30-a7fd-e55c32d3cd20', '2d74ac18-c7d1-464c-963d-62c5393cb7f7', '0.1'),
	('1d92fdec-dcbd-4f68-9ce4-3b93bfe24319', '2107d3ad-726d-4e1a-9196-ee8a0f62975a', 'e025bd1c-f56e-4f18-b1ba-fe6bf6551f9c', '0.9'),
	('72be0124-ef01-401e-bcad-f093bfc4f0a4', '727b7cc2-8f26-482f-b16d-ad915f2f6a0e', 'cf53f2eb-0b72-4722-84bf-cc9402346b03', '1.1'),
	('a4fd7101-97e1-4834-8409-e2392941ed3c', 'b42b6884-8ada-40dd-8c3a-9a32193a1916', '60b31f1d-2a9f-4baf-9123-78a53540c407', '1.4'),
	('90527290-12f0-457f-98e5-7c92248bdb31', 'adffa746-af19-4d0d-8a5b-acdab7318356', '841edb67-3d1d-4697-9891-b2c932ca0d5f', '1.1'),
	('10328387-670e-464e-a1c0-00e87578deb4', '518f05d1-eb7a-4cd1-9922-894ad9295208', '60b31f1d-2a9f-4baf-9123-78a53540c407', '0.3'),
	('45a47703-95f8-40cd-849a-fcaa2236eb72', 'fc878c9a-b51d-4be2-a701-5c3ee2eae59f', '60b31f1d-2a9f-4baf-9123-78a53540c407', '0.7'),
	('327a102c-24b7-404c-b985-033b9a9c1596', '83d4af80-cd1e-43b3-9c9e-f58f18366f72', '8c946a02-466a-4afb-b8ca-4238382fc37e', '0.8'),
	('566520ba-faa6-4eb6-8616-8f775c40a26b', '670e3d94-42d2-4514-b239-190770ecc780', '45194bdd-af73-4a04-951b-ed9582f469fd', '1.6'),
	('24a755ec-2390-464f-8a19-f5570225f04a', 'e957e18c-1c30-4cbd-8fd3-f18dcd18c59d', 'adcd25d4-7233-4ca4-b5ab-fd3c2dbe4f59', '0.9'),
	('2c9498b7-ab02-4a9f-bc32-2240f03592c0', '77ef830d-3297-4e80-9991-897ad6598f97', '2a32d4e1-b2d8-413e-994f-326cde8228d3', '0.9'),
	('66bc4e50-2c26-4bc5-87bb-f75431b14936', '85b01a82-6550-42c3-9713-22b0ee4e4f58', '7bc57542-2dea-44c2-800b-ce1975fc8bdb', '1.6'),
	('886c008b-5d6e-4d12-a8a1-f98f076f8e57', '69eeb2cb-c5ce-46bb-ab32-ae561d41619f', '113b2050-615c-4b03-96a5-783852f8a347', '0.9'),
	('90594f85-e430-445b-b86c-14858ea2915d', 'd7a1d56a-02a6-4875-b2c9-cdc529dff8c4', '0075c6cd-0f4e-48b4-91b9-ffb26c6f824b', '1.5'),
	('3346b884-ff04-4752-8b9f-4945fa45ec7b', '8dee759b-fc2e-4d25-b91c-249ffc971266', '8c946a02-466a-4afb-b8ca-4238382fc37e', '1.0'),
	('e5a75216-b030-40b8-8855-2e086e2fde7d', 'a9e5891a-694b-49c1-9f1f-be73d4d3a2d4', '525e715b-2d7c-48c1-8ceb-3c02d999c1a8', '0.6'),
	('ce40d683-f693-418d-807c-a503ffc1d1c4', 'a4b47585-4bfc-45a0-a14c-c8b6511be6f5', 'c0eebf97-a3cc-41e6-b2f9-8315595f4ac1', '1.0'),
	('c6f0dd20-efbc-4aff-811e-1d8659628ecd', 'a4b903ca-a684-435d-914a-8596fdfb6b29', 'bfa36390-df38-4500-ae2e-edee2179398b', '0.7'),
	('528bc32d-3d5c-46a5-8d08-9086089b67cb', '432f9244-d5a1-4cab-9cd6-8080eec2674d', '292ac526-92df-439e-a0d8-9893127cf6b9', '1.5'),
	('20be2869-6989-4503-b5e4-f299f987e5e9', '2d4a7982-933a-4bc6-82dc-ecaece0aaa60', '6c767349-a5b7-4dd2-b9c7-8525346a3c88', '1.2'),
	('bad5189b-2065-40a7-8709-594184d055ff', '2bba9963-6264-4c22-b5ee-cdad403ec9b9', '75f5e968-ef05-4ecc-a124-250e755a4385', '1.1'),
	('dc093ffd-ccbd-4640-bafc-ea2747b4ae2b', '2dc28ee4-970d-41f4-a4b2-9d6bf123bdc8', '1c432216-44e1-44fd-b067-dcba1f58870b', '1.3'),
	('3f5c4695-33c3-4bee-883b-de7317c24c35', '80188640-748e-43da-a9ca-faa0e257b8f7', '2b0c489d-a801-4d76-801f-1ffbdcebb8bc', '1.2'),
	('5db51a9e-7eaa-4aac-a7ed-0f821c576cd0', '00ca33ee-f9cd-4be2-8584-3831bab5e945', '45194bdd-af73-4a04-951b-ed9582f469fd', '1.5'),
	('354211f6-eac9-42d3-ae0d-0ac73ed50f4b', 'eff85c0f-809e-40c5-954a-ff5767029830', 'f6bdd407-fc03-46b2-85b9-0129168b7795', '1.2'),
	('e3ad500d-1e9c-4cda-82b6-4f185d84ba99', '1418922f-dba1-4a12-9a18-670eef1372c5', '69a0c04b-4ab9-46b7-809c-59a6f9ef8e2f', '0.9'),
	('6a2307ee-2d60-4c58-a1a4-ceca6a70b273', 'cdeaab90-a83b-4f1b-ba00-ab8f5df6d803', 'd11c447e-fbcd-4ad7-906d-b64cd75887e4', '1.0'),
	('7f9b15fd-218b-4111-8163-0672e1d28741', 'ea773468-beb0-4f31-a8ba-2e562fb3cbbc', 'eebfbd78-5732-4950-afef-3be4773ba49a', '0.5'),
	('b0e9621f-5a88-47f7-a387-26b52c9344d8', '28cf42ed-0137-4039-933a-ad4f126899b4', 'a74fc8c8-ed74-42db-949a-8c15a045f3b7', '0.7'),
	('4fb5d591-54e4-459a-8d1a-24918c0ff438', '2bba9963-6264-4c22-b5ee-cdad403ec9b9', 'adcd25d4-7233-4ca4-b5ab-fd3c2dbe4f59', '1.7');
