INSERT INTO photo (id, extension) VALUES
	('1b3109ac-fd16-41ae-b365-c55af7d32c98', '.jpg'),
	('586b4d7c-be5e-4af1-83c3-9a693d3d59d9', '.jpg'),
	('dbbef896-a177-47d4-bc83-0b8e0ead65ae', '.jpg'),
	('71841fd2-0566-4a7c-9a4a-8753129893ca', '.jpg'),
	('904b7ad9-3362-4435-bcf7-d92a0a60e697', '.jpg'),
	('866989f2-a1a1-4f8e-aacc-d4c02e2e8fa3', '.jpg'),
	('921c9c8a-9ee4-410a-a163-d4b6a7e5f21d', '.jpg'),
	('853d64c5-4820-415f-bb89-29932d47e1a2', '.jpg'),
	('4642227f-82a9-4d00-af60-bfe858acb26d', '.jpg'),
	('ca5f4092-e140-44d5-bc78-a4e2de0a621e', '.jpg'),
	('757872d0-3015-4289-a597-6cb0f686f893', '.jpg'),
	('141a5ac8-ff34-46c7-842d-03e0496d2430', '.jpg'),
	('49401b45-3677-46e4-ae28-9850e7624cc8', '.jpg'),
	('3b18202c-a9dc-450d-8d6b-60328fca1abd', '.jpg'),
	('25d6c223-92be-439d-bf19-d8be62e11bbb', '.jpg'),
	('005e911d-b975-46f3-b6b6-860215ef5770', '.jpg'),
	('880ba30c-dc12-41aa-84da-1d992c3b0e6d', '.jpg'),
	('6b846169-9a2a-4c67-a230-ba974b0e5174', '.jpg'),
	('ae784e78-7d4f-41e7-a575-c86a9f9203e3', '.jpg'),
	('c16933c8-6223-4024-b618-970cbd318903', '.jpg'),
	('951bc709-ec03-4492-9380-7e4f20ef3719', '.jpg'),
	('3334496a-417a-4b3b-a92f-d6e36dbebb04', '.jpg'),
	('0aed9b63-e133-43a8-b124-884cb0938cf3', '.jpg'),
	('879d1661-3cb9-4709-9e50-6b5b4b317b1d', '.jpg'),
	('17688436-bb0d-4b3e-ba94-d8955c615fc9', '.jpg'),
	('3698ee51-47a9-4bbe-b975-a2892f56e4d9', '.jpg'),
	('689bc004-9a8f-4128-84fa-616ba3a39837', '.jpg'),
	('05061299-0b83-47e3-897e-6287c996d810', '.jpg'),
	('31dd7192-eadb-46fb-877b-c42e6a399bd0', '.jpg'),
	('97c6a469-7c7d-42fe-a2b8-038f5cc3a476', '.jpg'),
	('cd02aee9-4972-442c-b56e-9452d27c59d1', '.jpg'),
	('814daf6c-1ef2-4f8d-8bfe-de19c7b718da', '.jpg'),
	('c7e1f056-1d23-4c59-9667-ce6a47c6f293', '.jpg'),
	('b9a208d1-47ec-4bbb-892e-ac5973662526', '.jpeg'),
	('1fe554d8-1054-4d0e-8a71-06f277d36ecd', '.jpg'),
	('bbb44d19-cdbc-4e02-8928-d96b02010c8f', '.jpg'),
	('92f47bef-d345-4c6d-9f40-313928d0d70b', '.jpg'),
	('d037e88b-9e11-4e31-93a9-f59786c75573', '.jpg'),
	('831531da-4402-4ac9-83d1-7b205ecf9617', '.jpg'),
	('ba760060-d6ef-46e0-a193-1a35c3afdfc1', '.jpg'),
	('52db44c1-1b84-4343-917d-baf59cf8a740', '.jpg'),
	('f44fcee4-eaf3-4900-b71d-59b34d33ecb0', '.jpg'),
	('cb44709b-b720-4b2d-8617-88756e57bc95', '.jpg'),
	('07c52db7-7969-4932-a3a0-f75a6258a942', '.jpg'),
	('52d8ab6d-a1e2-4934-a7e7-941fd4bb41c7', '.jpg'),
	('a0e3a748-b936-4636-8381-5a4d5ea94561', '.jpg'),
	('5d03bc28-7109-48f7-ab6e-326732a849ae', '.jpg'),
	('c2f09289-9821-438f-92b4-e1843168eadf', '.jpg'),
	('8fb67cf7-d7eb-42fc-9c93-9bf1acf2a3e0', '.jpg'),
	('18ebd646-24f1-4003-b3a7-726e34f38fde', '.jpg'),
	('071c3952-2d27-40dc-9339-1fe783416be9', '.jpg'),
	('afe0f4a8-208d-47ea-9371-9c4371d79ea7', '.jpg'),
	('f39664ea-1eee-43fc-a276-20ca4028759f', '.jpg'),
	('a3981899-0496-479c-aa40-ff29d577394b', '.jpg'),
	('80207bcd-a916-4205-9d09-7060ed558cfa', '.jpg'),
	('27f620aa-9483-436a-82a1-d74442ca6d39', '.jpg'),
	('606c07bd-7b60-4a4e-8632-7fd851b28e8b', '.jpg'),
	('4950ce60-0373-4625-8fbb-997198f73760', '.jpg'),
	('fc1ff948-08b1-41f7-bfaa-520804bfba07', '.jpg'),
	('ab9a93d9-0497-4cab-a414-ef65d9292592', '.jpg'),
	('ca512416-047a-4224-8361-56faf702cf0a', '.jpg'),
	('32014e9c-fa12-4cb1-b008-045acadac418', '.jpg'),
	('0b635b82-804b-43f4-abaa-52adc1964a15', '.jpg'),
	('73142a1b-0f80-416e-9e5d-db8afbba665a', '.jpg'),
	('e6b3c0a6-b255-4901-b5b2-80e3dc4996f6', '.jpg'),
	('b3182a2a-e2c8-4c40-8130-274a51042588', '.jpg'),
	('1e5b63d3-09cb-423b-89ff-b83e033f81e2', '.jpg'),
	('f0cd473a-1ec5-4bc9-a863-c3a8cdd0dea4', '.jpg'),
	('b59cfe71-d1c5-4da0-be2e-1432a24ca433', '.jpg'),
	('aa73697c-9ed4-48e3-a6fb-c297a90d8588', '.jpg'),
	('d5759b65-31c7-4598-94b5-0bc46a967047', '.jpg'),
	('15480cce-0a76-4870-a643-1af0d8f4e0e7', '.jpg'),
	('0c7cec80-b26a-4a17-9d40-18a9f6ae3032', '.jpg'),
	('632af091-96e3-4b2b-9c73-c5913694321b', '.jpg'),
	('c88ee202-ae30-4fee-8636-cb81dde94693', '.jpg'),
	('15312e96-a3ad-4f4e-8ddb-32e032ff5c28', '.jpg'),
	('b1e7227a-aae4-49b1-86f6-cbb3d5e1e2aa', '.jpg'),
	('4f0cd8a2-299e-4b55-b721-9d7e73ddcaaa', '.jpg'),
	('42a33c7a-36d3-4f70-8d76-e86182fa1dad', '.jpeg'),
	('6a186508-6e15-402b-b58f-a973f14a2b79', '.jpg'),
	('c950b32c-10ba-43d5-8c89-ef18390cf637', '.jpg'),
	('8f684286-9dd8-4dde-8644-e5478975109b', '.jpg'),
	('beb3071c-0672-4457-883f-e20309950751', '.jpg'),
	('f12dfa03-c956-4825-9536-31f297e37d11', '.jpg'),
	('e7c380e3-e101-490f-b3c1-3c8b3758f596', '.jpg'),
	('3612edb2-de9a-4b6a-aa77-e207cea6e9c5', '.jpg'),
	('4e5f58f1-1d25-4aab-9ba3-fd72c7ff01d9', '.jpg'),
	('db021560-cb69-445f-8ec3-094d8ca88b8d', '.jpg'),
	('14666160-734d-4a56-b633-dbea2636a901', '.jpg'),
	('adcfda7c-9f0f-4cb4-86f1-d26c0a539084', '.jpg'),
	('09add2a4-9732-4e06-b79c-f4a82e25cf19', '.jpg'),
	('2034bf94-21f3-4aee-993d-0dc1423dfb34', '.jpg'),
	('0d6ef062-aa15-4fd7-8620-1912983e999f', '.jpg'),
	('53d1ac07-8729-431f-a7ba-9ef366f00b7e', '.jpg'),
	('fb7e69a0-180c-45c0-8b7d-60b19cd60f34', '.jpg'),
	('9c0b6503-7185-4e9c-81cf-ec13eeeac65a', '.jpg'),
	('e3a591cc-9f87-47d0-b5c0-f841921d4380', '.jpg'),
	('20ca5a25-5eb3-4e43-aa67-d4eff98cef68', '.jpg'),
	('1e61d3d3-349e-410b-960b-c8f1be7da136', '.jpg'),
	('9362f1f2-ce7a-4f6a-9fa3-94383d5d240b', '.jpg'),
	('11d83556-04d7-4531-b065-124a7f9a584c', '.jpg'),
	('6cb3e269-3765-413c-b302-5cfcd89dd896', '.jpg'),
	('f4b7dd9f-07d8-4865-8949-e1febc471628', '.jpg'),
	('9a02ff2a-392a-49b6-b312-f5d29e4e6f75', '.jpg'),
	('d066efda-c049-48c3-80bb-a708f494b13a', '.jpg'),
	('b4747236-30cf-4e93-8268-fa9f3c72e58a', '.jpg'),
	('ac67b31a-9413-4a94-bbd7-1cea37482507', '.jpg'),
	('61273d61-2a7a-4047-a21e-6f2c507c4159', '.jpg'),
	('e2e7f369-7a8d-4967-ac11-97c1292c9d4c', '.jpg'),
	('149ff436-7fa2-4803-9973-0e7ce008c4c8', '.jpg'),
	('820cd052-7eba-4132-9b5a-60ce37ac957d', '.jpg'),
	('c26753cb-4f84-41de-b734-fe0f76ae6f2c', '.jpg'),
	('60f12816-f317-47cc-be9e-df64d8ded4fe', '.jpg'),
	('89ac3248-8979-4ab4-867c-1eb25355d588', '.jpg'),
	('052d4caa-79a4-4640-9519-83f265dd2439', '.jpeg'),
	('d53566d4-3453-4906-8509-9bd0bb5dc09f', '.jpg'),
	('cb378c7d-173c-492c-8f36-a29804acf732', '.jpg'),
	('a2a2a6b4-fecc-4cbe-921c-2ed630370055', '.jpg'),
	('a4748599-d60a-4a7a-9ab4-778e0c80b7d9', '.jpg'),
	('210e8da1-776a-4ba5-8c9d-f171a6e88a50', '.jpg'),
	('f8a0269c-e2c2-454f-8c11-58de01a2853c', '.jpg'),
	('2efe4256-da1c-4d2c-930e-fd1caa828903', '.jpg'),
	('4334ec0b-f1f4-45ca-914f-0c4b4864c549', '.jpg'),
	('7708c23e-d69c-424f-abf2-f06f478e5c61', '.jpg'),
	('5882524f-02ef-4165-bfeb-abe269a90e0e', '.jpg'),
	('3ff3e471-1d84-4044-9141-ada3793923ac', '.jpg'),
	('4d05ff9a-e1b6-454f-b34e-d6f02e7e8fc3', '.jpg'),
	('30b384a8-1396-4691-8655-3665076ec79f', '.jpg'),
	('63d0fcd6-2a39-4c86-b32d-2123e8e7487c', '.jpg'),
	('29c3f892-cd7a-4b3c-bf91-0a0ce5a9e602', '.jpg'),
	('195089a2-4893-484b-bedb-aebe913ca4d6', '.jpg'),
	('77015659-cafb-4518-b3d6-ce432cd4bf86', '.jpg'),
	('b7ffa87b-2cb9-431e-bc49-60da2da8aee8', '.jpg'),
	('8939bb60-9974-42d8-a8f2-124eafa1f1e0', '.jpg'),
	('3186fc1c-56ec-402e-a694-4ea9d4311902', '.jpg');
INSERT INTO "client" ("id", "surname", "firstname", "lastname", "birth_date", "email", "phone") VALUES
	('9953e565-53b7-4656-9c19-2c91db520f93', 'Тетерин', 'Станислав', 'Игнатович', '1999-07-20', 'jndjdrhk18@gmail.com', '+7 (927) 183-03-58'),
	('820edaa7-523f-41a4-a7e1-1078fc6f3ad2', 'Одинцов', 'Анатолий', 'Савельевич', '1989-04-14', 'xesrzxen68@gmail.com', '+7 (937) 141-64-57'),
	('692dc911-d4d8-4847-ad21-d28a064d0f2e', 'Осипова', 'Виолетта', 'Данииловна', '1981-06-01', 'hayxrkrl79@gmail.com', '+7 (991) 885-50-23'),
	('64112bd3-a1e7-4bbb-8b62-743c8dc0c1ee', 'Вишняков', 'Данила', 'Владиславович', '1987-03-27', 'tmeqnbdw97@gmail.com', '+7 (952) 113-09-00'),
	('e3729046-eda8-43d6-bd06-ff10d3afd051', 'Ковалёв', 'Игорь', 'Робертович', '2003-03-22', 'spafhjcp15@gmail.com', '+7 (950) 568-76-00'),
	('3e9d86cd-6787-4e53-8dad-c0a087303fbd', 'Филиппова', 'Диана', 'Игнатовна', '1999-09-01', 'kigyacld4@gmail.com', '+7 (914) 122-54-26'),
	('25c775ae-addb-43b6-90db-d167e59de331', 'Гордеева', 'Виолетта', 'Даниловна', '1982-08-03', 'bqtzkcuk30@gmail.com', '+7 (921) 532-91-58'),
	('5e365982-7399-4f0c-8bf3-b2478016d932', 'Гордеева', 'Влада', 'Ильинична', '2000-01-08', 'hiplfavh59@gmail.com', '+7 (912) 767-68-95'),
	('dd84030b-12ce-4f49-af41-0a34d3605a38', 'Михайлов', 'Роберт', 'Константинович', '2002-12-23', 'rcqvrpfo97@gmail.com', '+7 (970) 636-06-78'),
	('d344527b-9b77-4df9-93aa-d594b4fb6d02', 'Иванова', 'Стефания', 'Романовна', '2000-12-30', 'bgoabstg65@gmail.com', '+7 (932) 941-13-28'),
	('6eaaa9e2-904e-4203-b50c-89596dcfb34d', 'Яковлева', 'Мария', 'Ринатовна', '1992-02-13', 'kezxlkxf54@gmail.com', '+7 (995) 520-65-05'),
	('32a60658-63bc-4278-b8eb-960591850fed', 'Шашков', 'Родион', 'Сергеевич', '1989-07-06', 'utkeylwa37@gmail.com', '+7 (921) 389-97-51'),
	('54a2a730-66c2-4042-9935-e594e5acecab', 'Зиновьева', 'Ульяна', 'Арсеньевна', '2002-03-06', 'tajctmwj14@gmail.com', '+7 (965) 767-03-12'),
	('aa1e1c4f-7701-4134-84c3-cf12a49e3b9d', 'Петрова', 'Эмилия', 'Альбертовна', '1982-01-23', 'sfuoudeb27@gmail.com', '+7 (938) 346-65-61'),
	('d8320a9f-1755-4dd3-9a1e-16e1b26d8168', 'Алексеев', 'Вадим', 'Мирославович', '2000-06-09', 'effyduwk66@gmail.com', '+7 (984) 468-56-96'),
	('4d6d5bcc-01e9-4ff7-9672-6af77fa7450d', 'Евсеева', 'Евгения', 'Вадимовна', '2003-05-12', 'hqlwnvac45@gmail.com', '+7 (992) 151-29-55'),
	('66a2066f-ab26-4831-97e7-88b6f13af274', 'Юдина', 'Елизавета', 'Андреевна', '1990-11-06', 'dbftegky47@gmail.com', '+7 (913) 703-70-17'),
	('4066c901-ac09-47ed-aadc-0c6b91b79ca6', 'Вишняков', 'Дмитрий', 'Львович', '2000-01-10', 'zychlbcj71@gmail.com', '+7 (982) 462-28-17'),
	('f5bb0587-1c26-40cb-bc63-15fb9bd19578', 'Крылова', 'Лиана', 'Макаровна', '1995-09-19', 'txioauhb50@gmail.com', '+7 (932) 160-76-69'),
	('dc143abf-ca4c-4971-975c-1afb7dbc2d5f', 'Селиверстов', 'Юрий', 'Данилович', '2003-06-17', 'xcpwxmct8@gmail.com', '+7 (978) 440-73-74'),
	('0d1c40f2-538d-457e-aedc-05a0ce026b7d', 'Елисеева', 'Камилла', 'Федоровна', '1999-12-05', 'ldfilokg16@gmail.com', '+7 (903) 348-04-81'),
	('883e539a-5a94-4112-9283-cbfd28a26fe5', 'Ермакова', 'Стефания', 'Петровна', '1982-02-11', 'gjqyjefw39@gmail.com', '+7 (916) 903-38-13'),
	('1b413ed2-0f04-485e-be11-3d32e09f2c52', 'Наумов', 'Леонид', 'Васильевич', '2000-11-15', 'cyfcbbjd53@gmail.com', '+7 (992) 438-96-17'),
	('6a9b1134-2d5a-42e0-a25e-5f7c4b0b7fe8', 'Кириллов', 'Евгений', 'Алексеевич', '1996-07-07', 'quhggftq62@gmail.com', '+7 (906) 240-81-76'),
	('bddc7c28-c2e6-431f-810e-14a017a669e1', 'Громов', 'Артемий', 'Игоревич', '1981-03-16', 'mltijdqd43@gmail.com', '+7 (927) 784-62-44'),
	('89a20320-e5c2-4b7b-a300-bdbfdf5be3d3', 'Аксёнова', 'Амелия', 'Борисовна', '1983-08-17', 'vpecgtwd85@gmail.com', '+7 (971) 380-92-42'),
	('d1cf7b03-fa91-465d-96a1-a0aaf565ee3d', 'Ларионов', 'Макар', 'Семенович', '2000-04-17', 'savtqjxs16@gmail.com', '+7 (995) 043-86-08'),
	('42dc25a3-b777-4d19-90e5-f41fab9b4258', 'Стрелкова', 'Кира', 'Витальевна', '1981-06-30', 'qigrooew14@gmail.com', '+7 (983) 044-33-16'),
	('d61930f7-2430-40b0-95e0-811b0b7fb9fb', 'Красильникова', 'Полина', 'Владиславовна', '1990-11-01', 'wjopeest78@gmail.com', '+7 (912) 726-58-86'),
	('b5648ceb-8f79-4111-a8a0-cb64e0e2de12', 'Носова', 'Наталья', 'Данииловна', '1994-06-11', 'yncwrpzj57@gmail.com', '+7 (985) 518-60-05'),
	('8d8d10ce-2422-404a-92a1-239fe02eab77', 'Кириллов', 'Алексей', 'Артурович', '1989-07-31', 'ewbbmida37@gmail.com', '+7 (910) 401-22-47'),
	('ae19c134-0762-47db-abfe-a47fe77837db', 'Устинова', 'Олеся', 'Робертовна', '1993-09-13', 'whsezjqd70@gmail.com', '+7 (918) 782-88-93'),
	('3c94c8f6-d29b-4672-9551-5d657a8a81e5', 'Федотова', 'Юлия', 'Егоровна', '2002-04-01', 'qchcigft85@gmail.com', '+7 (983) 504-05-54'),
	('54f0d595-3864-4198-979e-4c37eab0d726', 'Савельева', 'Амелия', 'Антоновна', '1986-07-26', 'gpccibpc33@gmail.com', '+7 (963) 748-08-37'),
	('a98f0ab3-bbb6-45d4-bd59-7c33802020cf', 'Горбачёв', 'Тимофей', 'Рустамович', '1999-11-19', 'obmyejxj27@gmail.com', '+7 (929) 267-75-26'),
	('aa51864a-dc74-4631-8f53-53283730da56', 'Жданова', 'Амина', 'Даниловна', '1985-02-14', 'mgimnnep61@gmail.com', '+7 (937) 978-39-66'),
	('eeca761b-2b2c-4b45-b506-66fbb699f6f8', 'Турова', 'Евгения', 'Яновна', '2001-10-03', 'awzafngc32@gmail.com', '+7 (971) 964-04-18'),
	('9302c67e-3ede-44b0-a151-ae3eef1c6f4d', 'Рыбакова', 'Карина', 'Викторовна', '1984-09-08', 'zlsgickg85@gmail.com', '+7 (910) 508-35-72'),
	('dae8ddbe-a6c3-45a9-ae01-f85678f344a5', 'Ковалёва', 'Валентина', 'Давидовна', '2003-11-25', 'dmryljdf76@gmail.com', '+7 (925) 437-95-43'),
	('7e35ee73-1000-4d11-969e-171b51411681', 'Шестаков', 'Альберт', 'Кириллович', '1992-09-14', 'fprbezez99@gmail.com', '+7 (904) 669-45-94'),
	('2aa7eb1f-75af-4fd5-8e23-3f455a3f3ce7', 'Потапова', 'Владислава', 'Всеволодовна', '2000-05-19', 'ehopkbon76@gmail.com', '+7 (928) 957-19-64'),
	('35dd9155-fc1e-45af-9f9f-9664c3dd09ee', 'Агафонов', 'Арсен', 'Игоревич', '1994-11-07', 'xkorjauf25@gmail.com', '+7 (918) 954-84-93'),
	('6a6f7459-42a6-436d-9f02-a20ef0870eca', 'Некрасова', 'Светлана', 'Олеговна', '1995-06-15', 'rttgqeaw24@gmail.com', '+7 (951) 161-70-66'),
	('33bbfcf6-d7f2-45f8-8352-20e2f7f26ffa', 'Власов', 'Константин', 'Юрьевич', '1983-08-01', 'dysxshaz33@gmail.com', '+7 (967) 509-67-44'),
	('016d9a2d-507a-45fc-bcc8-29813f8b41b8', 'Терентьева', 'Татьяна', 'Даниловна', '1995-06-08', 'muwiouiy43@gmail.com', '+7 (915) 561-03-71'),
	('da443b71-ea9e-4c38-8076-dba869c1ad7b', 'Гришина', 'Марьяна', 'Альбертовна', '1991-08-17', 'fxpkpnco65@gmail.com', '+7 (936) 156-59-36'),
	('6f555d9b-8680-4132-bccb-23889b530cef', 'Третьяков', 'Максим', 'Александрович', '1994-05-10', 'enmspovl58@gmail.com', '+7 (969) 463-96-58'),
	('07d48b89-368d-4e44-b3b9-e69b5a72a6ef', 'Гришин', 'Виталий', 'Германович', '1982-03-05', 'ijloiauc77@gmail.com', '+7 (982) 704-09-62'),
	('5caae26f-f014-4b69-ab70-bc7d5ba3fd48', 'Богданов', 'Родион', 'Львович', '2003-03-06', 'rltxlagw70@gmail.com', '+7 (923) 974-57-59'),
	('80ea1f94-f816-4713-b912-d43dcfa50b70', 'Чернова', 'Антонина', 'Дмитриевна', '1990-01-06', 'lsjwgfah49@gmail.com', '+7 (906) 868-88-86'),
	('d4b022bc-12d5-43c2-9aa6-3ca6cde40f81', 'Кузьмина', 'Наташа', 'Алексеевна', '2002-01-29', 'rugwqnlr28@gmail.com', '+7 (970) 400-42-05'),
	('4891e0f0-dfee-4874-b1ea-92af7760e5ec', 'Никифорова', 'Карина', 'Федоровна', '1992-08-02', 'klnzvsby58@gmail.com', '+7 (924) 389-24-76'),
	('d7e65fff-ebe8-43ee-bef9-092c4d74459d', 'Пономарёв', 'Глеб', 'Артурович', '1992-05-04', 'dmtckjsy59@gmail.com', '+7 (921) 853-25-30'),
	('4c6f8767-1537-4256-a924-af78e2c587df', 'Селезнёв', 'Павел', 'Артемьевич', '1985-01-24', 'slgyivuc61@gmail.com', '+7 (978) 266-91-94'),
	('8129236c-4d0b-4c1f-921c-b163a6d6e479', 'Емельянова', 'Мирослава', 'Айдаровна', '1984-04-02', 'molzmlzd40@gmail.com', '+7 (970) 562-82-95'),
	('952796e6-fcaf-4e5a-8ed5-66c5976b993d', 'Карпов', 'Родион', 'Валерьевич', '1990-08-07', 'micbxyjs48@gmail.com', '+7 (926) 487-57-86'),
	('15739eb0-a229-4bc7-8bb3-c126ca4c9a5a', 'Мельников', 'Семен', 'Витальевич', '1984-06-19', 'gfmzpbfn10@gmail.com', '+7 (969) 144-33-31'),
	('10b2785f-ac65-4482-99a5-a32cc5216604', 'Осипов', 'Иван', 'Станиславович', '1992-12-30', 'yiwfsxbl86@gmail.com', '+7 (917) 395-41-80'),
	('c4aaf7ce-02d3-40a2-9bcf-95f936f515da', 'Панов', 'Леонид', 'Васильевич', '2002-09-18', 'jeclztba81@gmail.com', '+7 (984) 778-39-35'),
	('70cd549a-ecf6-4af8-8b97-064e1408f39e', 'Рябова', 'Наталия', 'Даниловна', '1990-03-06', 'xdvxnzsh54@gmail.com', '+7 (970) 559-93-28'),
	('17fa3b0b-8d8b-4ce6-a72a-e4c8155aa77a', 'Воронцова', 'Александра', 'Валерьевна', '1993-11-22', 'xzmsoogu84@gmail.com', '+7 (966) 113-34-91'),
	('61bbd021-d014-4849-9f0f-0ba63928a64f', 'Беляев', 'Данил', 'Тимурович', '2001-05-04', 'osbljsut35@gmail.com', '+7 (958) 217-86-24'),
	('42957721-7090-43e7-94e7-52b3d09a8aef', 'Мамонтов', 'Роберт', 'Васильевич', '2002-04-29', 'qsepbrux80@gmail.com', '+7 (929) 162-95-77'),
	('3a94158c-67f3-4f3e-bb4a-8a6333e434f7', 'Карпова', 'Марина', 'Ильинична', '1992-04-06', 'tgxnfyhc89@gmail.com', '+7 (995) 605-55-08'),
	('11c45ea1-9a9b-4137-ba85-43411094f70d', 'Лаврентьева', 'Тамара', 'Кирилловна', '1992-03-25', 'trvszbmj68@gmail.com', '+7 (960) 177-89-04'),
	('53d1d46f-46ce-471e-aacf-388068dc084b', 'Ефимов', 'Роман', 'Макарович', '1990-09-30', 'ehzgzyby34@gmail.com', '+7 (958) 980-50-41'),
	('f2416658-b623-4064-8097-6ff44babaace', 'Ефремов', 'Руслан', 'Ярославович', '1994-07-23', 'wiqwbyxz29@gmail.com', '+7 (991) 525-49-56'),
	('c5dd16cf-6585-4ca6-81e8-f0eefe58774a', 'Тетерин', 'Макар', 'Петрович', '1983-07-07', 'xoqusumj45@gmail.com', '+7 (954) 589-25-69'),
	('d747ba7a-dcd8-456c-ac64-34bac049c2dc', 'Горшкова', 'Алиса', 'Павловна', '1998-05-26', 'ncqcnlmq13@gmail.com', '+7 (958) 249-64-95'),
	('127b6e03-c912-49d0-ae54-5319aadcf4a9', 'Веселов', 'Демид', 'Андреевич', '1988-04-20', 'otcdhdzy85@gmail.com', '+7 (954) 793-05-82'),
	('d0565b41-96a6-4f44-8e0b-75de38303592', 'Одинцова', 'Софья', 'Всеволодовна', '1988-09-21', 'pfkgudvv67@gmail.com', '+7 (900) 177-25-79'),
	('51fff97c-23f7-4ad1-9646-3de807a38591', 'Крюкова', 'Валерия', 'Родионовна', '1988-10-25', 'hfcipezj54@gmail.com', '+7 (968) 228-83-58'),
	('0148df82-2778-4f62-a5d7-5b1c7e449d90', 'Семёнов', 'Владимир', 'Евгеньевич', '1992-08-01', 'sjuiqymz9@gmail.com', '+7 (918) 485-76-13'),
	('eba96f02-3954-41bd-9c96-af2c4504509b', 'Лебедев', 'Эдуард', 'Германович', '1997-07-28', 'dgoierqp13@gmail.com', '+7 (977) 030-47-76'),
	('09065a57-b8d0-4940-acfa-b86935610190', 'Тимофеева', 'Дарья', 'Петровна', '1990-01-26', 'bvvkruvi97@gmail.com', '+7 (958) 968-01-39'),
	('b3cb113c-3c18-4761-9680-4ea50ef6853a', 'Авдеева', 'Любовь', 'Львовна', '1999-07-30', 'yzurjakc29@gmail.com', '+7 (921) 660-49-48'),
	('1f2032d9-1b0d-4a86-8bb2-de3d0e226b7b', 'Куликова', 'Амелия', 'Богдановна', '2003-05-24', 'xqksvuoe58@gmail.com', '+7 (967) 439-56-35'),
	('0c3eef3b-1506-4e05-8661-7f0df0d1570f', 'Фролова', 'Ангелина', 'Германовна', '1999-09-28', 'kusupbya33@gmail.com', '+7 (924) 719-53-77'),
	('489df175-de77-4105-ba05-81498d224752', 'Гуляева', 'Эмилия', 'Ивановна', '1984-06-05', 'ipcnhhvz84@gmail.com', '+7 (958) 724-30-32'),
	('e2355ebb-80fa-43b8-9a16-032d21fd555c', 'Власов', 'Мирослав', 'Маркович', '2001-08-22', 'bnfwrlzt90@gmail.com', '+7 (930) 088-69-72'),
	('82ec0252-3c66-4e0a-b130-851424d2036c', 'Белякова', 'Ульяна', 'Георгиевна', '1985-10-20', 'grdiuahd35@gmail.com', '+7 (927) 362-47-59'),
	('e0b3c9ca-28ef-4514-a5ce-3f1101be4665', 'Сергеева', 'Ирина', 'Олеговна', '1982-11-20', 'tkbmppes80@gmail.com', '+7 (934) 280-45-31'),
	('5840194d-ba7a-4eb8-95f8-2912f1502524', 'Колобова', 'Милена', 'Николаевна', '2001-01-26', 'bgpobimx67@gmail.com', '+7 (955) 108-15-50'),
	('41a5d37f-f502-4af3-bf96-d987873f8fc3', 'Королёв', 'Марат', 'Данилович', '2003-11-14', 'rhqdfguh97@gmail.com', '+7 (964) 940-75-06'),
	('b440c922-e3c3-4130-86b3-7ef283db4e5e', 'Дьячкова', 'Виолетта', 'Мирославовна', '1987-09-28', 'zhbdanrg88@gmail.com', '+7 (912) 794-73-17'),
	('8146973f-3b81-47ed-8c4e-d814fe095fed', 'Агафонов', 'Иван', 'Михаилович', '1984-05-06', 'xprswkov40@gmail.com', '+7 (965) 098-53-04'),
	('c275d124-b9db-4fb1-8a90-542035c81bb1', 'Кулагин', 'Владимир', 'Павелович', '1985-11-04', 'kqxukbor99@gmail.com', '+7 (986) 709-95-03'),
	('695c576e-3d9d-47eb-ac62-e85f7c692273', 'Медведева', 'Милана', 'Владимировна', '1981-03-20', 'inhlisuv31@gmail.com', '+7 (905) 791-26-55'),
	('5b999f73-7d43-4996-a622-3061e997cb6e', 'Фокин', 'Айдар', 'Арсеньевич', '1989-08-28', 'ytcvnbja48@gmail.com', '+7 (936) 740-61-53'),
	('e763c5ef-223c-4c19-96c2-db7d53753030', 'Борисов', 'Ростислав', 'Александрович', '1982-11-21', 'utseabjv23@gmail.com', '+7 (918) 062-34-11'),
	('bf86d327-1b95-4c8e-9c93-e67386dada0e', 'Аксёнов', 'Андрей', 'Васильевич', '1995-12-03', 'cxpbkyom46@gmail.com', '+7 (985) 929-29-50'),
	('3db8d609-e700-4b09-8e37-cfe101daf0b9', 'Пестова', 'Лиана', 'Юрьевна', '1994-04-07', 'trrsbrjw25@gmail.com', '+7 (950) 643-39-17'),
	('968a9ddb-1586-4262-b4cc-0cc5f3d7c6a6', 'Соколова', 'Антонина', 'Яновна', '1994-12-05', 'ohokjnog7@gmail.com', '+7 (996) 986-54-57'),
	('4c37135f-46ca-462a-8fc7-decba441b35a', 'Кузнецов', 'Гордей', 'Арсенович', '1981-05-27', 'ogezyekn28@gmail.com', '+7 (905) 918-16-62'),
	('afc78eb3-6324-4ceb-aca6-d7c2c3e7a9a6', 'Пахомова', 'Анжелика', 'Даниловна', '1981-03-04', 'lfiwhova32@gmail.com', '+7 (932) 199-39-58'),
	('643a4c10-023c-4e0d-88b9-9fac5a967b67', 'Фёдорова', 'Алла', 'Всеволодовна', '1996-08-20', 'qckssewz30@gmail.com', '+7 (997) 727-43-53'),
	('e80b8616-ac82-4624-ad49-39340633ad97', 'Рожков', 'Роберт', 'Владимирович', '1986-11-03', 'oqctingr88@gmail.com', '+7 (964) 700-32-59'),
	('d627a76f-0ef2-4355-a6a0-c9136e84c0c6', 'Логинов', 'Артур', 'Михаилович', '1983-11-04', 'zkgytoya83@gmail.com', '+7 (924) 917-14-09'),
	('e69fff51-d033-43d0-8800-9c5db506f505', 'Силина', 'София', 'Ростиславовна', '1986-04-09', 'ubiectrh82@gmail.com', '+7 (923) 588-40-13'),
	('d79193db-2c73-45a7-943d-b5bf63825213', 'Крылова', 'Алёна', 'Даниловна', '1997-07-11', 'ddesibhz61@gmail.com', '+7 (922) 559-25-83');

INSERT INTO "authorization_client" ("id", "client_id", "password", "is_activated") VALUES
	('d27059b2-7e64-4dab-82f5-35b5bf90e9f8', '9953e565-53b7-4656-9c19-2c91db520f93', '$2b$07$vpGwnT76qr2B8yCQgAxij.do/4QVir54IULk7.H.ek4p60QUjjDcO', 'true'),
	('449602e8-9946-4e43-9ab1-7746b553718e', '820edaa7-523f-41a4-a7e1-1078fc6f3ad2', '$2b$07$jeIprIlY0KfM0AJifdj4FehWu9/yjFLvQi.t63thxCh8dG85TNZr6', 'true'),
	('a962115a-52a4-486f-8aa8-5ccd2f799e7e', '692dc911-d4d8-4847-ad21-d28a064d0f2e', '$2b$07$zFZ/ltTvaWFB8Sd2u29dZOVc/TSw3XU229R1WYkGNzo3PApKUjIti', 'true'),
	('6345749a-fd90-40d0-885e-677aacea6d90', '64112bd3-a1e7-4bbb-8b62-743c8dc0c1ee', '$2b$07$2SQVYCUbKgpoInqArcI.ZOAvaT0tJHNFid9WWIKkErtLQj9nGUzYW', 'true'),
	('e3a472d1-5425-4e4f-b0cf-fd542455cffd', 'e3729046-eda8-43d6-bd06-ff10d3afd051', '$2b$07$IVfH63CJBGs.An/yspi5YOEoayXSvlAwVhjwujJJaUcZ2waaGJngu', 'true'),
	('4e371bc8-52c0-4ad9-b6b8-42357b28b4a2', '3e9d86cd-6787-4e53-8dad-c0a087303fbd', '$2b$07$aZiJ2oQZBTqa7ha.v.fIJOfuqBvn1SZIdXumagflIkSWb8RlUXa7u', 'true'),
	('21b927d0-74f3-469d-9b8b-c7c4fa67cca1', '25c775ae-addb-43b6-90db-d167e59de331', '$2b$07$eLiL1ospks5xy.OsgKGhBOdxSePgLY5nl3Y3.sipGSdyre/bUc5JG', 'true'),
	('ca61d2d8-e8dc-4912-b30e-481068ebd9fa', '5e365982-7399-4f0c-8bf3-b2478016d932', '$2b$07$7W2ovuiycIjgWdJ4CFaBDe1RDhkAkTWmxm1u6GSiwG9XI4TmMTyJ.', 'true'),
	('1d13b449-4136-41ae-82f6-f9be410f4461', 'dd84030b-12ce-4f49-af41-0a34d3605a38', '$2b$07$lJMLjDJlVTTMtTGzA9w9duWd7vJK1f95J.Cam.14B4k5WrFVOLg0y', 'true'),
	('2b95d440-8224-4056-86f0-9525e5ea01fa', 'd344527b-9b77-4df9-93aa-d594b4fb6d02', '$2b$07$5VmGXexijYJE6v22AE2IwOkv7NgoOdx0ZvpWY3VeSXq0.U9Mze.hC', 'true'),
	('5ffbdc24-fd95-4312-a269-69a585606211', '6eaaa9e2-904e-4203-b50c-89596dcfb34d', '$2b$07$eU43NFlg0Nyn74ZEIUoH3ugHtQ2dMd24TTsIoTq0M1XkIHEntfdrq', 'true'),
	('47fb1646-7d10-4d12-90c2-010a6d635391', '32a60658-63bc-4278-b8eb-960591850fed', '$2b$07$ZCj9ULf.sWc.bzBvNo8XpOw.wHwM8s9.lSi..HGx8GkUZXb4MqSsq', 'true'),
	('ea70454c-37a6-4b4c-82dd-55a13c707ae3', '54a2a730-66c2-4042-9935-e594e5acecab', '$2b$07$ETz2r998/lIpkUSKlUx3V.hoVWNFx8N6i6UaENHvEJH8alA6wgSW2', 'true'),
	('d799aff4-4084-4b02-828f-d0d75cda35fc', 'aa1e1c4f-7701-4134-84c3-cf12a49e3b9d', '$2b$07$XoldXev3R0s7.UIQOFmlb.qrnqcQEbmlqfglZ4AkEEgYBp4yq6R1a', 'true'),
	('a08dbc12-ca84-4caa-aad8-6e68cda77b3c', 'd8320a9f-1755-4dd3-9a1e-16e1b26d8168', '$2b$07$rbZnchwoNsBK1RyK5cK0ue14jQ/kBbYYVoSkLFts5MGAul55MKCTm', 'true'),
	('5729128d-0c37-4cc9-8b5a-234baac04d59', '4d6d5bcc-01e9-4ff7-9672-6af77fa7450d', '$2b$07$4xz0I3UkBWGYMx1Z7eMx7OcEdbIlSzp6A1rf/6ZWgNc7i4bQqk4au', 'true'),
	('e4166fce-6432-42d4-94ca-d6f62b894dbf', '66a2066f-ab26-4831-97e7-88b6f13af274', '$2b$07$mOrMRJJnAftqQMbtUgfzo.kCx2CAU3Fky7M3.5sYQ3WXNxlAOH3HK', 'true'),
	('70d8711d-f21f-4da8-b07b-18b3a3f93264', '4066c901-ac09-47ed-aadc-0c6b91b79ca6', '$2b$07$51wVfgjaVLkSCsJMVXqBqekJ2pV9dILVxbC.IZ30ZlwKPfeZrjAYe', 'true'),
	('911ef623-ab42-49d6-9b28-5221f8f8fb00', 'f5bb0587-1c26-40cb-bc63-15fb9bd19578', '$2b$07$Gjka5Lc6VF5I/HJIRgwzKOwTHVYXIgdNvKlpOlgJGC2XdCO1u1NKa', 'true'),
	('5feffa9a-4ded-4e74-9a4c-035d24aab0b1', 'dc143abf-ca4c-4971-975c-1afb7dbc2d5f', '$2b$07$AmjGOql3/xL6HLqiAqqJ2OxYLh.0GzIrrvddiVuSY8FxfkmNUYW2a', 'true'),
	('31097375-bd90-4181-b0b1-c9d060cd9abe', '0d1c40f2-538d-457e-aedc-05a0ce026b7d', '$2b$07$8p.yfx7li.9eGGZoxRofwuc4rd3c4bQPhMQVPuBlQmmyEkmx7IoRG', 'true'),
	('aebbdeee-445c-4ee3-b0db-b730e7543d70', '883e539a-5a94-4112-9283-cbfd28a26fe5', '$2b$07$/yRpOyS/tJWq7TC5on.DTOUq7WN68tfmZ14dVoA7z4ldhuzJBG7iC', 'true'),
	('e726acb5-d227-4f05-b24c-6c7523e3430f', '1b413ed2-0f04-485e-be11-3d32e09f2c52', '$2b$07$SA3w65brABGbCWgYI1N2duTZE9kfJNzfFuaaJrFDz9EWYpmZZ6ISW', 'true'),
	('2b2da92a-ff4e-4a96-9f69-d7ea4d4cd82d', '6a9b1134-2d5a-42e0-a25e-5f7c4b0b7fe8', '$2b$07$hFAW/PpFGxF92EK2arYNWO4FaPqhsjyq917nFaX3B60ryS4nrc1di', 'true'),
	('0717931e-2452-4c75-a426-98d37f12084e', 'bddc7c28-c2e6-431f-810e-14a017a669e1', '$2b$07$vQk1m8dD4Atzoxw2GEhPl.OtDby34O94MbZ0badooLMMTOLXOVkVe', 'true'),
	('3e045237-c495-4142-bb28-b9f01a48d5df', '89a20320-e5c2-4b7b-a300-bdbfdf5be3d3', '$2b$07$xN6q/m8Bt1dJpY.t5STCreDS9Ueob9gH18ZikosHomr1LKW3tFWZC', 'true'),
	('2e3fd1fe-5cb6-4c0e-8c05-0adb5bb3fb36', 'd1cf7b03-fa91-465d-96a1-a0aaf565ee3d', '$2b$07$dq/tdQQ5yAbwEggFfV8Fi.Y8554DSgmXmk/JeHxpqGxhxlcVrD.a.', 'true'),
	('59a6492b-d9a0-490d-8c1b-def83a3caf4d', '42dc25a3-b777-4d19-90e5-f41fab9b4258', '$2b$07$3nASnZMthLw7auDVvHnS4Ov1CPKqh8qJ/lIS3oqwnt1kkRHZ452z2', 'true'),
	('c32e6213-accb-4571-88e9-9787a8fa370d', 'd61930f7-2430-40b0-95e0-811b0b7fb9fb', '$2b$07$C./79VpcPcHppSjogexZjucANrh59RykxmJ5b9ocJlYFZiRWTeuby', 'true'),
	('8db3f78a-779b-4d03-a56b-7fed69bc66e1', 'b5648ceb-8f79-4111-a8a0-cb64e0e2de12', '$2b$07$APuJduXb8kuhG30VOASOeeQ5Fo/hIGykMNqlnj/Mt0u/rSx6FFOA6', 'true'),
	('e6a66016-19d3-4a59-a9eb-ab0c471be751', '8d8d10ce-2422-404a-92a1-239fe02eab77', '$2b$07$LCZF/C28rX3J2i2t13ZBfewb1tE0esoBHY845LRhegaLg6cK/A6aO', 'true'),
	('a940d1e2-183d-4f9e-908b-04c62236623c', 'ae19c134-0762-47db-abfe-a47fe77837db', '$2b$07$AhewnQ3nTeJbUzd7I0DdUeM6wIzlozet96OwYZLenq/suB4pQw18.', 'true'),
	('38b21cb9-c098-4f84-96b2-770022d255b2', '3c94c8f6-d29b-4672-9551-5d657a8a81e5', '$2b$07$rwxc4mGExF/Sdb4uo4RRC.S08Pq23f41F7Ds.TneZ6.Ww5ZrTKt9e', 'true'),
	('59a4089c-cfa0-4651-90be-a2879506462a', '54f0d595-3864-4198-979e-4c37eab0d726', '$2b$07$6dErlxeybb8gkAVGje6p.ugpbMQrKUSvTIjnSNaYJOaVuP72RqQ0G', 'true'),
	('08c0ab83-2896-419b-87da-19c37b6a9d4b', 'a98f0ab3-bbb6-45d4-bd59-7c33802020cf', '$2b$07$35.976Np6gs07rCE9FPPouzRT5TaTFQe6lLyXreImQexmbYykJZ7u', 'true'),
	('2df43d8f-7146-4b52-b442-4fb24ac5e1e3', 'aa51864a-dc74-4631-8f53-53283730da56', '$2b$07$Tp471OJxXsLaWd7/3P1z8edG50mjiTzWYn0rdElW.kPiwXxr92JyG', 'true'),
	('afde4235-92d6-49cf-893b-aaceb4cd7ed4', 'eeca761b-2b2c-4b45-b506-66fbb699f6f8', '$2b$07$iT5nnhnR0VvUi.Q4UrwTyOy8hbCcCjG7RwDqOdQNP.93OVCAR.O1u', 'true'),
	('2807207e-31b3-4cea-9d8e-fe5aa6005bf9', '9302c67e-3ede-44b0-a151-ae3eef1c6f4d', '$2b$07$UcUI75hVQ3ZfNKTZBfmXO.r.bNm7Z0F78.Qob9rSsHernZlZw/lc6', 'true'),
	('9b3f7a4e-adb1-49c0-a1ed-3165f029efb8', 'dae8ddbe-a6c3-45a9-ae01-f85678f344a5', '$2b$07$qTW8rvDNvwjEtzFbmc0Q8.R/hNyySuNgXZVTz3.5nwzbTL38QFN/i', 'true'),
	('f6f003b4-796e-403c-8f6b-b40900dfcd5e', '7e35ee73-1000-4d11-969e-171b51411681', '$2b$07$tKeGho.qJcGTZpIzioKHN.XpK06FKuZVx8/34C/kkbJLnCNQ2Qd9m', 'true'),
	('43842f3a-1e24-4b29-a56b-baa9dc1098cb', '2aa7eb1f-75af-4fd5-8e23-3f455a3f3ce7', '$2b$07$lrIfFoxXRV55QOSTukQmaO0MpCPWgitFgn3MKKj1u9kMD5aHJAr8q', 'true'),
	('060445ec-016d-4f74-9bb3-e4d23063d6c1', '35dd9155-fc1e-45af-9f9f-9664c3dd09ee', '$2b$07$7UhsTUYOT8VHhXPqdzchFe2FoaoSJL8NBQIjaLaE0fkRWK5jeSgrq', 'true'),
	('df1e911e-bb09-4c22-840e-03cf080cdada', '6a6f7459-42a6-436d-9f02-a20ef0870eca', '$2b$07$Al0ACvR6nJbCcIsvrROxHuW25c51p7EiuWsxqk8nGCDSMXMXGxSA.', 'true'),
	('be3662ec-6374-40fa-842b-7aed49c68d37', '33bbfcf6-d7f2-45f8-8352-20e2f7f26ffa', '$2b$07$Oh4v1t61KOsEAjTsGGRd.urFT.D77vY4RAmlDaBR8rNIn9/2NBMMG', 'true'),
	('d4791f3b-1aae-4129-9402-64dff1936684', '016d9a2d-507a-45fc-bcc8-29813f8b41b8', '$2b$07$XoxPkCvOMB24o1fTc8jI6eOamcniSdv2kwfnEsb1Hz8CevTFsQfse', 'true'),
	('762e9ae7-f0cb-4735-8718-8249df3791fd', 'da443b71-ea9e-4c38-8076-dba869c1ad7b', '$2b$07$GD9W10mUu/QotHGifIhXG.8pq4mgKBZupsLQCJQ7PreCghAOCAcr6', 'true'),
	('32680daf-2579-4645-a0db-7a1a47c1ba5b', '6f555d9b-8680-4132-bccb-23889b530cef', '$2b$07$SXqO4Uasjv2PUqPiOUKdJureL5/5mICeXWU7hiJiSJDP/AIN1Mns6', 'true'),
	('01488d7f-e8e8-4208-a817-68d3c04647ea', '07d48b89-368d-4e44-b3b9-e69b5a72a6ef', '$2b$07$rNRcIfN1Y..rU04wj77xNOi95vOQmDP/RenvKcf1N6dgYIJcvqU0i', 'true'),
	('6960009e-b81a-499e-8b64-7941cdf681bd', '5caae26f-f014-4b69-ab70-bc7d5ba3fd48', '$2b$07$.kPZ6zFnsVW0s7xoLIMi1OKCDpJV4lnUlKXe13tYd.Gv6xUJ0v1De', 'true'),
	('7ca4fa39-3f9b-4a4a-8847-408beac695b1', '80ea1f94-f816-4713-b912-d43dcfa50b70', '$2b$07$rGSyYKda1TgQo1L.kR6uKO6lK86hhv0lKTpdirZBF9eWPueXv5dpO', 'true'),
	('1fd641ba-6014-47e8-b3f6-28e75bbdd191', 'd4b022bc-12d5-43c2-9aa6-3ca6cde40f81', '$2b$07$b14ZUikyeDFGNzERRgapFOF4c7U717MsQ7yJijCPxw/HSSJY2DNba', 'true'),
	('bd5c19ed-aea4-4e0f-84b9-f275212f02c6', '4891e0f0-dfee-4874-b1ea-92af7760e5ec', '$2b$07$iUf9RjZWtIrKd/1Td6M/Du/YsUJm3.9XXWzaI0hoeUGBncBRFmXuu', 'true'),
	('97bf0758-a2ac-45d2-8bfc-c7ce355d0985', 'd7e65fff-ebe8-43ee-bef9-092c4d74459d', '$2b$07$F.cDKamYLcrtJ6YFFJtc.u7XCOHrVrg23f.PQE6GfrHuQGBSw6MGq', 'true'),
	('95d4347c-0108-4dc4-b67d-cf0231114f56', '4c6f8767-1537-4256-a924-af78e2c587df', '$2b$07$IUFVOw33KB0UODPXvlnNDuNCWLqSYi968xWwe5H9XxuUvIi/C4aHu', 'true'),
	('c88aa49f-1e3a-445e-930e-06acd584ff3d', '8129236c-4d0b-4c1f-921c-b163a6d6e479', '$2b$07$b20OHC0UZyMuCF2VzeRbdehwNlZzoPh3DjmuTufPatixB5BGc1Mc.', 'true'),
	('b198de0c-f3d4-441b-ab5c-908ad7c1c494', '952796e6-fcaf-4e5a-8ed5-66c5976b993d', '$2b$07$wqKUrnw/FXQBU2ys1fza0uRFUxSuVYrIZKE/Sob/dbJWjqHNgAKmq', 'true'),
	('8fa1e126-9d0c-4626-af13-3b7d579f2232', '15739eb0-a229-4bc7-8bb3-c126ca4c9a5a', '$2b$07$9RIj6uP2OzzjBHvZQmR9R.bCNjTwDlSq6WSUz2DFBccbDaHsHkW0S', 'true'),
	('9001b499-b7d2-47ad-915a-b8509df2cd70', '10b2785f-ac65-4482-99a5-a32cc5216604', '$2b$07$EiqqYl8utpGWoBwZLMC7H.PEqA.Zt48yv9Gpopc7epqUGhJP3FbiG', 'true'),
	('0d7bd51d-5fa5-4d24-8fdf-3377c47f07fb', 'c4aaf7ce-02d3-40a2-9bcf-95f936f515da', '$2b$07$NN.WYVxbehpoMPfkvAtGxOiVrlbMJStwp0GgjLpjGhxpJYGvCdSRa', 'true'),
	('ec500b6b-d99e-42e9-b664-64e133e7211b', '70cd549a-ecf6-4af8-8b97-064e1408f39e', '$2b$07$uNx8M.RA2CctT.szrzkRv.C23wZ8/YZGQF3oCWkX3e7PIiqq9Rg2y', 'true'),
	('8a0412e6-4199-4034-87ea-a595e0672697', '17fa3b0b-8d8b-4ce6-a72a-e4c8155aa77a', '$2b$07$wcq0z2IkbRvz12UjF.Lg4u7.PxU5FL6w19qaksTLnHm3rW6V4vGe2', 'true'),
	('178fe93f-0a06-4477-b5c3-8a7159ccbbdd', '61bbd021-d014-4849-9f0f-0ba63928a64f', '$2b$07$ghQVBwEj0xa/047KmrAf4ufaPaqXl61WPhimpkMs0XTKn9IS20E9O', 'true'),
	('6b5fd570-c2c3-46d9-af4a-44c0176cb001', '42957721-7090-43e7-94e7-52b3d09a8aef', '$2b$07$7Vg5kOIwuwt9Yn3DQQlzB.spRmmxebFZcePH./s/M1QuHTwPnKlbK', 'true'),
	('77ebe5d9-8c78-4272-b314-d803c121e505', '3a94158c-67f3-4f3e-bb4a-8a6333e434f7', '$2b$07$VzbOXkw7VBGleXbl6Gzw2O15efS/rmH0H5mYsFLkE0JRk15tlsZ/S', 'true'),
	('c1d9715d-4a74-417d-a7c8-63e5604aff2e', '11c45ea1-9a9b-4137-ba85-43411094f70d', '$2b$07$UitBX0BRZPxD63rnUVvKp.b9PA4PNUFN1C3YXWDsCFiGs9MgVX9vW', 'true'),
	('5e223091-3aac-4f25-9e23-51d82e379ff7', '53d1d46f-46ce-471e-aacf-388068dc084b', '$2b$07$KSqkurKIkVOYo8MS7g9CzOmsXbo.X/jCGT5ut4sGc4XtnWCd4CnHq', 'true'),
	('efdcccaf-03eb-4a22-bd07-f82c6e065497', 'f2416658-b623-4064-8097-6ff44babaace', '$2b$07$8OyTCluStwn2YwXdi/.jS.zSfoZljkHXShVaLRr.lbF.zBy4L339W', 'true'),
	('8327a542-e6d9-4345-a2f0-e222ab9401cf', 'c5dd16cf-6585-4ca6-81e8-f0eefe58774a', '$2b$07$Nv7doaVmWz0cLIaU6jpBP.YqFdX.V7kSNJztA18Oamx5N5zOipbe6', 'true'),
	('8bcd54bc-624d-40a3-ab98-a65e9bf7876f', 'd747ba7a-dcd8-456c-ac64-34bac049c2dc', '$2b$07$MD6NzEtsGPEE.NGIVQ4FcutasKaVAvMsrXevtsxH5yaDzUSyxB1tW', 'true'),
	('cb59c94e-f442-48d8-aa43-d8f9a1287095', '127b6e03-c912-49d0-ae54-5319aadcf4a9', '$2b$07$EyDIG0iVbPJUp2nWEnWWQeZD1yNZHdSw6tEmbxiAjHwaC20Ikv1Nq', 'true'),
	('fbf8be36-01d6-4f40-8c63-d6891ee34971', 'd0565b41-96a6-4f44-8e0b-75de38303592', '$2b$07$0Vi933yxr1N1v9.VFUxWpuzvWrl37w/8A8p2cDR8G8mUB6t1PnW22', 'true'),
	('1e2d4829-9a2f-4489-949e-b025dac9079c', '51fff97c-23f7-4ad1-9646-3de807a38591', '$2b$07$ingTocv.gcdAX9fghZot2OP9.ISKOmttnqGlOF3cQs6LpDOLhJP.u', 'true'),
	('0e832894-dcf0-40c5-9b18-53a7f1eadb18', '0148df82-2778-4f62-a5d7-5b1c7e449d90', '$2b$07$Ek6P5VDuz4zluuyzAUeM2O6WsYlOZJgN7Jhs1E8kq6Yj80a9miZvy', 'true'),
	('21a58a58-fd12-4805-ac79-2b0a1af36789', 'eba96f02-3954-41bd-9c96-af2c4504509b', '$2b$07$2R0hO2CISPpuvVlvjornceecPApiwce0nv4Sx8oOp2o07K/5uPnDm', 'true'),
	('0398a52d-e86b-4f2f-bed1-6f1b8a22b75f', '09065a57-b8d0-4940-acfa-b86935610190', '$2b$07$KwDKAy/6TE.YxG2Tx6xXR.Oa7LaOZaMhANM6l2JGzGTKo3q9TpkSq', 'true'),
	('4114a1a2-2a7a-42da-b0a9-17a9da1555c2', 'b3cb113c-3c18-4761-9680-4ea50ef6853a', '$2b$07$vwKf1FR21C7O0TNxGBc3yuIaiwmik8xL4vAVS7FxHWgqAUT67HjIG', 'true'),
	('10681eea-ba7e-4268-b7ae-a0ce513ba298', '1f2032d9-1b0d-4a86-8bb2-de3d0e226b7b', '$2b$07$xkuL8lIMImyoggjLtGNliuAZbLlVG55mztwmFY/1uS29qoorG6JKO', 'true'),
	('4277f9bc-8bed-4185-be2e-0bf90da0cdfd', '0c3eef3b-1506-4e05-8661-7f0df0d1570f', '$2b$07$9dMQOMhjGhfAO48LRYakbuOo.Ih.LElyk6IkkV90VHVh7fYq73O/W', 'true'),
	('31c6d380-d281-423c-bb81-51cfca88dae9', '489df175-de77-4105-ba05-81498d224752', '$2b$07$L5sMxQg73JdzLt3dZdOMPu1YkTKiwzphkxa26Sy50zzCoFe5.Tiia', 'true'),
	('11035b40-228d-463f-9a1a-a508405a4207', 'e2355ebb-80fa-43b8-9a16-032d21fd555c', '$2b$07$dSZ3g0LG6ntXa8QBqll11Ov67AGNmAM9paMNCtG/QuEWIRFsUlaSm', 'true'),
	('1f7f0923-c684-4233-b71d-7e1e4130c28b', '82ec0252-3c66-4e0a-b130-851424d2036c', '$2b$07$jDcZ4rND6SaV6UQLVGFW9eG4HLiiTJ96V5/d2Smjc6z6IpCI3j59y', 'true'),
	('c84362f9-46dc-433b-a26a-dd99634f02a9', 'e0b3c9ca-28ef-4514-a5ce-3f1101be4665', '$2b$07$CF6SrYEufyllBshDfv26iOky6wMGXH6kMzpYk7TE00cwyg/i1B1kK', 'true'),
	('2b6632c4-e4aa-4bc4-88ef-ed511c231ff5', '5840194d-ba7a-4eb8-95f8-2912f1502524', '$2b$07$5/M1mh4TGzh0SQiZYv6t3eEihFzJ5b0GKmwpIP8I3vR.OivkuJ/oi', 'true'),
	('e0b4bcfe-71fa-41d6-bd6b-364530b71292', '41a5d37f-f502-4af3-bf96-d987873f8fc3', '$2b$07$jLPM/Q8HCvTPiSXfz.7mauw5l34tP5H418UOJCO5s7YGbTAeNFAOe', 'true'),
	('e477527c-0c84-4f8c-bb12-6f2657d5c4db', 'b440c922-e3c3-4130-86b3-7ef283db4e5e', '$2b$07$23MBS1Ot9peH3060XkNoVeiTVVjlyDGYYwX9qa181tOgPPJVJBcEa', 'true'),
	('524bb126-0376-4558-9e7c-82680727756b', '8146973f-3b81-47ed-8c4e-d814fe095fed', '$2b$07$MSMIKtj7DSC5FGQGveD64.ieYRdLEUez.tWHaqNsQMeWnjNfy7DTe', 'true'),
	('6d6ab2c5-e765-4dff-b832-bfe815dd4c3b', 'c275d124-b9db-4fb1-8a90-542035c81bb1', '$2b$07$.pgA78BbCmrTLosc4.5kbelQH56AcmUilIxzoUbFaQiKCq2N4gGzS', 'true'),
	('bc8bcfd5-2633-4bba-ab02-447947b461c2', '695c576e-3d9d-47eb-ac62-e85f7c692273', '$2b$07$nI5rxS9VapHFZu3aLdq5XeQ4pQHFqzJlsLcgBuf.NKnRAixOgoHFS', 'true'),
	('7e4b8096-5537-4d62-885f-12e677237303', '5b999f73-7d43-4996-a622-3061e997cb6e', '$2b$07$.LEyVsKtrqCCFraj7PuAGuuodMdwqPyzbdNREnPwUKY7SoO7YMxhK', 'true'),
	('85d66084-1a72-4cc6-a1ca-d6aa586704ca', 'e763c5ef-223c-4c19-96c2-db7d53753030', '$2b$07$fKa3riv.HS0KwqfsVoS0aesYJhSZb2XaJANY6mqe3hl9E5ZhL9ofm', 'true'),
	('12c910e1-7a93-4d1d-b041-a6a4281c03d8', 'bf86d327-1b95-4c8e-9c93-e67386dada0e', '$2b$07$TyjvNVtKMk/OIaQ/fi.AcejEa1F/.J1T.ck5n1Bh3qI435MFuzF/e', 'true'),
	('8bb97883-ac0f-4d65-9972-9bccfc7a2ec1', '3db8d609-e700-4b09-8e37-cfe101daf0b9', '$2b$07$Z13QVi3xqRLoNJ2BgHWBDO34hI4vORUra1A9WzP6jDzXQoQJnoiiq', 'true'),
	('04cb3d81-6f4a-4f20-af24-76503344ca88', '968a9ddb-1586-4262-b4cc-0cc5f3d7c6a6', '$2b$07$g7XBIVLKzN1uuiF7gLsJ1OM3JpKeelzRGftvc5lNE6w9KqnSrOLwa', 'true'),
	('f5b86d19-efaf-402d-996e-ea60b921ae91', '4c37135f-46ca-462a-8fc7-decba441b35a', '$2b$07$dX4Z6IKzXy3JOo60P5cbN.4/7QDVngiBQ94/Qm96Wdvl3J/TJowda', 'true'),
	('d31972ec-80ce-4dbe-84d8-4e461b2a2f62', 'afc78eb3-6324-4ceb-aca6-d7c2c3e7a9a6', '$2b$07$UWYIGQlMYTnkNZBDyr3WTuh5wh7R6vXpzSgyfA9l2cnIaFr/FrcKe', 'true'),
	('2e053168-be37-427c-8835-10d5442ba055', '643a4c10-023c-4e0d-88b9-9fac5a967b67', '$2b$07$FZ01bvZQpQrcVNCEjmwqa.96.GIdZF10U7uWh7gnYndvsaJYzVI6a', 'true'),
	('19d02a8d-c7a9-4e59-83a3-2c231d844718', 'e80b8616-ac82-4624-ad49-39340633ad97', '$2b$07$.8mGYSXW2.ClhCF087ShBeTh/2LdURgsi4enT7W2m.QohtYVo97Qm', 'true'),
	('e4a35553-ab9d-45b5-bfbc-144b4d2703a2', 'd627a76f-0ef2-4355-a6a0-c9136e84c0c6', '$2b$07$uwaDuJNq6uVglVd/ZR2jdO8wXp7d3WFc0bmcGFM1soB6o8NqHnUHy', 'true'),
	('f3d6c218-0e60-4abb-8fb8-4077f15aefe6', 'e69fff51-d033-43d0-8800-9c5db506f505', '$2b$07$I2qa7ZNYRBUnzouzV5sqB.X59UBJkgjyPgCBCqp7O0U.2rdE798aa', 'true'),
	('7d9b405d-53c4-4009-a5fd-da9ddd0c50f1', 'd79193db-2c73-45a7-943d-b5bf63825213', '$2b$07$mHQ1kpoobyY5DXgZGI3kg.9B/gBqJyNqChStmaqSIxaqjenOKh9vi', 'true');

INSERT INTO "engine" ("id", "name") VALUES
	('1', '3ZZ'),
	('2', 'M70B50'),
	('3', 'B6304T4'),
	('4', 'F23A'),
	('5', 'AAN'),
	('6', 'ES9A'),
	('7', '370A0011'),
	('8', 'VH45DE'),
	('9', '99X'),
	('10', 'L86');

INSERT INTO "car" ("id", "client_id", "number", "name", "release_year", "mileage", "vin", "color", "engine_id", "photo_id") VALUES
	('deba6b49-c46e-4211-9296-05120fe703cf', '9953e565-53b7-4656-9c19-2c91db520f93', 'К894МО09', 'Ford Freestyle', '2015', '99654', 'VU6PW771928498301', 'Голубой', '9', '1b3109ac-fd16-41ae-b365-c55af7d32c98'),
	('fd159aa8-6b65-4850-b587-5c6ae12c10e7', '820edaa7-523f-41a4-a7e1-1078fc6f3ad2', 'Н207ТА04', 'Citroen C3 Pluriel', '2011', '354567', 'UA6WS728618424178', 'Сине-зелёный', '6', '586b4d7c-be5e-4af1-83c3-9a693d3d59d9'),
	('819259b4-8167-47a8-8de7-d6dde77e22a6', '692dc911-d4d8-4847-ad21-d28a064d0f2e', 'Е667СТ64', 'Fiat Panda', '2019', '156234', 'GD4JH607434381190', 'Серебристо-бежевый', '7', 'dbbef896-a177-47d4-bc83-0b8e0ead65ae'),
	('6e0c9abe-ac81-450d-9d53-aea13887533c', '64112bd3-a1e7-4bbb-8b62-743c8dc0c1ee', 'М694УС19', 'Chevrolet Captiva', '2017', '465477', 'М694УС19', 'Светло-синий', '10', '71841fd2-0566-4a7c-9a4a-8753129893ca'),
	('adc46e5a-ea86-4e52-beb2-cac60116158e', 'e3729046-eda8-43d6-bd06-ff10d3afd051', 'е435рм790', 'Toyota Prius', '2018', '130000', 'HFG6456HGFH765765', 'Серебряный', '1', '904b7ad9-3362-4435-bcf7-d92a0a60e697'),
	('859be9ca-f66a-43e3-8a72-a8efbf124af2', '3e9d86cd-6787-4e53-8dad-c0a087303fbd', 'Р331НК66', 'BMW X5', '2019', '300000', 'HU7XY321421300616', 'Черный', '2', '866989f2-a1a1-4f8e-aacc-d4c02e2e8fa3'),
	('930ecd12-2331-4556-8c28-53cefa2d6929', '25c775ae-addb-43b6-90db-d167e59de331', 'У178ТХ90', 'Audi A1', '2010', '234567', 'SJ6EF658560570104', 'Ярко-синий', '5', '921c9c8a-9ee4-410a-a163-d4b6a7e5f21d'),
	('e92a293d-2735-4ad5-8a0b-788bec00e9e0', '5e365982-7399-4f0c-8bf3-b2478016d932', 'О681МН29', 'Infiniti EX', '2011', '265765', 'JR7WN665283094949', 'Красно-оранжевый', '8', '853d64c5-4820-415f-bb89-29932d47e1a2'),
	('93d99692-b782-477b-9abe-0598625053f4', 'dd84030b-12ce-4f49-af41-0a34d3605a38', 'Р937ОТ78', 'Honda Accord', '2001', '256547', 'DV9ZF401090991250', 'Бежевый', '4', '4642227f-82a9-4d00-af60-bfe858acb26d'),
	('158132f8-4565-4d77-9822-568aa6805b96', 'd344527b-9b77-4df9-93aa-d594b4fb6d02', 'К741МК31', 'Volvo XC40', '2010', '346787', 'MK3AK470376877216', 'Серебристый-бежевый', '3', 'ca5f4092-e140-44d5-bc78-a4e2de0a621e'),
	('73aaaa33-4cda-427b-8b61-372f79b9e4c7', '6eaaa9e2-904e-4203-b50c-89596dcfb34d', 'Х602АН32', 'Honda Accord', '2018', '150889', 'AB7UW059116232437', 'Тёмно-фиолетовый', '5', '757872d0-3015-4289-a597-6cb0f686f893'),
	('f6196b0c-7527-4866-b56b-42dff65364e6', '32a60658-63bc-4278-b8eb-960591850fed', 'Т626МО51', 'BMW X3', '2019', '438776', 'MX1AH088535439695', 'Серебристо-ярко-синий', '2', '141a5ac8-ff34-46c7-842d-03e0496d2430'),
	('4f085832-ffec-45d8-b97c-777e03ffd1ec', '54a2a730-66c2-4042-9935-e594e5acecab', 'В961УТ27', 'Hyundai Santa Fe', '2002', '344823', 'PD9GM829248629549', 'Бежево-красный', '6', '49401b45-3677-46e4-ae28-9850e7624cc8'),
	('8f81eaf3-f71f-47c7-b551-1304d239ae77', 'aa1e1c4f-7701-4134-84c3-cf12a49e3b9d', 'Е156МВ75', 'Fiat Qubo', '2014', '361930', 'YT5RL057353491796', 'Тёмно-филетовый', '6', '3b18202c-a9dc-450d-8d6b-60328fca1abd'),
	('f41b0fc4-d4a2-423b-b986-dbd75538a0de', 'd8320a9f-1755-4dd3-9a1e-16e1b26d8168', 'Р745ЕС69', 'Chevrolet Epica', '2011', '104419', 'VE4BP435329184846', 'Серебристый тёмно-фиолетовый', '4', '25d6c223-92be-439d-bf19-d8be62e11bbb'),
	('135e0c9f-4fd9-4520-9c71-a5f8c5789292', '4d6d5bcc-01e9-4ff7-9672-6af77fa7450d', 'М148НТ28', 'Fiat Panda', '2013', '320572', 'HX5LG597904243957', 'Серебристо-коричневый', '4', '005e911d-b975-46f3-b6b6-860215ef5770'),
	('169db113-62c2-4236-a2b3-36d13142d823', '66a2066f-ab26-4831-97e7-88b6f13af274', 'Т087АА00', 'Infiniti EX', '2014', '373122', 'RS9KH326854590379', 'Тёмно-серый', '8', '880ba30c-dc12-41aa-84da-1d992c3b0e6d'),
	('4f81e887-38d1-4675-a9ca-b242a7e41d4f', '4066c901-ac09-47ed-aadc-0c6b91b79ca6', 'Р722ВА45', 'Volvo C30', '2011', '336778', 'TD5VV589728285165', 'Серебристый фиолетовый', '6', '6b846169-9a2a-4c67-a230-ba974b0e5174'),
	('1fbb3fcf-d1d3-4032-a51d-bed6e0ae4e6a', 'f5bb0587-1c26-40cb-bc63-15fb9bd19578', 'С626КТ72', 'Citroen C4 Cactus', '2018', '119213', 'VG3KW735241371461', 'Чёрный', '9', 'ae784e78-7d4f-41e7-a575-c86a9f9203e3'),
	('a774c545-f0e5-4a9e-9111-8a29cac70a33', 'dc143abf-ca4c-4971-975c-1afb7dbc2d5f', 'Р973НЕ55', 'Daewoo Leganza', '2000', '453653', 'RV9DP307988917667', 'Серебристо-чёрный', '6', 'c16933c8-6223-4024-b618-970cbd318903'),
	('38a2062a-991b-44c8-af35-8e4b23d814ca', '0d1c40f2-538d-457e-aedc-05a0ce026b7d', 'Е264МВ53', 'Citroen C4 Cactus', '2019', '360754', 'UX5US748654703669', 'Серебристый светло-серый', '2', '951bc709-ec03-4492-9380-7e4f20ef3719'),
	('bc87f72b-30d6-44b0-a469-0c7883b23a1c', '883e539a-5a94-4112-9283-cbfd28a26fe5', 'Е055ОМ43', 'Audi A3', '2018', '103407', 'JV5ZK883658509522', 'Тёмно-серебристо-красный', '4', '3334496a-417a-4b3b-a92f-d6e36dbebb04'),
	('0d0f3112-6dea-480a-aa5a-e70497ff9567', '1b413ed2-0f04-485e-be11-3d32e09f2c52', 'Н844МЕ43', 'Chery Tiggo 5', '2020', '310577', 'UM9NP327082315791', 'Серебристый оранжевый', '6', '0aed9b63-e133-43a8-b124-884cb0938cf3'),
	('bcf339a5-6b76-475f-98a3-3e1c12d1268a', '6a9b1134-2d5a-42e0-a25e-5f7c4b0b7fe8', 'С573ЕО47', 'Citroen C4 Cactus', '2017', '426659', 'HP8RH240349705971', 'Серо-зелёный', '6', '879d1661-3cb9-4709-9e50-6b5b4b317b1d'),
	('99ebf823-eb5c-45aa-b958-9ff6b85c8275', 'bddc7c28-c2e6-431f-810e-14a017a669e1', 'Х184ОА34', 'Chevrolet Camaro', '2009', '149544', 'SY3UY488914782617', 'Серебристо-серо-графитовый', '7', '17688436-bb0d-4b3e-ba94-d8955c615fc9'),
	('09252485-5845-4ee6-b813-5ebe6fb56b09', '89a20320-e5c2-4b7b-a300-bdbfdf5be3d3', 'Х526РК41', 'Hyundai Accent', '2010', '153423', 'PE0WH901788593465', 'Серебристо-серо-зелёный', '3', '3698ee51-47a9-4bbe-b975-a2892f56e4d9'),
	('924ca29e-99f3-4e9d-b3b6-2b95eaaa13d1', 'd1cf7b03-fa91-465d-96a1-a0aaf565ee3d', 'М821МВ67', 'Audi A4 Allroad Quattro', '2014', '249174', 'GA2VR616637255599', 'Тёмно-синий', '10', '689bc004-9a8f-4128-84fa-616ba3a39837'),
	('17798483-d107-42d0-b034-87206fbd1c08', '42dc25a3-b777-4d19-90e5-f41fab9b4258', 'Р776РН45', 'BMW X7', '2019', '202427', 'VW2KX074112286872', 'Серебристо-серо-зеленоватый', '5', '05061299-0b83-47e3-897e-6287c996d810'),
	('12090e4d-dbef-4b54-9e36-02bf231728cc', 'd61930f7-2430-40b0-95e0-811b0b7fb9fb', 'Е528МЕ25', 'Chery Tiggo 8', '2020', '220234', 'LX0HF492575510360', 'Снежно-белый', '3', '31dd7192-eadb-46fb-877b-c42e6a399bd0'),
	('9c8a0f9d-26f1-45c3-9659-005e816c2ffe', 'b5648ceb-8f79-4111-a8a0-cb64e0e2de12', 'С367ХУ33', 'BMW X1', '2018', '189046', 'EP3AH646026190809', 'Тёмно-зелёный', '10', '97c6a469-7c7d-42fe-a2b8-038f5cc3a476'),
	('63fd5df4-97ef-4ea3-a38a-93015418d07c', '8d8d10ce-2422-404a-92a1-239fe02eab77', 'К589НК09', 'Infiniti EX', '2013', '167879', 'XY0EU475508978151', 'Тёмно-зелёный', '2', 'cd02aee9-4972-442c-b56e-9452d27c59d1'),
	('f5522f2a-1cff-43c4-baf6-5859ff157462', 'ae19c134-0762-47db-abfe-a47fe77837db', 'Е878УУ21', 'Audi A1', '2012', '457062', 'MV8VR120397637656', 'Серебристо-зелёный', '3', '814daf6c-1ef2-4f8d-8bfe-de19c7b718da'),
	('a854162d-1e25-4ed3-996a-3ccaa8153321', '3c94c8f6-d29b-4672-9551-5d657a8a81e5', 'У577ВХ25', 'BMW X2', '2017', '255410', 'ET5UV991363102391', 'Светло-голубой', '5', 'c7e1f056-1d23-4c59-9667-ce6a47c6f293'),
	('5fde80ef-ff00-49bb-b280-2c40a2e9f365', '54f0d595-3864-4198-979e-4c37eab0d726', 'Н426ОК71', 'Geely Coolray', '2019', '393197', 'WA2EB586767967370', 'Светло-фиолетовый', '5', 'b9a208d1-47ec-4bbb-892e-ac5973662526'),
	('91f70fd7-0741-4b62-b256-32aa4d73a165', 'a98f0ab3-bbb6-45d4-bd59-7c33802020cf', 'М131РМ72', 'Citroen C5', '2004', '206665', 'JV5XV723768572718', 'Белая двухслойная', '1', '1fe554d8-1054-4d0e-8a71-06f277d36ecd'),
	('18df40cd-a724-4e71-bdce-0086b20a4561', 'aa51864a-dc74-4631-8f53-53283730da56', 'В533ТВ65', 'Volvo XC70', '2012', '364594', 'NS8HN647670219369', 'Серебристо-молочно-зелёный', '9', 'bbb44d19-cdbc-4e02-8928-d96b02010c8f'),
	('c0954404-a636-4bc7-8227-9ddb0cfb689c', 'eeca761b-2b2c-4b45-b506-66fbb699f6f8', 'У832АС45', 'Hyundai Solaris', '2012', '281361', 'VZ8WB954319660839', 'Тёмно-вишнёвый металлик', '7', '92f47bef-d345-4c6d-9f40-313928d0d70b'),
	('1a0fc6c1-b642-4fa4-8002-5123659434e8', '9302c67e-3ede-44b0-a151-ae3eef1c6f4d', 'К895НМ74', 'Audi A4', '2004', '315006', 'LK7FH070373983460', 'Золотисто-красный', '4', 'd037e88b-9e11-4e31-93a9-f59786c75573'),
	('802dfa13-9a97-4615-8bc2-19a1baf52525', 'dae8ddbe-a6c3-45a9-ae01-f85678f344a5', 'В425МТ27', 'Chevrolet Cruze', '2020', '418025', 'PM2AA648660153463', 'Серебристо-молочно-зелёный', '2', '831531da-4402-4ac9-83d1-7b205ecf9617'),
	('bcd33849-4199-418f-9db1-0d60b90cb5b4', '7e35ee73-1000-4d11-969e-171b51411681', 'А866ОК84', 'Chevrolet Epica', '2009', '397203', 'MZ5JP469116155902', 'Ярко-синий', '3', 'ba760060-d6ef-46e0-a193-1a35c3afdfc1'),
	('41ad1f67-5353-4e4c-a056-3eff267c0440', '2aa7eb1f-75af-4fd5-8e23-3f455a3f3ce7', 'Р426ХХ38', 'Volvo S90', '2000', '188676', 'VT6EJ690808501433', 'Светло-серый', '6', '52db44c1-1b84-4343-917d-baf59cf8a740'),
	('6b242922-4e78-458b-b442-d102d1657bdb', '35dd9155-fc1e-45af-9f9f-9664c3dd09ee', 'Т404СВ91', 'Daewoo Nubira', '2008', '283326', 'JF1UA945927729513', 'Оттенок тёмно-синего', '4', 'f44fcee4-eaf3-4900-b71d-59b34d33ecb0'),
	('6450d9d5-07ad-4984-8e38-27444607f7d7', '6a6f7459-42a6-436d-9f02-a20ef0870eca', 'В565ТВ76', 'Infiniti EX', '2013', '141485', 'LU0FT009083940721', 'Светлый серо-бежевый', '9', 'cb44709b-b720-4b2d-8617-88756e57bc95'),
	('fbdce4be-055e-46a8-883e-9dba99022cee', '33bbfcf6-d7f2-45f8-8352-20e2f7f26ffa', 'У951ТР56', 'BMW X2', '2020', '137680', 'YR1MF986556931935', 'Серебристо-бежевый', '8', '07c52db7-7969-4932-a3a0-f75a6258a942'),
	('7cfe84d7-7881-4382-9967-56ddf30da5a2', '016d9a2d-507a-45fc-bcc8-29813f8b41b8', 'Т423АХ16', 'BMW M4', '2015', '321397', 'KY8AA000580387212', 'Красный', '7', '52d8ab6d-a1e2-4934-a7e7-941fd4bb41c7'),
	('693d0b9f-f263-44f3-bc64-b7b5d4f3fdd5', 'da443b71-ea9e-4c38-8076-dba869c1ad7b', 'Т994ММ47', 'Volvo C70 Convertible', '2001', '223461', 'VS4KT656337483587', 'Ярко-жёлтый', '9', 'a0e3a748-b936-4636-8381-5a4d5ea94561'),
	('48658f3d-4f89-4ffe-ace0-1f259ef9e6f8', '6f555d9b-8680-4132-bccb-23889b530cef', 'К939ВТ76', 'Chevrolet Epica', '2007', '356617', 'TK6RY418704814881', 'Коричневый', '1', '5d03bc28-7109-48f7-ab6e-326732a849ae'),
	('f2fd6f6e-6d4c-4ca9-ac26-5e053c326f6c', '07d48b89-368d-4e44-b3b9-e69b5a72a6ef', 'М195ОТ47', 'Chevrolet Camaro', '2008', '369195', 'GE8VY719037951653', 'Тёмно-зелёный', '9', 'c2f09289-9821-438f-92b4-e1843168eadf'),
	('1d8b9766-cbbb-4e31-a098-cc02df0dbe40', '5caae26f-f014-4b69-ab70-bc7d5ba3fd48', 'О944РМ12', 'Fiat Sedici', '2006', '440349', 'VD7VP674735987728', 'Серебристо-жёлто-зелёный', '6', '8fb67cf7-d7eb-42fc-9c93-9bf1acf2a3e0'),
	('f0cbe75c-55c7-4317-a42a-49f9d3ac4950', '80ea1f94-f816-4713-b912-d43dcfa50b70', 'К281РС36', 'Honda Civic', '2019', '304845', 'NW3UN380770599512', 'Серебристый фиолетовый', '3', '18ebd646-24f1-4003-b3a7-726e34f38fde'),
	('89f7c281-0642-477a-941e-cfe031b0f4ee', 'd4b022bc-12d5-43c2-9aa6-3ca6cde40f81', 'С315СС39', 'Audi A3', '2016', '397611', 'KP4FV670565523129', 'Серебристо-бежевый', '5', '071c3952-2d27-40dc-9339-1fe783416be9'),
	('2314a267-2ca5-4605-befd-88043bc58fb0', '4891e0f0-dfee-4874-b1ea-92af7760e5ec', 'М809ТЕ39', 'Chevrolet Aveo', '2005', '377349', 'VD1EH946745922535', 'Золотисто-оливковый', '5', 'afe0f4a8-208d-47ea-9371-9c4371d79ea7'),
	('b912cae8-a208-46be-9854-4ae40d9ab19d', 'd7e65fff-ebe8-43ee-bef9-092c4d74459d', 'М848КК82', 'Volvo S40', '2002', '421045', 'GW0HG432716936554', 'Тёмно-зелёный', '1', 'f39664ea-1eee-43fc-a276-20ca4028759f'),
	('93c9c998-649a-4958-a748-bbd734053ba5', '4c6f8767-1537-4256-a924-af78e2c587df', 'Т046ХС21', 'Infiniti EX', '2013', '303707', 'UF7KS923042156008', 'Металлик серо-бежевый', '1', 'a3981899-0496-479c-aa40-ff29d577394b'),
	('e0915370-b1ff-4143-a548-740ab08cebdd', '8129236c-4d0b-4c1f-921c-b163a6d6e479', 'Х686ВА03', 'Geely Coolray', '2019', '343759', 'VF8RE752466608312', 'Тёмно-серый', '3', '80207bcd-a916-4205-9d09-7060ed558cfa'),
	('3c0d1d71-14c2-4a97-badc-daa7f80cdc32', '952796e6-fcaf-4e5a-8ed5-66c5976b993d', 'У430ОХ82', 'Citroen C4 Aircross', '2017', '387788', 'AX8HK580689072542', 'Серебристый сине-зелёный', '5', '27f620aa-9483-436a-82a1-d74442ca6d39'),
	('30ce6615-9dfc-40e8-adc9-81e9708c9a8a', '15739eb0-a229-4bc7-8bb3-c126ca4c9a5a', 'У232ВХ85', 'Chevrolet Epica', '2011', '399324', 'WG0MG820008431436', 'Тёмно-зелёный', '6', '606c07bd-7b60-4a4e-8632-7fd851b28e8b'),
	('a25f6514-be92-4d95-951c-41d43a7e0009', '10b2785f-ac65-4482-99a5-a32cc5216604', 'В786ВР24', 'Citroen C3', '2010', '259536', 'PZ1UP538978467855', 'Тёмно-коричневый', '3', '4950ce60-0373-4625-8fbb-997198f73760'),
	('add03529-24b6-4678-8be2-25307e939809', 'c4aaf7ce-02d3-40a2-9bcf-95f936f515da', 'О788ТВ45', 'Citroen C3 Picasso', '2020', '445396', 'KD0GM954473284290', 'Тёмно-синий', '4', 'fc1ff948-08b1-41f7-bfaa-520804bfba07'),
	('962d83bf-ea5b-4c93-9d11-19da341fc806', '70cd549a-ecf6-4af8-8b97-064e1408f39e', 'Н228ТХ81', 'Daewoo Matiz', '2002', '382137', 'VJ1XW854024565742', 'Тёмно-голубой', '1', 'ab9a93d9-0497-4cab-a414-ef65d9292592'),
	('83333970-916a-4057-bc7b-834b50373c37', '17fa3b0b-8d8b-4ce6-a72a-e4c8155aa77a', 'Р662МУ33', 'Citroen C4 Cactus', '2015', '343183', 'AX1FR288473029880', 'Красный металлик', '4', 'ca512416-047a-4224-8361-56faf702cf0a'),
	('f7d969fb-89fb-4fb4-ae29-7dddb008052d', '61bbd021-d014-4849-9f0f-0ba63928a64f', 'О340РР17', 'Ford Galaxy', '1995', '375037', 'TX7AL506267483798', 'Белый металлик', '3', '32014e9c-fa12-4cb1-b008-045acadac418'),
	('2ddcb094-9cf4-4239-afc3-8e26bf7fdc63', '42957721-7090-43e7-94e7-52b3d09a8aef', 'Р934ОО44', 'Citroen C4 Aircross', '2020', '155700', 'VY3ZN420679947448', 'Красный', '4', '0b635b82-804b-43f4-abaa-52adc1964a15'),
	('3322f34b-37e2-4f31-ad13-e8709dd9a30a', '3a94158c-67f3-4f3e-bb4a-8a6333e434f7', 'М171РМ76', 'Hyundai ix35', '2017', '343659', 'ET9ST621137316706', 'Серо-чёрный', '10', '73142a1b-0f80-416e-9e5d-db8afbba665a'),
	('cc39b541-a3ab-435e-8125-011eb458db52', '11c45ea1-9a9b-4137-ba85-43411094f70d', 'Е446УК68', 'Honda Accord', '2016', '164922', 'NV7UJ368338180075', 'Серебристо-зелёно-голубой', '6', 'e6b3c0a6-b255-4901-b5b2-80e3dc4996f6'),
	('b165badf-4b38-4083-99d6-8cb50bccbd67', '53d1d46f-46ce-471e-aacf-388068dc084b', 'Р173РК88', 'Hyundai Solaris', '2011', '282868', 'VU4PA027450823344', 'Серебристо-бежевый', '2', 'b3182a2a-e2c8-4c40-8130-274a51042588'),
	('283b57bf-3130-422f-924a-6aa2dfd59f41', 'f2416658-b623-4064-8097-6ff44babaace', 'А721МТ55', 'Ford C-Max', '2018', '181486', 'YZ7PL435533394964', 'Серебристый стальной', '7', '1e5b63d3-09cb-423b-89ff-b83e033f81e2'),
	('84c309e8-8649-4d1a-baac-2a67a4382e32', 'c5dd16cf-6585-4ca6-81e8-f0eefe58774a', 'Р772ТТ88', 'Chevrolet Cruze', '2010', '222723', 'XS2GV816264379489', 'Тёмно-филетовый', '2', 'f0cd473a-1ec5-4bc9-a863-c3a8cdd0dea4'),
	('7b7b1caa-3c12-44a3-8147-ac8bfa3684da', 'd747ba7a-dcd8-456c-ac64-34bac049c2dc', 'О357РС49', 'Hyundai ix20', '2014', '299869', 'AW9XN344945377849', 'Серо-синий', '6', 'b59cfe71-d1c5-4da0-be2e-1432a24ca433'),
	('0163b6f6-30c2-4a46-ab63-4a9abb949619', '127b6e03-c912-49d0-ae54-5319aadcf4a9', 'В085МА11', 'Geely Coolray', '2020', '372999', 'XV8VS443580554942', 'Красный металлик', '4', 'aa73697c-9ed4-48e3-a6fb-c297a90d8588'),
	('889e5e0e-45bf-48f5-b03a-91042979dee2', 'd0565b41-96a6-4f44-8e0b-75de38303592', 'У212УХ27', 'Citroen C2', '2003', '220986', 'TN7YB799321734018', 'Зелёный', '8', 'd5759b65-31c7-4598-94b5-0bc46a967047'),
	('9498f792-56ca-42a5-b6f5-ad08cbbacd68', '51fff97c-23f7-4ad1-9646-3de807a38591', 'Т806ВХ49', 'Infiniti EX', '2014', '217214', 'WD4FG948517159776', 'Ярко-жёлтый', '2', '15480cce-0a76-4870-a643-1af0d8f4e0e7'),
	('75300bc6-8c60-4ee2-9960-dede25430d67', '0148df82-2778-4f62-a5d7-5b1c7e449d90', 'В956ХС00', 'Honda Civic', '2019', '177967', 'JL6WY585854093756', 'Бежевый', '7', '0c7cec80-b26a-4a17-9d40-18a9f6ae3032'),
	('8a76ee69-5256-46c3-9cb1-535b51a79c7a', 'eba96f02-3954-41bd-9c96-af2c4504509b', 'Н099ХА57', 'Volvo S80', '2016', '144358', 'WY0BF358599662896', 'Тёмно-фиолетовый', '6', '632af091-96e3-4b2b-9c73-c5913694321b'),
	('8023c72e-dafa-491b-b2dd-069a8baaa1c9', '09065a57-b8d0-4940-acfa-b86935610190', 'К728АС88', 'Hyundai Solaris', '2018', '394124', 'LG7LV722544801010', 'Красный', '2', 'c88ee202-ae30-4fee-8636-cb81dde94693'),
	('7a7b60bf-d26f-4a8e-8765-37ed0db25d77', 'b3cb113c-3c18-4761-9680-4ea50ef6853a', 'Е402АТ61', 'Chery Tiggo 7', '2020', '194517', 'TW1RL227331165873', 'Красный металлик', '7', '15312e96-a3ad-4f4e-8ddb-32e032ff5c28'),
	('7c867ea6-8613-4ccf-b66a-a8780df3796b', '1f2032d9-1b0d-4a86-8bb2-de3d0e226b7b', 'О374КК36', 'Citroen C4', '2019', '260704', 'BB0FJ741516471876', 'Серебристо-тёмно серый', '7', 'b1e7227a-aae4-49b1-86f6-cbb3d5e1e2aa'),
	('0db54950-a17e-4d16-adf2-b69653db63de', '0c3eef3b-1506-4e05-8661-7f0df0d1570f', 'С426ЕТ49', 'Ford Focus Active', '2018', '320410', 'ZS5SV190970405968', 'Серебристый тёмно-бордовый', '4', '4f0cd8a2-299e-4b55-b721-9d7e73ddcaaa'),
	('7e7c9562-d96e-4421-94d0-af8e5774bebd', '489df175-de77-4105-ba05-81498d224752', 'А677ВО46', 'Geely Coolray', '2020', '396931', 'TT9MS748204598841', 'Светло-серый', '1', '42a33c7a-36d3-4f70-8d76-e86182fa1dad'),
	('9f2d9c18-348d-4f2e-9f48-79920747ef7d', 'e2355ebb-80fa-43b8-9a16-032d21fd555c', 'Р231МС93', 'Daewoo Nexia', '2000', '464690', 'XM6VF688166879851', 'Серебристо-серый', '4', '6a186508-6e15-402b-b58f-a973f14a2b79'),
	('e357f377-6173-49ef-abad-8cf3aba17396', '82ec0252-3c66-4e0a-b130-851424d2036c', 'А449ОК40', 'Audi A1', '2015', '234029', 'HW0KK012508666430', 'Желто-зелёный', '6', 'c950b32c-10ba-43d5-8c89-ef18390cf637'),
	('d45dba3b-05f1-4bd4-9b21-f0b17270ec9b', 'e0b3c9ca-28ef-4514-a5ce-3f1101be4665', 'С433ЕК23', 'Ford Galaxy', '2005', '334823', 'AP4SW079197642708', 'Коричневый', '2', '8f684286-9dd8-4dde-8644-e5478975109b'),
	('0c8ef50b-1512-48ee-9341-66c6cb35d805', '5840194d-ba7a-4eb8-95f8-2912f1502524', 'Т311НК97', 'Audi A2', '2002', '438490', 'HV3UW570787906252', 'Тёмно-фиолетовый', '4', 'beb3071c-0672-4457-883f-e20309950751'),
	('7d2a4e3a-e2dd-4c82-bcf4-44476332be98', '41a5d37f-f502-4af3-bf96-d987873f8fc3', 'К060ТО98', 'Daewoo Magnus', '2002', '342013', 'SJ6PH505055715129', 'Светло-фиолетовый', '2', 'f12dfa03-c956-4825-9536-31f297e37d11'),
	('ca8d1a7a-aca3-45d5-ac92-7b3c5e501ed7', 'b440c922-e3c3-4130-86b3-7ef283db4e5e', 'У545ТР63', 'Ford Focus', '2007', '449658', 'PP4MM050541054709', 'Серебристо-серо-зеленоватый', '8', 'e7c380e3-e101-490f-b3c1-3c8b3758f596'),
	('1331a522-96d5-4635-a3b9-632b016cc330', '8146973f-3b81-47ed-8c4e-d814fe095fed', 'С921ХХ23', 'Geely Coolray', '2019', '152573', 'MG0UY667947121823', 'Серебристо-бледно-серый', '5', '3612edb2-de9a-4b6a-aa77-e207cea6e9c5'),
	('196ee884-2153-4304-aa95-5f59a8044c12', 'c275d124-b9db-4fb1-8a90-542035c81bb1', 'Е284ТС02', 'Hyundai Creta', '2015', '262447', 'FR3UU274321463330', 'Тёмно-красный', '5', '4e5f58f1-1d25-4aab-9ba3-fd72c7ff01d9'),
	('9e460a01-e5f2-4f0d-b344-43823fc0ce1e', '695c576e-3d9d-47eb-ac62-e85f7c692273', 'С157ЕР78', 'Chery Bonus', '2011', '236382', 'WD0NV441074559260', 'Тёмно-коричневый', '10', 'db021560-cb69-445f-8ec3-094d8ca88b8d'),
	('2290692c-334b-4e13-97e4-eea4fb36523a', '5b999f73-7d43-4996-a622-3061e997cb6e', 'М096МТ93', 'Chevrolet Lacetti', '2007', '347081', 'GV6AF304175718531', 'Тёмно-бежевый', '10', '14666160-734d-4a56-b633-dbea2636a901'),
	('5ab10002-20bd-4556-9a6f-ecf8d6796ed3', 'e763c5ef-223c-4c19-96c2-db7d53753030', 'Р950ВР75', 'Citroen C4 Picasso', '2007', '294680', 'PM4JE300663604639', 'Оттенок тёмно-синего', '3', 'adcfda7c-9f0f-4cb4-86f1-d26c0a539084'),
	('43f63e56-0e5c-4f12-9c19-56632e8954af', 'bf86d327-1b95-4c8e-9c93-e67386dada0e', 'В687ХН15', 'Fiat Panda', '2003', '148426', 'ZN8XL689391002701', 'Зелёный', '1', '09add2a4-9732-4e06-b79c-f4a82e25cf19'),
	('4881868c-76ae-4e44-b9fe-1ce64bc06797', '3db8d609-e700-4b09-8e37-cfe101daf0b9', 'Е179КА98', 'Geely Emgrand EC7', '2013', '198026', 'YM5AJ088636829738', 'Белый', '10', '2034bf94-21f3-4aee-993d-0dc1423dfb34'),
	('34b1d8f4-cf8b-47d5-865c-b004ed822c2f', '968a9ddb-1586-4262-b4cc-0cc5f3d7c6a6', 'У728КУ26', 'Fiat Punto', '2018', '153548', 'YG6HW956797665837', 'Голубой', '2', '0d6ef062-aa15-4fd7-8620-1912983e999f'),
	('9ecf4eee-8451-4f38-8e3e-697da8e12303', '4c37135f-46ca-462a-8fc7-decba441b35a', 'М972ТА19', 'Geely Emgrand X7', '2014', '447666', 'NT6WE602481290087', 'Серебристый оранжевый', '7', '53d1ac07-8729-431f-a7ba-9ef366f00b7e'),
	('0e40da68-2357-447f-9bea-8e4fd147b871', 'afc78eb3-6324-4ceb-aca6-d7c2c3e7a9a6', 'С634КТ20', 'Geely Emgrand X7', '2020', '214182', 'DZ8MP749929464512', 'Ярко-красный', '8', 'fb7e69a0-180c-45c0-8b7d-60b19cd60f34'),
	('6bb036c7-22a2-40aa-b28a-bcb5b7456e2c', '643a4c10-023c-4e0d-88b9-9fac5a967b67', 'Т564РО03', 'Chery Bonus 3', '2019', '431423', 'KL1BU005520994245', 'Светло-серый', '5', '9c0b6503-7185-4e9c-81cf-ec13eeeac65a'),
	('fc7729b4-ec69-4651-9d9a-68764b1b7244', 'e80b8616-ac82-4624-ad49-39340633ad97', 'Е343ВМ20', 'Ford C-Max', '2016', '306061', 'PY1KK888905197735', 'Серо-синий', '1', 'e3a591cc-9f87-47d0-b5c0-f841921d4380'),
	('cecfb72b-0109-4531-9d3e-b36ffd1a94cf', 'd627a76f-0ef2-4355-a6a0-c9136e84c0c6', 'Т456ТТ62', 'Geely Atlas', '2020', '380798', 'JT0VS728218611552', 'Серебристо-зеленоватый', '1', '20ca5a25-5eb3-4e43-aa67-d4eff98cef68'),
	('1424d2cf-2e4e-4d4e-8db8-6de463ae398a', 'e69fff51-d033-43d0-8800-9c5db506f505', 'У596КУ27', 'Daewoo Nubira', '2005', '293905', 'TB4LK109816383510', 'Серебристо-серо-голубоватый', '9', '1e61d3d3-349e-410b-960b-c8f1be7da136'),
	('8572d440-ee68-4c67-92cc-7fd07b9c9caa', 'd79193db-2c73-45a7-943d-b5bf63825213', 'К442УН54', 'Volvo XC70', '2002', '217392', 'ZU3JM961207933042', 'Серебристо-тёмно-серо-синий', '4', '9362f1f2-ce7a-4f6a-9fa3-94383d5d240b');

INSERT INTO "employee" ("id", "surname", "firstname", "lastname", "photo_id") VALUES
	('817679b1-3564-47d6-9c55-59e2223fa833', 'Щукин', 'Платон', 'Гордеевич', '11d83556-04d7-4531-b065-124a7f9a584c'),
	('cb2f027d-5202-465b-a35e-1429edf78613', 'Прохорова', 'Екатерина', 'Назаровна', '6cb3e269-3765-413c-b302-5cfcd89dd896'),
	('78d0f9f6-db14-447a-b0a6-86b2a2514baa', 'Кудряшов', 'Ярослав', 'Маратович', 'f4b7dd9f-07d8-4865-8949-e1febc471628'),
	('002c1f58-1499-4dc6-b577-ae847435b50a', 'Осипова', 'Виталина', 'Максимовна', '9a02ff2a-392a-49b6-b312-f5d29e4e6f75'),
	('af7e3c60-3464-4038-9edc-f1911e4cab53', 'Суханов', 'Эмиль', 'Данилович', 'd066efda-c049-48c3-80bb-a708f494b13a'),
	('908c7c3c-f71c-4557-8bfe-28e1dac194af', 'Агафонова', 'София', 'Мироновна', 'b4747236-30cf-4e93-8268-fa9f3c72e58a'),
	('0d665a01-319a-458c-b287-833a1b16d4da', 'Богданова', 'Ангелина', 'Арсеньевна', 'ac67b31a-9413-4a94-bbd7-1cea37482507'),
	('3be35f41-e82a-4aa7-b558-a70d76e7d86c', 'Быков', 'Артемий', 'Арсенович', '61273d61-2a7a-4047-a21e-6f2c507c4159'),
	('124b47df-04a4-4b2d-a0ec-5a191f60a9db', 'Тарасова', 'Оксана', 'Васильевна', 'e2e7f369-7a8d-4967-ac11-97c1292c9d4c'),
	('12845c26-9f30-451c-a413-cd49cb0aac92', 'Ковалёва', 'Оксана', 'Сергеевна', '149ff436-7fa2-4803-9973-0e7ce008c4c8'),
	('433a84dd-f834-42d8-9826-0b1977b9abc6', 'Пономарёв', 'Максим', 'Евгеньевич', '820cd052-7eba-4132-9b5a-60ce37ac957d'),
	('fb1deb92-40fe-4acd-aca3-9ce09fa95911', 'Фролов', 'Тимофей', 'Олегович', 'c26753cb-4f84-41de-b734-fe0f76ae6f2c'),
	('e3175211-6c72-4864-aac7-73a3d98fc2fd', 'Селиверстова', 'Эвелина', 'Михаиловна', '60f12816-f317-47cc-be9e-df64d8ded4fe'),
	('240af03c-8668-463c-bd60-4ea88c185366', 'Ефимова', 'Инна', 'Степановна', '89ac3248-8979-4ab4-867c-1eb25355d588'),
	('250b837d-f7a8-4dd1-ba91-e7b6527da995', 'Гришина', 'Валентина', 'Яновна', '052d4caa-79a4-4640-9519-83f265dd2439'),
	('eb84700f-d193-49f3-aed2-80eaed6ea3c9', 'Рогова', 'Полина', 'Ильинична', 'd53566d4-3453-4906-8509-9bd0bb5dc09f'),
	('7ce60a12-e850-4928-a55a-2ebfcabaf2ca', 'Константинов', 'Альберт', 'Витальевич', 'cb378c7d-173c-492c-8f36-a29804acf732'),
	('6b5b327f-ad8d-4b4c-92a8-acb854fd1c15', 'Андреев', 'Руслан', 'Мирославович', 'a2a2a6b4-fecc-4cbe-921c-2ed630370055'),
	('dccaa92e-bd92-40fb-b813-c771264084a3', 'Степанов', 'Платон', 'Маркович', 'a4748599-d60a-4a7a-9ab4-778e0c80b7d9'),
	('62f727ca-7421-4e86-af88-cae9caeb03a4', 'Терентьев', 'Руслан', 'Гордеевич', '210e8da1-776a-4ba5-8c9d-f171a6e88a50');

INSERT INTO "authorization_employee" ("id", "employee_id", "login", "password") VALUES
	('abd0552c-8424-45a2-b017-68270bc2fb75', '817679b1-3564-47d6-9c55-59e2223fa833', 'Shucukin', '$2b$07$fUoc3zkqwDIUy5g4VYNLUOxwWj/Ay5WDkcBVtztoU0lULLwD7dTe.'),
	('52fb568e-4050-43ce-97b5-e0009bc33127', 'cb2f027d-5202-465b-a35e-1429edf78613', 'Prohorova', '$2b$07$L.sMPx5xHC03gZ81WG7nqeGeOGn1fAMwtoyc596SDQpCWw3VC94m.'),
	('a0fcef90-10a1-4a4c-892c-9c5bbcbbda94', '78d0f9f6-db14-447a-b0a6-86b2a2514baa', 'Kudryashov', '$2b$07$z6JeR5LwdND/nrMraZ3SrOdZVWSvgharkPb38j/4.j9aL19CIiHNS'),
	('1ceaeadb-48a7-4014-bdb9-2bfbd4275126', '002c1f58-1499-4dc6-b577-ae847435b50a', 'Osipova', '$2b$07$97/7fKeRi.nterdIDSbFpO6EEbx8AUZ6ygvV4PcqyN49nmxWEIm3m'),
	('a73c964c-d8c8-4c1b-8627-544de789a9c4', 'af7e3c60-3464-4038-9edc-f1911e4cab53', 'Suhanov', '$2b$07$iy/RlgmRTp9BZwQk3KAtgOK4VjDzk3eNuQIkHw83IX5k941ksRj8G'),
	('324a872d-0bc1-4954-a144-1e936db88721', '908c7c3c-f71c-4557-8bfe-28e1dac194af', 'Agafonova', '$2b$07$g76KMkwumaQjfutOXIpbuONCzRCsjrBbR5D0UrjIkHD57RSF/PQtm'),
	('01abbd3e-f4dc-46a5-96a4-61759e92d06a', '0d665a01-319a-458c-b287-833a1b16d4da', 'Bogdanova', '$2b$07$.4y3IgdgCKJPbLcNxfq6KOzdsQLqT0oOpJJ8gli8WxNBZwvCPCCGK'),
	('35eeebfc-e2e5-4447-97dd-b125e431cd49', '3be35f41-e82a-4aa7-b558-a70d76e7d86c', 'Bykov', '$2b$07$sQm/wDFSCIhw3vHoA3ygNefa11v/cX/CEdSfhM4Pm/bXI1.i.dnaq'),
	('f1414bff-716b-49ff-91fb-345fc02d2778', '124b47df-04a4-4b2d-a0ec-5a191f60a9db', 'Tarasova', '$2b$07$StqlkvTqoZHyru2IKvKnYu.WXWBA.PAUKBQvCvXVwz7l9iOcVEydC'),
	('a62949fb-d90c-4963-98f8-8322d7234482', '12845c26-9f30-451c-a413-cd49cb0aac92', 'Kovalyova', '$2b$07$gPB4HNaIt4Uae9wn.USff.4FccgyFBabDmFMbemeNDOpUQYw7eRVu'),
	('13285979-7589-497a-af1a-5fd1cb2e2991', '433a84dd-f834-42d8-9826-0b1977b9abc6', 'Ponomaryov', '$2b$07$y0GzueJ7oGfiV/iNR3W1kufutdJhuT.jYa3KWMnYoo8JOHds1OMK2'),
	('3287985c-5a26-434c-b74a-4e4c965a457a', 'fb1deb92-40fe-4acd-aca3-9ce09fa95911', 'Frolov', '$2b$07$T6UfrchQv64zcZ7uveZeAe2rWh78aoHC5mVfu.4fjaqztPFzBixme'),
	('27118fdb-c177-48f5-a62f-50c5ccb5dab5', 'e3175211-6c72-4864-aac7-73a3d98fc2fd', 'Seliverstova', '$2b$07$CegYs1sSPBAS3cf8rZJ/u.qJ8YP6Faz5/SvIowOhPzSF8Q.sEsg/e'),
	('5158344c-d7c6-4d0e-bbc1-2aecfe326778', '240af03c-8668-463c-bd60-4ea88c185366', 'Efimova', '$2b$07$X4ZgnuC4mTgSypf6EcbzaudsajuYZSU3z.p32HElDArqGXXBJb/62'),
	('736b68f0-8f12-44d3-afca-d304b76433e2', '250b837d-f7a8-4dd1-ba91-e7b6527da995', 'Grishina', '$2b$07$OGHBx/pkLH7MjWQUFCuJ2.I7BdAr40uV8iH07VzOQ4TTb9ijWk9RS'),
	('4367a771-5641-4b52-b88d-9d05d3fa9042', 'eb84700f-d193-49f3-aed2-80eaed6ea3c9', 'Rogova', '$2b$07$wjxKD3eKvvxcdDxZyKxEp.3D4fKMHOtmcWYBWFTsVhrG0zOhTTxDG'),
	('5d444ac1-a10e-4804-bbeb-72087ccca481', '7ce60a12-e850-4928-a55a-2ebfcabaf2ca', 'Konstantinov', '$2b$07$QdqspEdttIGSc8M8WIXDAer4cE7jG3DtX6QETU/diWcjNP9847ur2'),
	('9888d6e8-311c-44db-b828-9e9447a5ad56', '6b5b327f-ad8d-4b4c-92a8-acb854fd1c15', 'Andreev', '$2b$07$hiD8pg/HLFF/IifvdnKkzOUwiUOHssEnK4MGoXGz8M05sN1V78rWC'),
	('1cbda671-abe3-4de9-87fd-8662ffc4accf', 'dccaa92e-bd92-40fb-b813-c771264084a3', 'Stepanov', '$2b$07$JlEPBy7863Z1X0/BFq3nvukz0p1eV56b7np596YsZQYIQ/BzTOYce'),
	('e3b5932e-8188-424d-a91a-0f7ca7077d30', '62f727ca-7421-4e86-af88-cae9caeb03a4', 'Terentev', '$2b$07$Zay/xJBERxzdxhg/hAZU4uKx4z.g5Q2tpAS1l50OIWh0LxPQk/JlS');

INSERT INTO "status_order" ("id", "name") VALUES
	('1', 'Завершён'),
	('2', 'Ожидает выполнения'),
	('3', 'В процессе'),
	('4', 'Отменен');

INSERT INTO "order" ("id", "date", "time", "comment", "client_id", "employee_id", "status_id") VALUES
	('67888359-010f-4690-ac2a-6c200dafd530', '2023-02-06', '14:00:00', 'Я бы хотел, чтобы вы проверили и починили мой глушитель.', '8146973f-3b81-47ed-8c4e-d814fe095fed', '240af03c-8668-463c-bd60-4ea88c185366', '1'),
	('ee4946d5-9f98-4a77-82bd-469651b73d1f', '2023-04-18', '19:00:00', '', '32a60658-63bc-4278-b8eb-960591850fed', 'e3175211-6c72-4864-aac7-73a3d98fc2fd', '1'),
	('28cf42ed-0137-4039-933a-ad4f126899b4', '2022-10-26', '14:00:00', 'Я бы хотел, чтобы вы проверили и починили мой топливный насос.', 'e69fff51-d033-43d0-8800-9c5db506f505', '0d665a01-319a-458c-b287-833a1b16d4da', '1'),
	('356387fd-b6b0-4bd8-8d97-2da3ea4cb42d', '2023-02-18', '12:00:00', '', '968a9ddb-1586-4262-b4cc-0cc5f3d7c6a6', '3be35f41-e82a-4aa7-b558-a70d76e7d86c', '1'),
	('05132454-6b17-4b0f-ac95-147e8eff3ae7', '2022-10-26', '9:00:00', 'Пожалуйста, проверьте и убедитесь, что все детали двигателя находятся в хорошем состоянии.', 'c275d124-b9db-4fb1-8a90-542035c81bb1', 'af7e3c60-3464-4038-9edc-f1911e4cab53', '1'),
	('b0fcc0a0-7d80-4115-aefd-63f3a7a08ebe', '2023-09-10', '19:00:00', '', '9302c67e-3ede-44b0-a151-ae3eef1c6f4d', 'e3175211-6c72-4864-aac7-73a3d98fc2fd', '1'),
	('f568b035-98bf-4ef3-9bdd-dba25271bb67', '2022-11-12', '20:00:00', 'Пожалуйста, проверьте и убедитесь, что все детали двигателя находятся в хорошем состоянии.', 'e763c5ef-223c-4c19-96c2-db7d53753030', '817679b1-3564-47d6-9c55-59e2223fa833', '1'),
	('de51aeff-6898-4739-9c24-9706eb6847fa', '2022-12-06', '20:00:00', '', 'b3cb113c-3c18-4761-9680-4ea50ef6853a', 'eb84700f-d193-49f3-aed2-80eaed6ea3c9', '1'),
	('432f9244-d5a1-4cab-9cd6-8080eec2674d', '2023-01-10', '9:00:00', 'Если возможно, пожалуйста, проверьте состояние моих фильтров воздуха и сообщите мне, если их необходимо заменить.', '127b6e03-c912-49d0-ae54-5319aadcf4a9', '817679b1-3564-47d6-9c55-59e2223fa833', '1'),
	('1b46e36a-005d-4cc2-b3b1-383e5675485c', '2022-12-19', '14:00:00', '', 'd0565b41-96a6-4f44-8e0b-75de38303592', 'dccaa92e-bd92-40fb-b813-c771264084a3', '1'),
	('590b98fa-1af0-47f8-a18c-08912a5861c2', '2023-04-01', '20:00:00', 'Пожалуйста, проверьте и убедитесь, что все гайки и болты находятся в хорошем состоянии.', 'f5bb0587-1c26-40cb-bc63-15fb9bd19578', '3be35f41-e82a-4aa7-b558-a70d76e7d86c', '1'),
	('fb7d58f6-bc7b-4640-b09d-6df028d1b0ea', '2023-04-26', '11:00:00', 'Я бы хотел, чтобы вы проверили и починили мой топливный насос.', 'aa1e1c4f-7701-4134-84c3-cf12a49e3b9d', 'e3175211-6c72-4864-aac7-73a3d98fc2fd', '1'),
	('20c94fb0-a168-4f98-b131-e6bf162316c4', '2023-10-10', '17:00:00', 'Я бы хотел, чтобы вы проверили и починили мой топливный насос.', '692dc911-d4d8-4847-ad21-d28a064d0f2e', '0d665a01-319a-458c-b287-833a1b16d4da', '1'),
	('1adbda36-e03e-4558-a19b-a6a38071d49a', '2023-02-24', '11:00:00', 'Пожалуйста, проверьте и убедитесь, что все детали тормозной системы находятся в хорошем состоянии.', '53d1d46f-46ce-471e-aacf-388068dc084b', 'dccaa92e-bd92-40fb-b813-c771264084a3', '1'),
	('5cf11f35-192e-4b93-8ac7-e5ce882eedc3', '2022-10-25', '10:00:00', 'Я бы хотел, чтобы вы проверили и починили мой кондиционер.', '07d48b89-368d-4e44-b3b9-e69b5a72a6ef', 'e3175211-6c72-4864-aac7-73a3d98fc2fd', '1'),
	('1847fe52-ee00-45b1-8949-c2e882a40e9b', '2023-06-06', '19:00:00', '', '4c37135f-46ca-462a-8fc7-decba441b35a', 'dccaa92e-bd92-40fb-b813-c771264084a3', '1'),
	('4db002d0-87a6-4153-9942-032928f78319', '2023-10-04', '18:00:00', 'Пожалуйста, проверьте и убедитесь, что все электрические соединения находятся в хорошем состоянии.', '42dc25a3-b777-4d19-90e5-f41fab9b4258', '78d0f9f6-db14-447a-b0a6-86b2a2514baa', '1'),
	('a33baaf2-b914-44cd-a8ac-a77a86c10574', '2022-12-11', '12:00:00', '', '643a4c10-023c-4e0d-88b9-9fac5a967b67', '817679b1-3564-47d6-9c55-59e2223fa833', '1'),
	('a5172181-2dff-4e72-8c4b-ff0358bf3496', '2023-09-06', '12:00:00', '', '11c45ea1-9a9b-4137-ba85-43411094f70d', '250b837d-f7a8-4dd1-ba91-e7b6527da995', '1'),
	('067c46c8-d810-49cc-a167-7d0b2ae4fc0c', '2023-09-19', '20:00:00', '', '7e35ee73-1000-4d11-969e-171b51411681', '7ce60a12-e850-4928-a55a-2ebfcabaf2ca', '1'),
	('596eb8fe-4777-4d29-8696-4aef7883a4a8', '2023-08-19', '18:00:00', 'Если возможно, пожалуйста, проверьте состояние моих фильтров воздуха и сообщите мне, если их необходимо заменить.', '3db8d609-e700-4b09-8e37-cfe101daf0b9', '7ce60a12-e850-4928-a55a-2ebfcabaf2ca', '1'),
	('d34e030b-fd45-4af9-b403-3e8ffa5b097f', '2022-12-28', '16:00:00', '', '127b6e03-c912-49d0-ae54-5319aadcf4a9', 'e3175211-6c72-4864-aac7-73a3d98fc2fd', '1'),
	('2d4a7982-933a-4bc6-82dc-ecaece0aaa60', '2023-03-18', '15:00:00', '', '0c3eef3b-1506-4e05-8661-7f0df0d1570f', '240af03c-8668-463c-bd60-4ea88c185366', '1'),
	('05a46603-d616-4444-abe9-772f3ac919a2', '2023-01-07', '9:00:00', 'Пожалуйста, проверьте и убедитесь, что все детали двигателя находятся в хорошем состоянии.', '17fa3b0b-8d8b-4ce6-a72a-e4c8155aa77a', '3be35f41-e82a-4aa7-b558-a70d76e7d86c', '1'),
	('fc878c9a-b51d-4be2-a701-5c3ee2eae59f', '2023-04-10', '13:00:00', 'Пожалуйста, проверьте и убедитесь, что все детали двигателя находятся в хорошем состоянии.', 'd0565b41-96a6-4f44-8e0b-75de38303592', '002c1f58-1499-4dc6-b577-ae847435b50a', '1'),
	('adb9e324-3425-479b-8e0c-5d810c97e2f5', '2023-09-14', '17:00:00', 'Пожалуйста, проверьте и убедитесь, что все детали подвески находятся в хорошем состоянии.', 'da443b71-ea9e-4c38-8076-dba869c1ad7b', '240af03c-8668-463c-bd60-4ea88c185366', '1'),
	('1788415a-37c2-4849-b35f-7c6747728680', '2023-01-26', '17:00:00', '', 'eeca761b-2b2c-4b45-b506-66fbb699f6f8', '433a84dd-f834-42d8-9826-0b1977b9abc6', '1'),
	('ea773468-beb0-4f31-a8ba-2e562fb3cbbc', '2023-06-03', '13:00:00', '', '5caae26f-f014-4b69-ab70-bc7d5ba3fd48', '62f727ca-7421-4e86-af88-cae9caeb03a4', '1'),
	('88baadc0-4669-458e-849a-17a1276be85c', '2023-09-15', '16:00:00', '', '5e365982-7399-4f0c-8bf3-b2478016d932', '7ce60a12-e850-4928-a55a-2ebfcabaf2ca', '1'),
	('4977e8fd-80fe-4f74-8de0-ed5dde9234ca', '2023-06-30', '17:00:00', '', '6f555d9b-8680-4132-bccb-23889b530cef', '908c7c3c-f71c-4557-8bfe-28e1dac194af', '1'),
	('f86319ab-0107-4c97-87ce-562558336367', '2022-10-23', '19:00:00', 'Пожалуйста, проверьте и убедитесь, что все детали подвески находятся в хорошем состоянии.', '968a9ddb-1586-4262-b4cc-0cc5f3d7c6a6', 'af7e3c60-3464-4038-9edc-f1911e4cab53', '1'),
	('01e888e4-6c89-4c0b-ada4-66275812d4d3', '2022-11-26', '16:00:00', 'Я бы хотел, чтобы вы проверили и починили мой топливный насос.', '54f0d595-3864-4198-979e-4c37eab0d726', 'e3175211-6c72-4864-aac7-73a3d98fc2fd', '1'),
	('727b7cc2-8f26-482f-b16d-ad915f2f6a0e', '2023-08-13', '17:00:00', 'Если возможно, пожалуйста, проверьте состояние моих шин и сообщите мне, если их необходимо заменить.', 'e69fff51-d033-43d0-8800-9c5db506f505', '62f727ca-7421-4e86-af88-cae9caeb03a4', '1'),
	('05f2d46b-11cb-4584-b049-b65ba5dfc789', '2023-01-05', '15:00:00', '', 'd8320a9f-1755-4dd3-9a1e-16e1b26d8168', '3be35f41-e82a-4aa7-b558-a70d76e7d86c', '1'),
	('fb645f34-d187-4237-902c-24ccf972b5bb', '2023-03-10', '15:00:00', 'Пожалуйста, проверьте и убедитесь, что все фильтры заменены и установлены правильно.', '1b413ed2-0f04-485e-be11-3d32e09f2c52', '3be35f41-e82a-4aa7-b558-a70d76e7d86c', '1'),
	('4f56ee47-a43d-4bfe-ae5d-8b0f9539b6c1', '2022-11-26', '14:00:00', 'Если возможно, пожалуйста, проверьте состояние моих шин и сообщите мне, если их необходимо заменить.', 'a98f0ab3-bbb6-45d4-bd59-7c33802020cf', 'dccaa92e-bd92-40fb-b813-c771264084a3', '1'),
	('85b01a82-6550-42c3-9713-22b0ee4e4f58', '2023-03-28', '8:00:00', '', '61bbd021-d014-4849-9f0f-0ba63928a64f', '78d0f9f6-db14-447a-b0a6-86b2a2514baa', '1'),
	('d0bc5927-f8cb-4e19-adcc-176c50dccbcf', '2023-05-20', '8:00:00', 'Я бы хотел, чтобы вы проверили и починили мой топливный насос.', '5840194d-ba7a-4eb8-95f8-2912f1502524', '12845c26-9f30-451c-a413-cd49cb0aac92', '1'),
	('13068400-04df-4710-85c6-9732bc383d5d', '2023-02-16', '19:00:00', 'Пожалуйста, проверьте и убедитесь, что все детали подвески находятся в хорошем состоянии.', 'e69fff51-d033-43d0-8800-9c5db506f505', 'eb84700f-d193-49f3-aed2-80eaed6ea3c9', '1'),
	('a8871e24-7e21-42a3-a299-02461162e39e', '2023-03-22', '19:00:00', '', 'd4b022bc-12d5-43c2-9aa6-3ca6cde40f81', 'dccaa92e-bd92-40fb-b813-c771264084a3', '1'),
	('2bd547d4-99b9-43fc-8c71-b6f39cefadfb', '2023-01-15', '8:00:00', 'Если возможно, пожалуйста, проверьте состояние моих колес и сообщите мне, если их необходимо заменить.', 'eeca761b-2b2c-4b45-b506-66fbb699f6f8', 'cb2f027d-5202-465b-a35e-1429edf78613', '1'),
	('99dc05d4-0399-4cc9-9ea6-3b006c3ccf38', '2023-01-08', '15:00:00', '', '5b999f73-7d43-4996-a622-3061e997cb6e', 'eb84700f-d193-49f3-aed2-80eaed6ea3c9', '1'),
	('eec6e171-be90-4247-ba06-db031048894f', '2023-01-22', '14:00:00', 'Пожалуйста, проверьте и убедитесь, что все детали подвески находятся в хорошем состоянии.', '11c45ea1-9a9b-4137-ba85-43411094f70d', '78d0f9f6-db14-447a-b0a6-86b2a2514baa', '1'),
	('a463c893-e613-4812-9093-23d81b8dee86', '2023-06-06', '20:00:00', 'Пожалуйста, проверьте и убедитесь, что все датчики находятся в хорошем состоянии.', 'ae19c134-0762-47db-abfe-a47fe77837db', '908c7c3c-f71c-4557-8bfe-28e1dac194af', '1'),
	('99891ee2-fe1f-4046-a349-7cd8ff8537a9', '2023-03-08', '17:00:00', '', 'd627a76f-0ef2-4355-a6a0-c9136e84c0c6', '0d665a01-319a-458c-b287-833a1b16d4da', '1'),
	('c33cedd3-19c7-4ce8-8693-7b6bb763a207', '2023-06-22', '8:00:00', 'Если возможно, пожалуйста, проверьте состояние моих шин и сообщите мне, если их необходимо заменить.', '82ec0252-3c66-4e0a-b130-851424d2036c', '78d0f9f6-db14-447a-b0a6-86b2a2514baa', '1'),
	('1673c8dd-6736-4aa9-a0df-4033e15a5f52', '2023-05-26', '9:00:00', 'Я бы хотел, чтобы вы проверили и починили мой стартер.', 'b440c922-e3c3-4130-86b3-7ef283db4e5e', 'e3175211-6c72-4864-aac7-73a3d98fc2fd', '1'),
	('7bae7e56-2c30-4fa5-88e2-92ecde18555a', '2023-03-09', '12:00:00', '', '643a4c10-023c-4e0d-88b9-9fac5a967b67', 'af7e3c60-3464-4038-9edc-f1911e4cab53', '1'),
	('13587ef5-1a20-496b-adf5-3186f0b6b79d', '2023-01-20', '12:00:00', 'Если возможно, пожалуйста, проверьте состояние моих шин и сообщите мне, если их необходимо заменить.', '51fff97c-23f7-4ad1-9646-3de807a38591', '002c1f58-1499-4dc6-b577-ae847435b50a', '1'),
	('4b122ad5-d313-402b-922e-f2ba85e56260', '2022-11-22', '18:00:00', 'Если возможно, пожалуйста, проверьте состояние моих фильтров воздуха и сообщите мне, если их необходимо заменить.', '33bbfcf6-d7f2-45f8-8352-20e2f7f26ffa', 'e3175211-6c72-4864-aac7-73a3d98fc2fd', '1'),
	('adffa746-af19-4d0d-8a5b-acdab7318356', '2023-03-22', '10:00:00', 'Мне нужно, чтобы вы проверили и заменили мои свечи зажигания.', 'eeca761b-2b2c-4b45-b506-66fbb699f6f8', '62f727ca-7421-4e86-af88-cae9caeb03a4', '1'),
	('670e3d94-42d2-4514-b239-190770ecc780', '2022-10-21', '10:00:00', '', 'dd84030b-12ce-4f49-af41-0a34d3605a38', '3be35f41-e82a-4aa7-b558-a70d76e7d86c', '1'),
	('1a17d7e4-1bdb-494a-b0ec-188fc21606d5', '2023-09-21', '8:00:00', '', '54f0d595-3864-4198-979e-4c37eab0d726', '908c7c3c-f71c-4557-8bfe-28e1dac194af', '1'),
	('945b3bb5-f6c0-4828-a667-757c3f61a53a', '2023-02-08', '14:00:00', '', '66a2066f-ab26-4831-97e7-88b6f13af274', 'cb2f027d-5202-465b-a35e-1429edf78613', '1'),
	('2fc74228-e70a-41d0-9367-c3b1a0b532a0', '2023-02-06', '10:00:00', 'Если возможно, пожалуйста, проверьте состояние моих шин и сообщите мне, если их необходимо заменить.', 'a98f0ab3-bbb6-45d4-bd59-7c33802020cf', '3be35f41-e82a-4aa7-b558-a70d76e7d86c', '1'),
	('0084ba18-46ac-443d-b8ca-d06d0a234852', '2022-11-09', '9:00:00', '', '4066c901-ac09-47ed-aadc-0c6b91b79ca6', 'e3175211-6c72-4864-aac7-73a3d98fc2fd', '1'),
	('97dc02ec-e2e6-418a-aa5c-c23ab7386a60', '2023-01-12', '13:00:00', 'Пожалуйста, проверьте и убедитесь, что все жидкости находятся в правильном уровне.', 'd344527b-9b77-4df9-93aa-d594b4fb6d02', '12845c26-9f30-451c-a413-cd49cb0aac92', '1'),
	('77ef830d-3297-4e80-9991-897ad6598f97', '2023-06-19', '16:00:00', 'Я бы хотел, чтобы вы проверили и починили мой топливный насос.', '9302c67e-3ede-44b0-a151-ae3eef1c6f4d', '0d665a01-319a-458c-b287-833a1b16d4da', '1'),
	('6ac16015-e948-4117-be69-cd4f708b93ec', '2023-05-09', '10:00:00', 'Если возможно, пожалуйста, проверьте состояние моих фильтров воздуха и сообщите мне, если их необходимо заменить.', 'eeca761b-2b2c-4b45-b506-66fbb699f6f8', '78d0f9f6-db14-447a-b0a6-86b2a2514baa', '1'),
	('4c4d4bd8-f68e-4f84-ba9b-353f021703d4', '2022-12-06', '16:00:00', 'Пожалуйста, проверьте и убедитесь, что все детали двигателя находятся в хорошем состоянии.', '6eaaa9e2-904e-4203-b50c-89596dcfb34d', 'af7e3c60-3464-4038-9edc-f1911e4cab53', '1'),
	('e957e18c-1c30-4cbd-8fd3-f18dcd18c59d', '2023-07-15', '11:00:00', 'Я бы хотел, чтобы вы проверили и починили мой глушитель.', '2aa7eb1f-75af-4fd5-8e23-3f455a3f3ce7', 'dccaa92e-bd92-40fb-b813-c771264084a3', '1'),
	('ca7d43c3-4b3d-411e-a3c2-34b88e0cb0f3', '2023-02-05', '17:00:00', 'Если возможно, пожалуйста, проверьте состояние моих шин и сообщите мне, если их необходимо заменить.', 'd1cf7b03-fa91-465d-96a1-a0aaf565ee3d', '3be35f41-e82a-4aa7-b558-a70d76e7d86c', '1'),
	('8dee759b-fc2e-4d25-b91c-249ffc971266', '2022-11-30', '8:00:00', '', 'd4b022bc-12d5-43c2-9aa6-3ca6cde40f81', '78d0f9f6-db14-447a-b0a6-86b2a2514baa', '1'),
	('00ca33ee-f9cd-4be2-8584-3831bab5e945', '2023-09-03', '13:00:00', 'Если возможно, пожалуйста, проверьте состояние моих шин и сообщите мне, если их необходимо заменить.', '952796e6-fcaf-4e5a-8ed5-66c5976b993d', '124b47df-04a4-4b2d-a0ec-5a191f60a9db', '1'),
	('a9e5891a-694b-49c1-9f1f-be73d4d3a2d4', '2023-07-13', '12:00:00', 'Я бы хотел, чтобы вы проверили и починили мой двигатель.', '0c3eef3b-1506-4e05-8661-7f0df0d1570f', '7ce60a12-e850-4928-a55a-2ebfcabaf2ca', '1'),
	('651b134e-d668-4d0d-99ee-9001605839aa', '2023-03-31', '11:00:00', '', '25c775ae-addb-43b6-90db-d167e59de331', 'af7e3c60-3464-4038-9edc-f1911e4cab53', '1'),
	('37642464-d177-46d4-b08d-83aa220ab11a', '2022-11-22', '9:00:00', 'Пожалуйста, проверьте и убедитесь, что все детали тормозной системы находятся в хорошем состоянии.', '7e35ee73-1000-4d11-969e-171b51411681', '7ce60a12-e850-4928-a55a-2ebfcabaf2ca', '1'),
	('3a33ce0e-a5dd-4c39-adc2-056ad5535083', '2023-08-10', '10:00:00', '', '643a4c10-023c-4e0d-88b9-9fac5a967b67', '62f727ca-7421-4e86-af88-cae9caeb03a4', '1'),
	('af2e04a6-1a28-44d9-baba-53f465f342c6', '2023-01-17', '17:00:00', '', '51fff97c-23f7-4ad1-9646-3de807a38591', '908c7c3c-f71c-4557-8bfe-28e1dac194af', '1'),
	('720306e6-09e0-41e0-b5ad-f1669c939d95', '2022-11-21', '8:00:00', '', '6f555d9b-8680-4132-bccb-23889b530cef', '240af03c-8668-463c-bd60-4ea88c185366', '1'),
	('69eeb2cb-c5ce-46bb-ab32-ae561d41619f', '2023-10-01', '16:00:00', 'Если возможно, пожалуйста, проверьте состояние моих фильтров воздуха и сообщите мне, если их необходимо заменить.', '8146973f-3b81-47ed-8c4e-d814fe095fed', 'fb1deb92-40fe-4acd-aca3-9ce09fa95911', '1'),
	('aee9bd1b-4c21-427b-84fc-24c99b5b978b', '2023-03-10', '9:00:00', 'Пожалуйста, проверьте и убедитесь, что все детали подвески находятся в хорошем состоянии.', 'afc78eb3-6324-4ceb-aca6-d7c2c3e7a9a6', 'eb84700f-d193-49f3-aed2-80eaed6ea3c9', '1'),
	('e11e9718-3d3a-41f9-a13a-66c2a03c9280', '2023-07-14', '12:00:00', 'Я бы хотел, чтобы вы проверили и починили мой топливный насос.', '968a9ddb-1586-4262-b4cc-0cc5f3d7c6a6', '250b837d-f7a8-4dd1-ba91-e7b6527da995', '1'),
	('22da916e-7439-4d61-92ee-7d2d854f8c8f', '2022-11-01', '19:00:00', '', 'd344527b-9b77-4df9-93aa-d594b4fb6d02', 'dccaa92e-bd92-40fb-b813-c771264084a3', '1'),
	('5e19fa9d-3369-43c5-99df-3d5cd38b8f60', '2023-08-27', '17:00:00', 'Если возможно, пожалуйста, проверьте состояние моих шин и сообщите мне, если их необходимо заменить.', '695c576e-3d9d-47eb-ac62-e85f7c692273', 'dccaa92e-bd92-40fb-b813-c771264084a3', '1'),
	('3bdb24ce-8119-4666-a9a3-4dce0b5948e2', '2023-04-14', '17:00:00', 'Я бы хотел, чтобы вы проверили и починили мой кондиционер.', 'eba96f02-3954-41bd-9c96-af2c4504509b', 'cb2f027d-5202-465b-a35e-1429edf78613', '1'),
	('2bba9963-6264-4c22-b5ee-cdad403ec9b9', '2022-11-24', '20:00:00', 'Если возможно, пожалуйста, проверьте состояние тормозных колодок и сообщите мне, если их необходимо заменить.', '489df175-de77-4105-ba05-81498d224752', '0d665a01-319a-458c-b287-833a1b16d4da', '1'),
	('ce74c39f-b7a4-4663-8581-3b7773aac3a2', '2023-03-16', '16:00:00', '', 'dae8ddbe-a6c3-45a9-ae01-f85678f344a5', 'fb1deb92-40fe-4acd-aca3-9ce09fa95911', '1'),
	('9a42ac3d-9d11-40f7-88aa-1964c2a0d221', '2023-02-15', '18:00:00', '', '82ec0252-3c66-4e0a-b130-851424d2036c', '240af03c-8668-463c-bd60-4ea88c185366', '1'),
	('6e621c16-7e10-4202-86c7-f3f2849f293f', '2023-09-30', '12:00:00', '', '1f2032d9-1b0d-4a86-8bb2-de3d0e226b7b', '0d665a01-319a-458c-b287-833a1b16d4da', '1'),
	('a75206e5-8c9d-4d66-bc79-d27f5b39324e', '2023-05-18', '12:00:00', '', '6f555d9b-8680-4132-bccb-23889b530cef', '124b47df-04a4-4b2d-a0ec-5a191f60a9db', '1'),
	('8e7734e5-9a81-4f74-b53a-f18b6e56ad27', '2023-05-21', '9:00:00', 'Пожалуйста, проверьте и убедитесь, что все детали подвески находятся в хорошем состоянии.', '643a4c10-023c-4e0d-88b9-9fac5a967b67', '7ce60a12-e850-4928-a55a-2ebfcabaf2ca', '1'),
	('f5e5ccbc-5d3c-4765-9a2b-fea8e1cbfee7', '2023-06-13', '18:00:00', 'Пожалуйста, проверьте и убедитесь, что все детали подвески находятся в хорошем состоянии.', 'c4aaf7ce-02d3-40a2-9bcf-95f936f515da', '0d665a01-319a-458c-b287-833a1b16d4da', '1'),
	('d28c294a-86a6-4cf1-9d1b-f5f50ad7a8cb', '2023-07-16', '17:00:00', '', 'bf86d327-1b95-4c8e-9c93-e67386dada0e', '240af03c-8668-463c-bd60-4ea88c185366', '1'),
	('147e31cb-a069-4f6a-8a2a-6cade8efb360', '2022-10-28', '14:00:00', '', '4c6f8767-1537-4256-a924-af78e2c587df', '002c1f58-1499-4dc6-b577-ae847435b50a', '1'),
	('154234d3-4937-4204-9b1c-385127ca7b45', '2023-09-13', '15:00:00', '', '5caae26f-f014-4b69-ab70-bc7d5ba3fd48', '250b837d-f7a8-4dd1-ba91-e7b6527da995', '1'),
	('b2bfd017-c318-471c-af75-d3d0a557f4e8', '2022-11-04', '13:00:00', '', 'd1cf7b03-fa91-465d-96a1-a0aaf565ee3d', 'fb1deb92-40fe-4acd-aca3-9ce09fa95911', '1'),
	('aef67d85-b7f6-44a9-8e9e-0372a764debb', '2023-03-01', '9:00:00', 'Если возможно, пожалуйста, проверьте состояние моих шин и сообщите мне, если их необходимо заменить.', '5caae26f-f014-4b69-ab70-bc7d5ba3fd48', '433a84dd-f834-42d8-9826-0b1977b9abc6', '1'),
	('50275096-6861-438b-b24f-8e5b203db26a', '2022-10-16', '12:00:00', 'Если возможно пожалуйста, проверьте и убедитесь, что все детали подвески находятся в хорошем состоянии.', 'd344527b-9b77-4df9-93aa-d594b4fb6d02', '62f727ca-7421-4e86-af88-cae9caeb03a4', '1'),
	('b9154842-cba8-404a-8e4e-431fa671e9c8', '2022-11-29', '17:00:00', 'Если возможно, пожалуйста, проверьте состояние моих фильтров воздуха и сообщите мне, если их необходимо заменить.', '1b413ed2-0f04-485e-be11-3d32e09f2c52', 'fb1deb92-40fe-4acd-aca3-9ce09fa95911', '1'),
	('b05be28d-2c6d-406b-a13b-ab8e823eec19', '2022-10-14', '20:00:00', 'Пожалуйста, проверьте и убедитесь, что все детали подвески находятся в хорошем состоянии.', '3a94158c-67f3-4f3e-bb4a-8a6333e434f7', '3be35f41-e82a-4aa7-b558-a70d76e7d86c', '1'),
	('0664fc7f-bbbd-430d-9c51-ede862d833d5', '2023-03-09', '18:00:00', '', '692dc911-d4d8-4847-ad21-d28a064d0f2e', '3be35f41-e82a-4aa7-b558-a70d76e7d86c', '1'),
	('b42b6884-8ada-40dd-8c3a-9a32193a1916', '2023-03-25', '11:00:00', '', '4891e0f0-dfee-4874-b1ea-92af7760e5ec', 'e3175211-6c72-4864-aac7-73a3d98fc2fd', '1'),
	('298104e3-a165-4110-8fa5-773453a7caba', '2023-02-17', '9:00:00', '', '952796e6-fcaf-4e5a-8ed5-66c5976b993d', 'cb2f027d-5202-465b-a35e-1429edf78613', '1'),
	('80188640-748e-43da-a9ca-faa0e257b8f7', '2023-08-09', '19:00:00', '', '5e365982-7399-4f0c-8bf3-b2478016d932', '0d665a01-319a-458c-b287-833a1b16d4da', '1'),
	('4e5278c1-3f5b-4166-983c-975514e7db05', '2023-01-16', '10:00:00', 'Я бы хотел, чтобы вы проверили и починили мой кондиционер.', '9302c67e-3ede-44b0-a151-ae3eef1c6f4d', '3be35f41-e82a-4aa7-b558-a70d76e7d86c', '1'),
	('b8d8cd26-9e3c-43ea-99e2-4696e823122d', '2022-12-07', '11:00:00', '', '10b2785f-ac65-4482-99a5-a32cc5216604', '78d0f9f6-db14-447a-b0a6-86b2a2514baa', '1'),
	('714bec7b-829d-405c-a5f4-280ef40ea39c', '2023-07-17', '14:00:00', '', 'a98f0ab3-bbb6-45d4-bd59-7c33802020cf', 'dccaa92e-bd92-40fb-b813-c771264084a3', '1'),
	('363a1a75-5c40-4553-a217-dc11b21cedb4', '2023-08-27', '14:00:00', 'Если возможно, пожалуйста, проверьте и убедитесь, что все детали подвески находятся в хорошем состоянии.', '6a6f7459-42a6-436d-9f02-a20ef0870eca', '817679b1-3564-47d6-9c55-59e2223fa833', '1'),
	('7efdc24d-628e-4ab6-8b23-622664c0e918', '2023-03-12', '12:00:00', '', '016d9a2d-507a-45fc-bcc8-29813f8b41b8', '250b837d-f7a8-4dd1-ba91-e7b6527da995', '1'),
	('d7a1d56a-02a6-4875-b2c9-cdc529dff8c4', '2023-01-13', '12:00:00', 'Я бы хотел, чтобы вы проверили и починили мой кондиционер.', 'd1cf7b03-fa91-465d-96a1-a0aaf565ee3d', 'cb2f027d-5202-465b-a35e-1429edf78613', '1'),
	('191990d0-a78e-43fc-a460-8418da94b4ae', '2022-10-30', '19:00:00', 'Я бы хотел, чтобы вы проверили и починили мой топливный насос.', '0c3eef3b-1506-4e05-8661-7f0df0d1570f', '7ce60a12-e850-4928-a55a-2ebfcabaf2ca', '1'),
	('aaf9b39b-6b25-4578-8f5d-fcf6b9355413', '2023-09-07', '16:00:00', '', '41a5d37f-f502-4af3-bf96-d987873f8fc3', '3be35f41-e82a-4aa7-b558-a70d76e7d86c', '1'),
	('f95f0cae-cea0-4eff-aa68-fd9258124eb9', '2022-10-16', '12:00:00', 'Если возможно, пожалуйста, проверьте состояние моих колес и сообщите мне, если их необходимо заменить.', 'e80b8616-ac82-4624-ad49-39340633ad97', '6b5b327f-ad8d-4b4c-92a8-acb854fd1c15', '1'),
	('1ece88ae-ecc5-40e2-98fe-b61763e91462', '2023-08-12', '10:00:00', 'Пожалуйста, проверьте и убедитесь, что все детали тормозной системы находятся в хорошем состоянии.', 'e80b8616-ac82-4624-ad49-39340633ad97', 'fb1deb92-40fe-4acd-aca3-9ce09fa95911', '1'),
	('95d784d2-24c5-4f1c-bd93-81171d7dfff3', '2023-03-04', '13:00:00', '', 'd79193db-2c73-45a7-943d-b5bf63825213', '433a84dd-f834-42d8-9826-0b1977b9abc6', '1'),
	('ad2f6245-4983-46c0-a501-b8c30972abe9', '2023-04-11', '9:00:00', '', '4891e0f0-dfee-4874-b1ea-92af7760e5ec', 'e3175211-6c72-4864-aac7-73a3d98fc2fd', '1'),
	('b92470ae-de44-4265-aba6-22f7eff1ed5b', '2023-03-20', '15:00:00', '', 'c275d124-b9db-4fb1-8a90-542035c81bb1', 'fb1deb92-40fe-4acd-aca3-9ce09fa95911', '1'),
	('1242cebe-6a33-4b87-b45b-c7653d27e032', '2023-09-03', '20:00:00', 'Я бы хотел, чтобы вы проверили и починили мой кондиционер.', 'e2355ebb-80fa-43b8-9a16-032d21fd555c', '817679b1-3564-47d6-9c55-59e2223fa833', '1'),
	('eff85c0f-809e-40c5-954a-ff5767029830', '2022-12-10', '8:00:00', 'Если возможно, пожалуйста, проверьте состояние моих шин и сообщите мне, если их необходимо заменить.', 'b440c922-e3c3-4130-86b3-7ef283db4e5e', '433a84dd-f834-42d8-9826-0b1977b9abc6', '1'),
	('d62d9d1b-6c52-452f-8ab4-695c6563e879', '2023-08-05', '14:00:00', '', 'd344527b-9b77-4df9-93aa-d594b4fb6d02', 'e3175211-6c72-4864-aac7-73a3d98fc2fd', '1'),
	('2107d3ad-726d-4e1a-9196-ee8a0f62975a', '2023-05-28', '19:00:00', '', 'd0565b41-96a6-4f44-8e0b-75de38303592', '0d665a01-319a-458c-b287-833a1b16d4da', '1'),
	('0c6ae966-a915-4fe2-8ac7-37915b3dbbe1', '2022-12-05', '17:00:00', '', '5b999f73-7d43-4996-a622-3061e997cb6e', 'dccaa92e-bd92-40fb-b813-c771264084a3', '1'),
	('c64072e3-7dea-4060-a6d7-a8cd9b262df4', '2023-06-22', '13:00:00', '', '11c45ea1-9a9b-4137-ba85-43411094f70d', '7ce60a12-e850-4928-a55a-2ebfcabaf2ca', '1'),
	('68fec44f-69b6-48d4-ae03-1fa4dfcda250', '2022-10-14', '17:00:00', '', '42dc25a3-b777-4d19-90e5-f41fab9b4258', '6b5b327f-ad8d-4b4c-92a8-acb854fd1c15', '1'),
	('404d8dde-6f81-43e4-992b-c1d7379bceaa', '2023-07-03', '17:00:00', 'Я бы хотел, чтобы вы проверили и починили мой кондиционер.', '4d6d5bcc-01e9-4ff7-9672-6af77fa7450d', '124b47df-04a4-4b2d-a0ec-5a191f60a9db', '1'),
	('db71e695-7b8e-4616-937b-236872e01d17', '2023-03-08', '18:00:00', 'Пожалуйста, проверьте и убедитесь, что все шланги находятся в хорошем состоянии.', 'd747ba7a-dcd8-456c-ac64-34bac049c2dc', 'af7e3c60-3464-4038-9edc-f1911e4cab53', '1'),
	('2dc28ee4-970d-41f4-a4b2-9d6bf123bdc8', '2022-12-11', '13:00:00', '', 'd8320a9f-1755-4dd3-9a1e-16e1b26d8168', '433a84dd-f834-42d8-9826-0b1977b9abc6', '1'),
	('844888c2-daf5-43fc-9f82-420d398d6c98', '2023-02-10', '14:00:00', '', 'c275d124-b9db-4fb1-8a90-542035c81bb1', 'fb1deb92-40fe-4acd-aca3-9ce09fa95911', '1'),
	('1de6179c-85c9-4d10-b643-5cf6996c3ae5', '2023-01-10', '20:00:00', '', '0148df82-2778-4f62-a5d7-5b1c7e449d90', '0d665a01-319a-458c-b287-833a1b16d4da', '1'),
	('3958cc68-1c6d-4b8d-bd0b-748cfbb41a60', '2023-03-02', '18:00:00', 'Если возможно, пожалуйста, проверьте состояние моих шин и сообщите мне, если их необходимо заменить.', '89a20320-e5c2-4b7b-a300-bdbfdf5be3d3', '7ce60a12-e850-4928-a55a-2ebfcabaf2ca', '1'),
	('1418922f-dba1-4a12-9a18-670eef1372c5', '2023-09-17', '10:00:00', 'Я бы хотел, чтобы вы проверили и починили мой стартер.', '17fa3b0b-8d8b-4ce6-a72a-e4c8155aa77a', '0d665a01-319a-458c-b287-833a1b16d4da', '1'),
	('69522b99-403f-415c-a456-8d64728a1a57', '2023-03-01', '20:00:00', '', '127b6e03-c912-49d0-ae54-5319aadcf4a9', 'cb2f027d-5202-465b-a35e-1429edf78613', '1'),
	('637b066a-fc5f-4926-af27-83e108fab29a', '2023-01-18', '18:00:00', 'Если возможно, пожалуйста, проверьте состояние моих фильтров воздуха и сообщите мне, если их необходимо заменить.', '54a2a730-66c2-4042-9935-e594e5acecab', '124b47df-04a4-4b2d-a0ec-5a191f60a9db', '1'),
	('1f63dc18-5bb5-4e7e-b947-faadc66f72d2', '2023-03-06', '10:00:00', 'Если возможно, пожалуйста, проверьте состояние моих аккумуляторов и сообщите мне, если их необходимо заменить.', 'd627a76f-0ef2-4355-a6a0-c9136e84c0c6', '62f727ca-7421-4e86-af88-cae9caeb03a4', '1'),
	('d40a6d10-8c38-4843-a232-d8ec1727fad4', '2023-05-08', '11:00:00', '', '9953e565-53b7-4656-9c19-2c91db520f93', '7ce60a12-e850-4928-a55a-2ebfcabaf2ca', '1'),
	('af93a76a-d259-4103-aae9-d64975d8bfee', '2023-07-02', '18:00:00', '', '489df175-de77-4105-ba05-81498d224752', '002c1f58-1499-4dc6-b577-ae847435b50a', '1'),
	('487a5be1-0c01-444e-8cef-ebb6c11a2c47', '2022-11-24', '15:00:00', 'Пожалуйста, проверьте и убедитесь, что все детали подвески находятся в хорошем состоянии.', '32a60658-63bc-4278-b8eb-960591850fed', '433a84dd-f834-42d8-9826-0b1977b9abc6', '1'),
	('605e745a-d053-4c64-bfa0-b6a078567a49', '2023-02-08', '14:00:00', '', '127b6e03-c912-49d0-ae54-5319aadcf4a9', '240af03c-8668-463c-bd60-4ea88c185366', '1'),
	('cbbe0efc-8598-45cf-bd26-2d5f3bb655bf', '2022-10-31', '13:00:00', '', '952796e6-fcaf-4e5a-8ed5-66c5976b993d', 'cb2f027d-5202-465b-a35e-1429edf78613', '1'),
	('d28f5d64-b34c-40dc-9565-246197c1c2b1', '2022-12-30', '18:00:00', 'Пожалуйста, проверьте и убедитесь, что все детали подвески находятся в хорошем состоянии.', '3a94158c-67f3-4f3e-bb4a-8a6333e434f7', '908c7c3c-f71c-4557-8bfe-28e1dac194af', '1'),
	('60d1610a-99a0-4e6c-9cdb-c5b0d7a1a7f1', '2023-10-03', '14:00:00', 'Пожалуйста, проверьте и убедитесь, что все детали подвески находятся в хорошем состоянии.', 'd7e65fff-ebe8-43ee-bef9-092c4d74459d', 'af7e3c60-3464-4038-9edc-f1911e4cab53', '1'),
	('32bc0893-ca68-4248-8d4e-547afa442a89', '2023-08-28', '15:00:00', 'Я бы хотел, чтобы вы проверили и починили мой топливный насос.', '2aa7eb1f-75af-4fd5-8e23-3f455a3f3ce7', '240af03c-8668-463c-bd60-4ea88c185366', '1'),
	('45409141-c8e7-4177-9575-101b3676bc9f', '2023-01-06', '14:00:00', 'Пожалуйста, проверьте и убедитесь, что все детали двигателя находятся в хорошем состоянии.', 'ae19c134-0762-47db-abfe-a47fe77837db', '908c7c3c-f71c-4557-8bfe-28e1dac194af', '1'),
	('4f799bdc-12a5-4713-b3a5-1daff47dce15', '2023-07-24', '9:00:00', 'Пожалуйста, проверьте и убедитесь, что все детали двигателя находятся в хорошем состоянии.', '80ea1f94-f816-4713-b912-d43dcfa50b70', '3be35f41-e82a-4aa7-b558-a70d76e7d86c', '1'),
	('216cec14-a654-4a47-91c2-ab84f266866b', '2023-03-05', '17:00:00', 'Если возможно, пожалуйста, проверьте состояние моих фильтров воздуха и сообщите мне, если их необходимо заменить.', 'd4b022bc-12d5-43c2-9aa6-3ca6cde40f81', '0d665a01-319a-458c-b287-833a1b16d4da', '1'),
	('169a0e11-70f9-4c30-a7fd-e55c32d3cd20', '2022-10-30', '18:00:00', '', '1b413ed2-0f04-485e-be11-3d32e09f2c52', '0d665a01-319a-458c-b287-833a1b16d4da', '1'),
	('e9235aa0-e614-449b-8f30-35d5767f7a24', '2023-03-09', '10:00:00', '', '9953e565-53b7-4656-9c19-2c91db520f93', '124b47df-04a4-4b2d-a0ec-5a191f60a9db', '1'),
	('2733ccb4-f9af-40b0-99ab-f09135a0f8ba', '2023-06-18', '14:00:00', 'Я бы хотел, чтобы вы проверили и починили мой кондиционер.', '07d48b89-368d-4e44-b3b9-e69b5a72a6ef', '0d665a01-319a-458c-b287-833a1b16d4da', '1'),
	('7862a209-8061-4b18-adea-717c3142284e', '2022-11-15', '11:00:00', 'Пожалуйста, проверьте и убедитесь, что все детали двигателя находятся в хорошем состоянии.', 'c275d124-b9db-4fb1-8a90-542035c81bb1', '62f727ca-7421-4e86-af88-cae9caeb03a4', '1'),
	('bfe109eb-70a4-4dd9-95de-0dd3ad580c86', '2023-07-21', '11:00:00', 'Я бы хотел, чтобы вы проверили и починили мой глушитель.', '8146973f-3b81-47ed-8c4e-d814fe095fed', '240af03c-8668-463c-bd60-4ea88c185366', '1'),
	('e5f773c9-2eb8-4574-9f19-2bd394f1a6fb', '2023-05-29', '13:00:00', 'Если возможно, пожалуйста, проверьте состояние моих шин и сообщите мне, если их необходимо заменить.', 'd4b022bc-12d5-43c2-9aa6-3ca6cde40f81', '433a84dd-f834-42d8-9826-0b1977b9abc6', '1'),
	('43aa66c8-0c98-4c94-a2c0-6a4707326426', '2023-06-24', '13:00:00', '', '53d1d46f-46ce-471e-aacf-388068dc084b', 'e3175211-6c72-4864-aac7-73a3d98fc2fd', '1'),
	('d1c0218e-4b1a-4e0f-ad15-99ae34326194', '2023-04-11', '17:00:00', 'Пожалуйста, проверьте и убедитесь, что все ремни находятся в хорошем состоянии.', '09065a57-b8d0-4940-acfa-b86935610190', '6b5b327f-ad8d-4b4c-92a8-acb854fd1c15', '1'),
	('518f05d1-eb7a-4cd1-9922-894ad9295208', '2023-06-12', '20:00:00', 'Я бы хотел, чтобы вы проверили и починили мой топливный насос.', '0148df82-2778-4f62-a5d7-5b1c7e449d90', '433a84dd-f834-42d8-9826-0b1977b9abc6', '1'),
	('4ffbd619-0779-4008-a9c2-630a0c66e599', '2023-09-05', '12:00:00', '', '15739eb0-a229-4bc7-8bb3-c126ca4c9a5a', '250b837d-f7a8-4dd1-ba91-e7b6527da995', '1'),
	('67ac6d10-5844-4799-a455-f3072942ac03', '2022-11-14', '12:00:00', '', '6a9b1134-2d5a-42e0-a25e-5f7c4b0b7fe8', '12845c26-9f30-451c-a413-cd49cb0aac92', '1'),
	('d08905f5-dfe7-4520-8c31-22c8246561c5', '2023-01-19', '20:00:00', '', '4c37135f-46ca-462a-8fc7-decba441b35a', '62f727ca-7421-4e86-af88-cae9caeb03a4', '1'),
	('66db378b-5397-49da-93cb-b0e5e2a76dbf', '2023-09-05', '12:00:00', '', 'd0565b41-96a6-4f44-8e0b-75de38303592', '002c1f58-1499-4dc6-b577-ae847435b50a', '1'),
	('286908b6-a97d-48f8-bf21-84e49f86ff2b', '2023-09-08', '8:00:00', '', 'b440c922-e3c3-4130-86b3-7ef283db4e5e', 'eb84700f-d193-49f3-aed2-80eaed6ea3c9', '1'),
	('9584fdb0-d583-4530-a08c-ca2b21d18c94', '2023-01-15', '18:00:00', 'Пожалуйста, проверьте и убедитесь, что все детали двигателя находятся в хорошем состоянии.', 'e0b3c9ca-28ef-4514-a5ce-3f1101be4665', '908c7c3c-f71c-4557-8bfe-28e1dac194af', '1'),
	('46f09b38-ed30-4ac3-a36a-7ecda07175cd', '2023-09-11', '13:00:00', '', '61bbd021-d014-4849-9f0f-0ba63928a64f', 'eb84700f-d193-49f3-aed2-80eaed6ea3c9', '1'),
	('96cf4f55-0957-4a14-b679-9fbff6f9c3bc', '2023-10-05', '19:00:00', '', '4891e0f0-dfee-4874-b1ea-92af7760e5ec', '6b5b327f-ad8d-4b4c-92a8-acb854fd1c15', '1'),
	('84b69d75-eecb-4884-81f2-a76a265a16ac', '2023-07-20', '9:00:00', '', '8129236c-4d0b-4c1f-921c-b163a6d6e479', '0d665a01-319a-458c-b287-833a1b16d4da', '1'),
	('a4b903ca-a684-435d-914a-8596fdfb6b29', '2023-08-04', '19:00:00', '', '0c3eef3b-1506-4e05-8661-7f0df0d1570f', '62f727ca-7421-4e86-af88-cae9caeb03a4', '1'),
	('7850e984-2050-4968-a97a-d60874ab0f1d', '2022-12-26', '9:00:00', 'Пожалуйста, проверьте и убедитесь, что все детали подвески находятся в хорошем состоянии.', 'c275d124-b9db-4fb1-8a90-542035c81bb1', '78d0f9f6-db14-447a-b0a6-86b2a2514baa', '1'),
	('83d4af80-cd1e-43b3-9c9e-f58f18366f72', '2023-09-28', '19:00:00', '', '8146973f-3b81-47ed-8c4e-d814fe095fed', '62f727ca-7421-4e86-af88-cae9caeb03a4', '1'),
	('0983dbea-a6f1-4cec-8e58-19a2e8a17ab6', '2023-01-30', '9:00:00', '', '41a5d37f-f502-4af3-bf96-d987873f8fc3', '7ce60a12-e850-4928-a55a-2ebfcabaf2ca', '1'),
	('ed51c57d-5a36-4b00-82dd-2d5b203b8814', '2023-08-24', '10:00:00', '', '6a9b1134-2d5a-42e0-a25e-5f7c4b0b7fe8', 'cb2f027d-5202-465b-a35e-1429edf78613', '1'),
	('af5e73c0-f9e3-43ad-84e2-025163a7748c', '2023-02-17', '15:00:00', 'Я бы хотел, чтобы вы проверили и починили мой генератор.', 'c5dd16cf-6585-4ca6-81e8-f0eefe58774a', '433a84dd-f834-42d8-9826-0b1977b9abc6', '1'),
	('e89a3d4f-a585-4ccb-af31-70b3f7287591', '2022-11-22', '17:00:00', 'Мне нужно, чтобы вы проверили и заменили мой воздушный фильтр.', '1f2032d9-1b0d-4a86-8bb2-de3d0e226b7b', 'cb2f027d-5202-465b-a35e-1429edf78613', '1'),
	('cdeaab90-a83b-4f1b-ba00-ab8f5df6d803', '2022-12-30', '8:00:00', '', 'dc143abf-ca4c-4971-975c-1afb7dbc2d5f', 'dccaa92e-bd92-40fb-b813-c771264084a3', '1'),
	('818f3db8-8747-4e24-8440-c0cd7dcf4cf2', '2023-02-27', '13:00:00', 'Если возможно, пожалуйста, проверьте состояние моего топливного бака и сообщите мне, если его необходимо очистить.', '6eaaa9e2-904e-4203-b50c-89596dcfb34d', '250b837d-f7a8-4dd1-ba91-e7b6527da995', '1'),
	('f786770c-4728-4045-b740-b77eda20197d', '2023-03-20', '9:00:00', '', 'f5bb0587-1c26-40cb-bc63-15fb9bd19578', '12845c26-9f30-451c-a413-cd49cb0aac92', '1'),
	('7e4845e9-13d8-4a27-90a2-1dd0c9016351', '2022-12-18', '16:00:00', '', '51fff97c-23f7-4ad1-9646-3de807a38591', 'fb1deb92-40fe-4acd-aca3-9ce09fa95911', '1'),
	('53fa5451-9c75-4446-8b7b-3577fd760862', '2023-03-07', '19:00:00', '', '51fff97c-23f7-4ad1-9646-3de807a38591', '12845c26-9f30-451c-a413-cd49cb0aac92', '1'),
	('7d05a382-0983-43fc-8e09-e9be3b9aa466', '2022-12-29', '14:00:00', '', '2aa7eb1f-75af-4fd5-8e23-3f455a3f3ce7', 'af7e3c60-3464-4038-9edc-f1911e4cab53', '1'),
	('a4b47585-4bfc-45a0-a14c-c8b6511be6f5', '2023-06-29', '13:00:00', 'Если возможно, пожалуйста, проверьте состояние батареи и сообщите мне, если её необходимо заменить.', '5caae26f-f014-4b69-ab70-bc7d5ba3fd48', 'fb1deb92-40fe-4acd-aca3-9ce09fa95911', '1'),
	('4d782477-0e27-4aab-915f-8f0ea43b5331', '2023-04-10', '15:00:00', 'Я бы хотел, чтобы вы проверили и починили мой кондиционер.', 'bf86d327-1b95-4c8e-9c93-e67386dada0e', '12845c26-9f30-451c-a413-cd49cb0aac92', '1'),
	('d17c96a2-7b4c-4992-a522-3207756206f8', '2023-08-21', '13:00:00', '', '3a94158c-67f3-4f3e-bb4a-8a6333e434f7', '12845c26-9f30-451c-a413-cd49cb0aac92', '1'),
	('41430d59-e3d6-4793-babf-0d94e14cafc4', '2023-03-27', '16:00:00', 'Я бы хотел, чтобы вы проверили и починили мой топливный насос.', '54f0d595-3864-4198-979e-4c37eab0d726', '6b5b327f-ad8d-4b4c-92a8-acb854fd1c15', '1'),
	('fb914b4f-6b8f-4182-ad21-cf7b4f8d5e32', '2023-02-12', '9:00:00', 'Я бы хотел, чтобы вы проверили и очистили мою систему охлаждения.', 'b5648ceb-8f79-4111-a8a0-cb64e0e2de12', 'fb1deb92-40fe-4acd-aca3-9ce09fa95911', '1'),
	('1de4c5b9-0879-4e87-bc04-63252d47dbe4', '2023-05-31', '18:00:00', 'Если возможно, пожалуйста, проверьте состояние моих шин и сообщите мне, если их необходимо заменить.', 'd344527b-9b77-4df9-93aa-d594b4fb6d02', '433a84dd-f834-42d8-9826-0b1977b9abc6', '1'),
	('e0ecdc06-cf2b-44a0-ad4f-c5a475826a58', '2023-10-10', '9:00:00', '', '17fa3b0b-8d8b-4ce6-a72a-e4c8155aa77a', '908c7c3c-f71c-4557-8bfe-28e1dac194af', '1'),
	('0b722fd4-b328-42ac-a678-101575901b36', '2023-09-30', '10:00:00', '', 'aa51864a-dc74-4631-8f53-53283730da56', '002c1f58-1499-4dc6-b577-ae847435b50a', '1'),
	('3b1e1874-dfb6-4f76-a31f-170d185b728a', '2022-11-15', '10:00:00', '', '42dc25a3-b777-4d19-90e5-f41fab9b4258', '78d0f9f6-db14-447a-b0a6-86b2a2514baa', '1'),
	('be1080cd-3db4-45b1-affa-570b08fccf14', '2023-05-02', '12:00:00', '', '643a4c10-023c-4e0d-88b9-9fac5a967b67', 'af7e3c60-3464-4038-9edc-f1911e4cab53', '1'),
	('49de2b03-f97f-4eb3-af3e-da8dd4c907b6', '2022-12-22', '15:00:00', '', '8d8d10ce-2422-404a-92a1-239fe02eab77', '62f727ca-7421-4e86-af88-cae9caeb03a4', '1'),
	('3e9d5a69-23d2-4770-a080-0b7590ef5c04', '2023-01-19', '9:00:00', '', '82ec0252-3c66-4e0a-b130-851424d2036c', '908c7c3c-f71c-4557-8bfe-28e1dac194af', '1'),
	('7aa80c55-e21b-4333-a674-bc2af2402cd3', '2023-03-31', '11:00:00', 'Если возможно, пожалуйста, проверьте состояние моих колес и сообщите мне, если их необходимо заменить.', '9302c67e-3ede-44b0-a151-ae3eef1c6f4d', '240af03c-8668-463c-bd60-4ea88c185366', '1'),
	('2825a852-edbc-41f7-9e50-8876e37a5ed8', '2022-12-27', '10:00:00', '', 'aa51864a-dc74-4631-8f53-53283730da56', '124b47df-04a4-4b2d-a0ec-5a191f60a9db', '1'),
	('1d0d058f-4d91-4100-9232-6eee3bdd1d88', '2023-08-20', '18:00:00', 'Я бы хотел, чтобы вы проверили и починили мой кондиционер.', '35dd9155-fc1e-45af-9f9f-9664c3dd09ee', '124b47df-04a4-4b2d-a0ec-5a191f60a9db', '1'),
	('fa0ef801-ff7d-4040-8727-bec4333f1761', '2023-07-06', '10:00:00', 'Я бы хотел, чтобы вы проверили и починили мой кондиционер.', '695c576e-3d9d-47eb-ac62-e85f7c692273', '817679b1-3564-47d6-9c55-59e2223fa833', '1'),
	('ff78a73f-da22-430c-8d48-7517c3f435d1', '2023-02-17', '9:00:00', '', '6eaaa9e2-904e-4203-b50c-89596dcfb34d', '7ce60a12-e850-4928-a55a-2ebfcabaf2ca', '1'),
	('87c7b27a-2de8-4b04-a4bd-afb3415b369d', '2023-06-05', '9:00:00', '', '8d8d10ce-2422-404a-92a1-239fe02eab77', '6b5b327f-ad8d-4b4c-92a8-acb854fd1c15', '1'),
	('c52591b0-6505-4fb1-8843-35191a39f536', '2023-07-28', '17:00:00', '', 'e69fff51-d033-43d0-8800-9c5db506f505', 'fb1deb92-40fe-4acd-aca3-9ce09fa95911', '1'),
	('5cfbfb79-2c40-4973-b310-30bdb327df7a', '2023-01-02', '14:00:00', '', '35dd9155-fc1e-45af-9f9f-9664c3dd09ee', '0d665a01-319a-458c-b287-833a1b16d4da', '1'),
	('42c95009-abe7-47bd-80ec-f2f31a2156d1', '2023-03-11', '19:00:00', 'Не могли бы вы проверить и отрегулировать мой клапан PCV?', '07d48b89-368d-4e44-b3b9-e69b5a72a6ef', '78d0f9f6-db14-447a-b0a6-86b2a2514baa', '1'),
	('ac3adfc6-a70a-4ad1-a6a4-dba8c8aec1cb', '2023-01-21', '18:00:00', 'Если возможно, пожалуйста, проверьте состояние моих фильтров воздуха и сообщите мне, если их необходимо заменить.', '11c45ea1-9a9b-4137-ba85-43411094f70d', '12845c26-9f30-451c-a413-cd49cb0aac92', '1'),
	('98c7526c-96ba-4030-9fde-305fc7b64e20', '2023-02-14', '13:00:00', '', 'afc78eb3-6324-4ceb-aca6-d7c2c3e7a9a6', '0d665a01-319a-458c-b287-833a1b16d4da', '1'),
	('9d5fbb3a-b0a6-4849-88c0-f70c61462993', '2023-09-16', '20:00:00', 'Если возможно, пожалуйста, проверьте состояние моих фильтров воздуха и сообщите мне, если их необходимо заменить.', '1b413ed2-0f04-485e-be11-3d32e09f2c52', 'dccaa92e-bd92-40fb-b813-c771264084a3', '1'),
	('21e09bcb-888e-4081-b2b7-1c8d778b831d', '2023-09-16', '20:00:00', 'Я бы хотел, чтобы вы проверили и починили мой кондиционер.', '695c576e-3d9d-47eb-ac62-e85f7c692273', '250b837d-f7a8-4dd1-ba91-e7b6527da995', '1'),
	('fcbe16c8-612a-4d93-9dc5-71fc29fa78f4', '2023-01-10', '18:00:00', '', '11c45ea1-9a9b-4137-ba85-43411094f70d', '78d0f9f6-db14-447a-b0a6-86b2a2514baa', '1'),
	('405af0dd-014e-4e91-8ad6-f00c6aaa7824', '2023-08-17', '13:00:00', 'Пожалуйста, проверьте и убедитесь, что все детали двигателя находятся в хорошем состоянии.', '09065a57-b8d0-4940-acfa-b86935610190', '0d665a01-319a-458c-b287-833a1b16d4da', '1'),
	('ac91410b-fa22-4615-b056-0334d31ea5bf', '2023-09-20', '11:00:00', 'Я бы хотел, чтобы вы проверили и починили мой топливный насос.', 'e80b8616-ac82-4624-ad49-39340633ad97', '908c7c3c-f71c-4557-8bfe-28e1dac194af', '1'),
	('360c7b75-7c5c-4627-8ad2-4ea8e3639e8d', '2023-04-14', '10:00:00', '', '64112bd3-a1e7-4bbb-8b62-743c8dc0c1ee', '124b47df-04a4-4b2d-a0ec-5a191f60a9db', '1'),
	('d1b1ec4e-841d-4b2b-b941-f802880f279d', '2023-04-01', '19:00:00', '', 'ae19c134-0762-47db-abfe-a47fe77837db', 'fb1deb92-40fe-4acd-aca3-9ce09fa95911', '1'),
	('7e9e0e02-19a7-47e5-ab85-c105fed0b677', '2022-10-31', '17:00:00', 'Я бы хотел, чтобы вы проверили и починили мой кондиционер.', 'eeca761b-2b2c-4b45-b506-66fbb699f6f8', '433a84dd-f834-42d8-9826-0b1977b9abc6', '1'),
	('60e493f3-2c10-487e-9793-f5525ebc60f7', '2023-02-16', '15:00:00', 'Пожалуйста, проверьте и убедитесь, что все детали двигателя находятся в хорошем состоянии.', 'd627a76f-0ef2-4355-a6a0-c9136e84c0c6', 'fb1deb92-40fe-4acd-aca3-9ce09fa95911', '1'),
	('663bb62f-d27f-4199-92a8-cf88b54b0c72', '2023-02-09', '12:00:00', '', '4c6f8767-1537-4256-a924-af78e2c587df', '12845c26-9f30-451c-a413-cd49cb0aac92', '1');

INSERT INTO "service_price" ("id", "price", "is_time_based") VALUES
	('a1bf3211-c6de-48a1-8738-961008ab0ebd', '660', 'true'),
	('858e1c5a-80cb-4ec3-a82f-393efc5421bc', '880', 'true'),
	('d62f02d4-41ec-4f48-8a97-3b99f8dd18d6', '1000', 'true'),
	('24375d6d-9687-4051-9229-acff8f177d3c', '2000', 'true'),
	('e4a09409-3ab6-425f-b06c-0b90690f0793', '2500', 'true'),
	('99568c56-ba84-4e8d-a775-c2466a73afe2', '1800', 'true'),
	('a95a856c-905a-4d8a-a465-bb66c4733871', '3000', 'true'),
	('127fcedf-505a-4208-a1a4-e9c82265aaee', '1800', 'true'),
	('2f528d42-f1f6-4c09-9aa0-56d3568fd958', '400', 'true'),
	('f378b02f-5cbb-4555-a883-836625f5c996', '1200', 'true'),
	('b21e79d2-0f7c-4bc2-9574-07f17d33dfa3', '700', 'true'),
	('9db0b173-b329-4c9d-9750-979aec67b39d', '1000', 'true'),
	('a0a34e9c-af6d-46c8-a010-1180d66a140f', '250', 'true'),
	('f3c29790-606f-4e81-b1ee-61f8281217e4', '600', 'true'),
	('4524aa5d-3e53-4f49-8f81-294b296b206b', '1800', 'true'),
	('df5252b8-5330-4b3a-b063-9793236bfbc6', '1100', 'true'),
	('b790269f-5d28-4bea-a8f6-9833b45d2725', '1300', 'true'),
	('825438ab-7c2e-4904-bba2-7cefdfafcd30', '1700', 'true'),
	('a9b05c91-a666-431d-9fa9-e6b13341e717', '660', 'true'),
	('80a763c1-1fda-40da-bc0f-cd281f2128bb', '660', 'true'),
	('61795a46-758f-4bdd-aaf0-2abb09ba4c18', '1200', 'true'),
	('6d364f0c-eb39-4831-a284-3a501b9b6228', '1500', 'true'),
	('777f70c8-0359-422d-9ee7-36b328e37bcf', '1100', 'true'),
	('66ebf107-c136-49b2-8f23-7d27c96236a7', '1100', 'true'),
	('d91d6f05-1d53-4603-ad1c-b607cd16300d', '1500', 'true'),
	('860275c2-ef48-4069-8ed8-393497468a40', '2000', 'true'),
	('eee4de14-6080-44dc-ae87-8698399d6ed1', '2000', 'true'),
	('68931f7e-f22a-4f24-aeda-9bfb6e6dd75e', '2400', 'true'),
	('caededb9-e5f0-46c1-beb7-f8919999213c', '900', 'true'),
	('eea877ad-f50d-4654-9238-635ffa6e5e76', '1500', 'true'),
	('76c65678-a9c9-4961-93da-3930c2ae28b7', '1500', 'true'),
	('dbade8ad-4489-48b7-9276-04b47d28f637', '900', 'true'),
	('6b6217b2-05fe-4e19-9746-88508efa5460', '2200', 'true'),
	('63cd55b9-0d23-4657-80de-7c090fe0103e', '900', 'true'),
	('6ee43407-6389-4505-853b-a3196d42f898', '900', 'true'),
	('3a202d29-2dfc-441b-b90c-c3b9d2e8fd6e', '900', 'true'),
	('49c4df64-5685-4744-b93c-5a57cd51103d', '2000', 'true'),
	('1af27b06-f25d-4772-9d14-8ac7f758e299', '2000', 'true'),
	('e5f63d22-f4c3-4b8b-9e2f-637df1d3c2b2', '1500', 'true'),
	('5669beb3-29f9-42a4-ba65-12a710404aaa', '2500', 'true'),
	('e92115c1-b343-47cb-83ce-b522a134e420', '1800', 'true'),
	('5912eab8-1dba-47ee-80a3-304a6b19b00c', '800', 'true'),
	('6373e0d6-4c88-4528-836b-552f1a807e46', '1100', 'true'),
	('954dc674-0dd6-438a-9a14-b960891f3326', '1800', 'true'),
	('5508505c-080d-4748-b518-0eab2758967d', '1500', 'true'),
	('e8370b92-6cb2-4d7b-9030-e5f325e0c53f', '2260', 'true'),
	('b5c0c8a5-370d-405e-9388-ecc4d644c106', '1800', 'true'),
	('09e58d45-0160-43dd-bef9-09030cb3671f', '300', 'true'),
	('1621d9fb-0e60-4c0f-9def-27de96516da3', '600', 'true'),
	('6bb02ef5-2466-4d29-9fb5-b9392834b155', '300', 'true'),
	('6679914a-2edf-4ef5-a495-36da14882567', '200', 'true'),
	('20db40e5-e672-4ed5-bbbc-49ef950c34ac', '300', 'true'),
	('19b374a7-3d88-419a-8d29-f5fb2cd6cddf', '1900', 'true'),
	('e5e47f36-d80d-4b7b-8d5b-335ff4edb49a', '1000', 'true'),
	('10bc2a1b-10c4-4f46-8ca4-df8bfb836728', '1900', 'true'),
	('a6e5e842-14b1-450f-8e57-960791fd3c32', '2000', 'true'),
	('779face4-5afb-4214-8963-e5510b74f22b', '2000', 'true'),
	('4115e16d-3a42-473a-ab64-bc56a16d776b', '2000', 'true'),
	('7f99c615-74e3-48b0-808f-9bda91370219', '1100', 'true'),
	('fb540d6a-7e40-4b41-965f-554298f59417', '400', 'true'),
	('d85fb1c7-7655-4e35-92d5-f44e50c4af95', '1100', 'true'),
	('c49c989a-1f11-4af2-8f26-fec440037465', '250', 'true'),
	('03c2b9a5-d671-4b5e-b8cd-c491f8dad9e7', '250', 'true'),
	('5e5e2ebc-855d-4f2f-8555-feb6e4c6961a', '500', 'true'),
	('9d5cdc6c-35d8-4d12-82a3-73a4fb6e535a', '2000', 'true'),
	('8724c6de-ba8b-4905-9903-7b9e9b76beef', '500', 'true');

INSERT INTO "service" ("id", "name", "date_add", "price_id") VALUES
	('94eb8eee-3f89-4f8e-9124-7d2dc4f2b180', 'Замена масла в двигателе', '2023-10-11', 'a1bf3211-c6de-48a1-8738-961008ab0ebd'),
	('2a32d4e1-b2d8-413e-994f-326cde8228d3', 'Замена масла в двигателе с полной промывкой системы', '2023-10-11', '858e1c5a-80cb-4ec3-a82f-393efc5421bc'),
	('469724d5-cea8-4faf-ad45-590ce10700ef', 'Замена опоры двигателя', '2023-10-11', 'd62f02d4-41ec-4f48-8a97-3b99f8dd18d6'),
	('48999bbf-6802-4edd-a687-ee198c473498', 'Замена охлаждающей жидкости', '2023-10-11', '24375d6d-9687-4051-9229-acff8f177d3c'),
	('c5a96436-ba52-4726-84f9-6e9c59ceabfb', 'Замена ремня ГРМ', '2023-10-11', 'e4a09409-3ab6-425f-b06c-0b90690f0793'),
	('e025bd1c-f56e-4f18-b1ba-fe6bf6551f9c', 'Замена ремня навесного оборудования', '2023-10-11', '99568c56-ba84-4e8d-a775-c2466a73afe2'),
	('60b31f1d-2a9f-4baf-9123-78a53540c407', 'Промывка топлевных форсунок', '2023-10-11', 'a95a856c-905a-4d8a-a465-bb66c4733871'),
	('40b1c074-326e-4860-80e9-af8c478952b7', 'Чистка дросельных заслоннок', '2023-10-11', '127fcedf-505a-4208-a1a4-e9c82265aaee'),
	('1549b3b7-5cbc-464d-a9f7-2a0933462eca', 'Замена топливного фильтра', '2023-10-11', '2f528d42-f1f6-4c09-9aa0-56d3568fd958'),
	('392d9062-2803-40e8-9460-9e45508ad6ee', 'Промыка топлевной системы', '2023-10-11', 'f378b02f-5cbb-4555-a883-836625f5c996'),
	('75f5e968-ef05-4ecc-a124-250e755a4385', 'Проверка и замена АКБ', '2023-10-11', 'b21e79d2-0f7c-4bc2-9574-07f17d33dfa3'),
	('cd386c79-0d47-4f76-9170-b0fe9f2aec11', 'Зарядка АКБ', '2023-10-11', '9db0b173-b329-4c9d-9750-979aec67b39d'),
	('e96f3ab9-4bb5-4714-aa51-9e2eadc42510', 'Проверка АКБ', '2023-10-11', 'a0a34e9c-af6d-46c8-a010-1180d66a140f'),
	('69a0c04b-4ab9-46b7-809c-59a6f9ef8e2f', 'Проверка генератора ', '2023-10-11', 'f3c29790-606f-4e81-b1ee-61f8281217e4'),
	('3f25e9a7-640b-4aa9-9cb4-03b15494ef11', 'Замена генератора', '2023-10-11', '4524aa5d-3e53-4f49-8f81-294b296b206b'),
	('cf53f2eb-0b72-4722-84bf-cc9402346b03', 'Замена задней части глушителя', '2023-10-11', 'df5252b8-5330-4b3a-b063-9793236bfbc6'),
	('98cbfb4b-eea6-4c86-b1ed-c1179d9f4d4e', 'Замена средней части глушителя', '2023-10-11', 'b790269f-5d28-4bea-a8f6-9833b45d2725'),
	('841edb67-3d1d-4697-9891-b2c932ca0d5f', 'Замена катализатора', '2023-10-11', '825438ab-7c2e-4904-bba2-7cefdfafcd30'),
	('113b2050-615c-4b03-96a5-783852f8a347', 'Диагностика подвески на подъемнике', '2023-10-11', 'a9b05c91-a666-431d-9fa9-e6b13341e717'),
	('292ac526-92df-439e-a0d8-9893127cf6b9', 'Диагностика подвески на вибростенде', '2023-10-11', '80a763c1-1fda-40da-bc0f-cd281f2128bb'),
	('2d74ac18-c7d1-464c-963d-62c5393cb7f7', 'Диагностика тормозной системы на стенде', '2023-10-11', '61795a46-758f-4bdd-aaf0-2abb09ba4c18'),
	('1e570dfc-7d2a-44bf-9755-a6e13b01c48c', 'Проверка углов уставки колес на стенде', '2023-10-11', '6d364f0c-eb39-4831-a284-3a501b9b6228'),
	('1c432216-44e1-44fd-b067-dcba1f58870b', 'Сканирование электронных систем', '2023-10-11', '777f70c8-0359-422d-9ee7-36b328e37bcf'),
	('6d577b1d-11f9-4180-b972-7620ade8eefb', 'Диагностика топлевной системы', '2023-10-11', '66ebf107-c136-49b2-8f23-7d27c96236a7'),
	('8c946a02-466a-4afb-b8ca-4238382fc37e', 'Замена передних тормозных колодок', '2023-10-11', 'd91d6f05-1d53-4603-ad1c-b607cd16300d'),
	('6c767349-a5b7-4dd2-b9c7-8525346a3c88', 'Замена задних тормозных колодок', '2023-10-11', '860275c2-ef48-4069-8ed8-393497468a40'),
	('e5ed39b0-0825-4ad1-986e-0d5b92576a40', 'Замена передних тормозных дисков', '2023-10-11', 'eee4de14-6080-44dc-ae87-8698399d6ed1'),
	('f0757b4d-6aee-4705-a575-19ec89c2849b', 'Замена задних тормозных дисков', '2023-10-11', '68931f7e-f22a-4f24-aeda-9bfb6e6dd75e'),
	('2405dbbc-5044-4351-96b7-3a673c83a341', 'Регулировка стояночного тормоза', '2023-10-11', 'caededb9-e5f0-46c1-beb7-f8919999213c'),
	('0a21c6c7-bdb2-49a3-a748-eacad17f6f69', 'Замена тормозной жидкости', '2023-10-11', 'eea877ad-f50d-4654-9238-635ffa6e5e76'),
	('2c8e295e-7a8c-426e-afd6-b217610fae16', 'Обслуживание тормозных механизмов', '2023-10-11', '76c65678-a9c9-4961-93da-3930c2ae28b7'),
	('bfa36390-df38-4500-ae2e-edee2179398b', 'Замена масла МКПП', '2023-10-11', 'dbade8ad-4489-48b7-9276-04b47d28f637'),
	('67c17539-8dd5-403d-b03a-7d95eb128eb2', 'Замена масла АКПП', '2023-10-11', '6b6217b2-05fe-4e19-9746-88508efa5460'),
	('adcd25d4-7233-4ca4-b5ab-fd3c2dbe4f59', 'Замена масла раздаточной коробки', '2023-10-11', '63cd55b9-0d23-4657-80de-7c090fe0103e'),
	('eebfbd78-5732-4950-afef-3be4773ba49a', 'Замена масла редуктора заднего моста', '2023-10-11', '6ee43407-6389-4505-853b-a3196d42f898'),
	('ed2a417d-3ed8-4f5c-9940-f44c3f3544a0', 'Обслуживание карданного вала', '2023-10-11', '3a202d29-2dfc-441b-b90c-c3b9d2e8fd6e'),
	('3e5d6881-5731-4e8b-9aae-ff17c54c85c5', 'Замена рычага передней подвески', '2023-10-11', '49c4df64-5685-4744-b93c-5a57cd51103d'),
	('a74fc8c8-ed74-42db-949a-8c15a045f3b7', 'Замена рычага задней подвески', '2023-10-11', '1af27b06-f25d-4772-9d14-8ac7f758e299'),
	('1bb27007-5ff3-4177-b146-9fb7f9e0eb97', 'Замена шаровой опоры', '2023-10-11', 'e5f63d22-f4c3-4b8b-9e2f-637df1d3c2b2'),
	('b2b86a36-8e11-4571-a42e-6486fdbb4ee7', 'Замена сайлентблока рычага', '2023-10-11', '5669beb3-29f9-42a4-ba65-12a710404aaa'),
	('7bc57542-2dea-44c2-800b-ce1975fc8bdb', 'Замена армотизатора', '2023-10-11', 'e92115c1-b343-47cb-83ce-b522a134e420'),
	('6090f73c-be89-4abe-a86e-23f88e2915dc', 'Замена стойки стабилизатора', '2023-10-11', '5912eab8-1dba-47ee-80a3-304a6b19b00c'),
	('277de502-e3ac-43df-97f0-9a47fa741fea', 'Замена рулевого наконечника', '2023-10-11', '6373e0d6-4c88-4528-836b-552f1a807e46'),
	('c1a14c13-7292-45bc-bdd0-ae77508443ff', 'Замена рулевой тяги', '2023-10-11', '954dc674-0dd6-438a-9a14-b960891f3326'),
	('6b2ed8a2-7186-4c0f-84c2-01c475acc220', 'Замена пыльника рулевой рейки', '2023-10-11', '5508505c-080d-4748-b518-0eab2758967d'),
	('c9beebe9-8996-4578-9cf7-8cf125b4b173', 'Проверка и регулировка углов установки колес', '2023-10-11', 'e8370b92-6cb2-4d7b-9030-e5f325e0c53f'),
	('6d6c5ed1-e0e1-49b3-9767-be2d06f403e4', 'Шиномонтаж - комплекс (с/у+баланс+мойка) 4-х колёс', '2023-10-11', 'b5c0c8a5-370d-405e-9388-ecc4d644c106'),
	('6fc1498e-141c-4fc6-89bf-8f5fc166d322', 'Замена лампы наружного освещения', '2023-10-11', '09e58d45-0160-43dd-bef9-09030cb3671f'),
	('ccc10cb4-d136-4d0f-848c-19702972d6c8', 'Проверка и регулирование света фар', '2023-10-11', '1621d9fb-0e60-4c0f-9def-27de96516da3'),
	('6bf635c0-7c6b-4787-88d6-28c844563c96', 'Проверка и замена лампы освешения салона', '2023-10-11', '6bb02ef5-2466-4d29-9fb5-b9392834b155'),
	('d11c447e-fbcd-4ad7-906d-b64cd75887e4', 'Проверка и замена лампы подсветки номерного знака', '2023-10-11', '6679914a-2edf-4ef5-a495-36da14882567'),
	('6082e4c4-6135-4ba5-bbb5-5f477967e4a5', 'Замена лампы стоп сигнала', '2023-10-11', '20db40e5-e672-4ed5-bbbc-49ef950c34ac'),
	('ce17b66a-eac0-480c-983b-90207a131003', 'Стекло ветровое замена', '2023-10-11', '19b374a7-3d88-419a-8d29-f5fb2cd6cddf'),
	('0075c6cd-0f4e-48b4-91b9-ffb26c6f824b', 'Стекло боковое замена', '2023-10-11', 'e5e47f36-d80d-4b7b-8d5b-335ff4edb49a'),
	('45194bdd-af73-4a04-951b-ed9582f469fd', 'Стекло заднее замена', '2023-10-11', '10bc2a1b-10c4-4f46-8ca4-df8bfb836728'),
	('f6bdd407-fc03-46b2-85b9-0129168b7795', 'Нанесение гидрофобного покрытия на стекла', '2023-10-11', 'a6e5e842-14b1-450f-8e57-960791fd3c32'),
	('2b0c489d-a801-4d76-801f-1ffbdcebb8bc', 'Дезинфекция системы кондиционирования', '2023-10-11', '779face4-5afb-4214-8963-e5510b74f22b'),
	('b4f5caaa-a580-419f-93fb-ad8ec680359c', 'Заправка системы кондиционирования', '2023-10-11', '4115e16d-3a42-473a-ab64-bc56a16d776b'),
	('525e715b-2d7c-48c1-8ceb-3c02d999c1a8', 'Диогностика системы кондиционирования', '2023-10-11', '7f99c615-74e3-48b0-808f-9bda91370219'),
	('6cd0d978-bed6-4616-8faf-1d9990f09d6d', 'Замена салонного фильтра', '2023-10-11', 'fb540d6a-7e40-4b41-965f-554298f59417'),
	('c0eebf97-a3cc-41e6-b2f9-8315595f4ac1', 'Диогностика системы отопления', '2023-10-11', 'd85fb1c7-7655-4e35-92d5-f44e50c4af95'),
	('bb03b88e-bcc9-430a-a28e-c03ce8afa68f', 'Замена щеток стеклоочистителя', '2023-10-11', 'c49c989a-1f11-4af2-8f26-fec440037465'),
	('0314b33a-e5c8-413e-88d3-6b6b99086993', 'Регулировка форсунок омывателя', '2023-10-11', '03c2b9a5-d671-4b5e-b8cd-c491f8dad9e7'),
	('d1364dba-9ef1-4a64-89b4-d87290926498', 'Замена насоса омывающей жидкости', '2023-10-11', '5e5e2ebc-855d-4f2f-8555-feb6e4c6961a'),
	('1fd7a2c1-43e3-4ad2-b9e8-4fbf39e33714', 'Замена механизма стеклоочистителя', '2023-10-11', '9d5cdc6c-35d8-4d12-82a3-73a4fb6e535a'),
	('a38774fb-2868-4ce6-9913-367deded1b6f', 'Замена форсунок омывателя', '2023-10-11', '8724c6de-ba8b-4905-9903-7b9e9b76beef');

INSERT INTO "list_services" ("id", "order_id", "service_id", "time", "price_id") VALUES
	('6aa47c2b-c1ce-49ea-856d-09cdf0325d6a', '4ffbd619-0779-4008-a9c2-630a0c66e599', '2d74ac18-c7d1-464c-963d-62c5393cb7f7', '1.0', '61795a46-758f-4bdd-aaf0-2abb09ba4c18'),
	('e98820de-b278-4e00-a7d5-8b03b7caa7ae', '4e5278c1-3f5b-4166-983c-975514e7db05', 'c5a96436-ba52-4726-84f9-6e9c59ceabfb', '0.3', 'e4a09409-3ab6-425f-b06c-0b90690f0793'),
	('188af35a-d730-4f5f-8c68-fb79a891371d', '945b3bb5-f6c0-4828-a667-757c3f61a53a', '67c17539-8dd5-403d-b03a-7d95eb128eb2', '0.8', '6b6217b2-05fe-4e19-9746-88508efa5460'),
	('3563f5f5-37b7-4111-9386-6c44f95c6c1a', '363a1a75-5c40-4553-a217-dc11b21cedb4', '94eb8eee-3f89-4f8e-9124-7d2dc4f2b180', '0.5', 'a1bf3211-c6de-48a1-8738-961008ab0ebd'),
	('e3519f48-c15d-4291-99db-5161cd9cf179', 'a4b903ca-a684-435d-914a-8596fdfb6b29', 'bfa36390-df38-4500-ae2e-edee2179398b', '1.3', 'dbade8ad-4489-48b7-9276-04b47d28f637'),
	('a79513ed-fbf2-4f12-a632-881bd801f43c', '46f09b38-ed30-4ac3-a36a-7ecda07175cd', '0075c6cd-0f4e-48b4-91b9-ffb26c6f824b', '0.3', 'e5e47f36-d80d-4b7b-8d5b-335ff4edb49a'),
	('fba1886f-8e99-4924-8a43-f6ac6de33366', '298104e3-a165-4110-8fa5-773453a7caba', '60b31f1d-2a9f-4baf-9123-78a53540c407', '1.0', 'a95a856c-905a-4d8a-a465-bb66c4733871'),
	('80229def-824a-44e5-843b-7d276297f6a3', '05f2d46b-11cb-4584-b049-b65ba5dfc789', 'adcd25d4-7233-4ca4-b5ab-fd3c2dbe4f59', '1.6', '63cd55b9-0d23-4657-80de-7c090fe0103e'),
	('36ffe27c-afec-411a-a9fa-8b12440656e5', '720306e6-09e0-41e0-b5ad-f1669c939d95', '60b31f1d-2a9f-4baf-9123-78a53540c407', '0.7', 'a95a856c-905a-4d8a-a465-bb66c4733871'),
	('e81afd7a-41e8-4921-ad18-b1b79341b7a7', '5cfbfb79-2c40-4973-b310-30bdb327df7a', 'a74fc8c8-ed74-42db-949a-8c15a045f3b7', '1.1', '1af27b06-f25d-4772-9d14-8ac7f758e299'),
	('e9addf04-6e5e-439c-b41d-67b7335357a7', 'd34e030b-fd45-4af9-b403-3e8ffa5b097f', '45194bdd-af73-4a04-951b-ed9582f469fd', '0.2', '10bc2a1b-10c4-4f46-8ca4-df8bfb836728'),
	('98d8a1a5-5c55-4a7b-8ed0-242e711bb38c', 'b2bfd017-c318-471c-af75-d3d0a557f4e8', '2d74ac18-c7d1-464c-963d-62c5393cb7f7', '0.6', '61795a46-758f-4bdd-aaf0-2abb09ba4c18'),
	('29849568-4ec8-440b-81f7-19ba6ef3cbb6', '4db002d0-87a6-4153-9942-032928f78319', 'c5a96436-ba52-4726-84f9-6e9c59ceabfb', '1.1', 'e4a09409-3ab6-425f-b06c-0b90690f0793'),
	('e0081567-65d4-4cf6-bd22-d7acea3f5b45', 'be1080cd-3db4-45b1-affa-570b08fccf14', '2a32d4e1-b2d8-413e-994f-326cde8228d3', '1.2', '858e1c5a-80cb-4ec3-a82f-393efc5421bc'),
	('70435a05-1493-4855-ba11-8587f81d003d', '8e7734e5-9a81-4f74-b53a-f18b6e56ad27', '0314b33a-e5c8-413e-88d3-6b6b99086993', '1.4', '03c2b9a5-d671-4b5e-b8cd-c491f8dad9e7'),
	('455ae622-f27e-4e89-a33d-c92a9bd4ba41', '49de2b03-f97f-4eb3-af3e-da8dd4c907b6', 'e5ed39b0-0825-4ad1-986e-0d5b92576a40', '0.5', 'eee4de14-6080-44dc-ae87-8698399d6ed1'),
	('5320cb51-7656-40c7-91b2-719e4b033f64', '8dee759b-fc2e-4d25-b91c-249ffc971266', '6b2ed8a2-7186-4c0f-84c2-01c475acc220', '0.9', '5508505c-080d-4748-b518-0eab2758967d'),
	('813aaad8-6e4c-4877-ae2c-2a23df5921dd', '4b122ad5-d313-402b-922e-f2ba85e56260', 'a38774fb-2868-4ce6-9913-367deded1b6f', '1.2', '8724c6de-ba8b-4905-9903-7b9e9b76beef'),
	('5e0cb2ca-caf1-4394-9221-33cb5c34aae4', '8e7734e5-9a81-4f74-b53a-f18b6e56ad27', 'bb03b88e-bcc9-430a-a28e-c03ce8afa68f', '1.6', 'c49c989a-1f11-4af2-8f26-fec440037465'),
	('5272ff26-cc79-4ea6-a036-3c2e10ca2f5b', '4d782477-0e27-4aab-915f-8f0ea43b5331', '48999bbf-6802-4edd-a687-ee198c473498', '0.6', '24375d6d-9687-4051-9229-acff8f177d3c'),
	('515716f8-e749-4538-a56a-18328a3b5bc9', '67ac6d10-5844-4799-a455-f3072942ac03', '2b0c489d-a801-4d76-801f-1ffbdcebb8bc', '1.0', '779face4-5afb-4214-8963-e5510b74f22b'),
	('cc686a04-6280-4078-bc3f-067141d77e9c', 'ad2f6245-4983-46c0-a501-b8c30972abe9', '98cbfb4b-eea6-4c86-b1ed-c1179d9f4d4e', '0.9', 'b790269f-5d28-4bea-a8f6-9833b45d2725'),
	('43b6a3e3-43bf-404b-bfdb-a49a7fedce11', '21e09bcb-888e-4081-b2b7-1c8d778b831d', '113b2050-615c-4b03-96a5-783852f8a347', '1.5', 'a9b05c91-a666-431d-9fa9-e6b13341e717'),
	('00c3a9a1-d76b-4cb5-89e6-75f6ec8305fb', '1ece88ae-ecc5-40e2-98fe-b61763e91462', '75f5e968-ef05-4ecc-a124-250e755a4385', '0.4', 'b21e79d2-0f7c-4bc2-9574-07f17d33dfa3'),
	('ddd88b79-f690-4e2e-9462-f16b5324c199', 'f786770c-4728-4045-b740-b77eda20197d', 'c5a96436-ba52-4726-84f9-6e9c59ceabfb', '0.5', 'e4a09409-3ab6-425f-b06c-0b90690f0793'),
	('ffbdb5eb-9f13-4e87-8307-edcab83a754a', '6ac16015-e948-4117-be69-cd4f708b93ec', '6d6c5ed1-e0e1-49b3-9767-be2d06f403e4', '0.8', 'b5c0c8a5-370d-405e-9388-ecc4d644c106'),
	('501463c2-2bdd-4a17-92e7-d90863cc9769', '13587ef5-1a20-496b-adf5-3186f0b6b79d', '2d74ac18-c7d1-464c-963d-62c5393cb7f7', '1.6', '61795a46-758f-4bdd-aaf0-2abb09ba4c18'),
	('e3f34397-15c6-4f11-a28f-6a0320161918', 'a9e5891a-694b-49c1-9f1f-be73d4d3a2d4', 'e025bd1c-f56e-4f18-b1ba-fe6bf6551f9c', '0.9', '99568c56-ba84-4e8d-a775-c2466a73afe2'),
	('c077d824-adce-4556-9512-8a38c70dbdbc', 'b9154842-cba8-404a-8e4e-431fa671e9c8', 'e5ed39b0-0825-4ad1-986e-0d5b92576a40', '1.5', 'eee4de14-6080-44dc-ae87-8698399d6ed1'),
	('4c2d5029-3867-48f5-97ec-e307e75041de', '45409141-c8e7-4177-9575-101b3676bc9f', '7bc57542-2dea-44c2-800b-ce1975fc8bdb', '0.6', 'e92115c1-b343-47cb-83ce-b522a134e420'),
	('726f0fc8-1fe9-44b6-a3e2-4e3886a33e0d', '7850e984-2050-4968-a97a-d60874ab0f1d', '0314b33a-e5c8-413e-88d3-6b6b99086993', '0.6', '03c2b9a5-d671-4b5e-b8cd-c491f8dad9e7'),
	('0a2af35a-f734-4b47-80b4-836b821ecd5d', '98c7526c-96ba-4030-9fde-305fc7b64e20', '6090f73c-be89-4abe-a86e-23f88e2915dc', '1.0', '5912eab8-1dba-47ee-80a3-304a6b19b00c'),
	('6fa738ef-c498-4e02-b691-dd88e844ffb4', '4f56ee47-a43d-4bfe-ae5d-8b0f9539b6c1', '2405dbbc-5044-4351-96b7-3a673c83a341', '1.2', 'caededb9-e5f0-46c1-beb7-f8919999213c'),
	('485d8f60-4282-49cd-a17c-81be6ca2bbb4', '360c7b75-7c5c-4627-8ad2-4ea8e3639e8d', 'e5ed39b0-0825-4ad1-986e-0d5b92576a40', '1.0', 'eee4de14-6080-44dc-ae87-8698399d6ed1'),
	('49b306c3-9b44-463b-9135-a3982bd0117d', 'd28c294a-86a6-4cf1-9d1b-f5f50ad7a8cb', 'ed2a417d-3ed8-4f5c-9940-f44c3f3544a0', '0.8', '3a202d29-2dfc-441b-b90c-c3b9d2e8fd6e'),
	('1be3c3e6-842f-4458-81d1-f800756ffe41', '3e9d5a69-23d2-4770-a080-0b7590ef5c04', '6c767349-a5b7-4dd2-b9c7-8525346a3c88', '0.4', '860275c2-ef48-4069-8ed8-393497468a40'),
	('9a12efb3-b231-433f-9564-ede674254759', 'a5172181-2dff-4e72-8c4b-ff0358bf3496', '6082e4c4-6135-4ba5-bbb5-5f477967e4a5', '1.1', '20db40e5-e672-4ed5-bbbc-49ef950c34ac'),
	('d18f3be6-6682-4ea8-9d65-224618a5750e', 'a463c893-e613-4812-9093-23d81b8dee86', '292ac526-92df-439e-a0d8-9893127cf6b9', '0.4', '80a763c1-1fda-40da-bc0f-cd281f2128bb'),
	('8cd1d0a5-5771-4f91-8f56-5c4d8ca588d6', 'e11e9718-3d3a-41f9-a13a-66c2a03c9280', 'f6bdd407-fc03-46b2-85b9-0129168b7795', '0.9', 'a6e5e842-14b1-450f-8e57-960791fd3c32'),
	('0290f623-4f51-4b83-9f46-91e469ebb5bd', '1788415a-37c2-4849-b35f-7c6747728680', '6cd0d978-bed6-4616-8faf-1d9990f09d6d', '0.7', 'fb540d6a-7e40-4b41-965f-554298f59417'),
	('75b26214-496f-4185-837a-bd61ef9d937f', '4ffbd619-0779-4008-a9c2-630a0c66e599', '1e570dfc-7d2a-44bf-9755-a6e13b01c48c', '0.4', '6d364f0c-eb39-4831-a284-3a501b9b6228'),
	('0db53068-a48c-49dc-9a63-f6f10d173070', '3e9d5a69-23d2-4770-a080-0b7590ef5c04', '40b1c074-326e-4860-80e9-af8c478952b7', '0.9', '127fcedf-505a-4208-a1a4-e9c82265aaee'),
	('a81a073c-7477-40f4-8405-6b30787161d8', '4f799bdc-12a5-4713-b3a5-1daff47dce15', 'c5a96436-ba52-4726-84f9-6e9c59ceabfb', '0.6', 'e4a09409-3ab6-425f-b06c-0b90690f0793'),
	('cab316bf-9ee6-454f-acfa-aea8e0341be1', '7e4845e9-13d8-4a27-90a2-1dd0c9016351', 'b2b86a36-8e11-4571-a42e-6486fdbb4ee7', '1.5', '5669beb3-29f9-42a4-ba65-12a710404aaa'),
	('1cf44dd8-9e82-4112-a903-51a278e06d9a', 'ee4946d5-9f98-4a77-82bd-469651b73d1f', 'ed2a417d-3ed8-4f5c-9940-f44c3f3544a0', '1.0', '3a202d29-2dfc-441b-b90c-c3b9d2e8fd6e'),
	('fcddfe06-bf79-4c92-bc96-471c7eee2e63', 'eff85c0f-809e-40c5-954a-ff5767029830', '0075c6cd-0f4e-48b4-91b9-ffb26c6f824b', '1.5', 'e5e47f36-d80d-4b7b-8d5b-335ff4edb49a'),
	('2241c060-2632-4e01-933a-edcfc21c9b61', '1847fe52-ee00-45b1-8949-c2e882a40e9b', '98cbfb4b-eea6-4c86-b1ed-c1179d9f4d4e', '1.2', 'b790269f-5d28-4bea-a8f6-9833b45d2725'),
	('caa9c0f9-0494-420e-89be-d4d8727c0150', 'd40a6d10-8c38-4843-a232-d8ec1727fad4', '1fd7a2c1-43e3-4ad2-b9e8-4fbf39e33714', '0.8', '9d5cdc6c-35d8-4d12-82a3-73a4fb6e535a'),
	('5c6e8677-ca9b-4b24-bad8-394c0739c741', '9d5fbb3a-b0a6-4849-88c0-f70c61462993', '113b2050-615c-4b03-96a5-783852f8a347', '1.2', 'a9b05c91-a666-431d-9fa9-e6b13341e717'),
	('c9d11e04-729a-49ad-bdd5-5926d7941780', '7862a209-8061-4b18-adea-717c3142284e', 'ed2a417d-3ed8-4f5c-9940-f44c3f3544a0', '1.6', '3a202d29-2dfc-441b-b90c-c3b9d2e8fd6e'),
	('7e46c40e-6b76-44de-afb4-5fccb63b6899', 'c52591b0-6505-4fb1-8843-35191a39f536', '67c17539-8dd5-403d-b03a-7d95eb128eb2', '0.9', '6b6217b2-05fe-4e19-9746-88508efa5460'),
	('6d505c25-f2b1-4546-8f84-1bd5276ac160', '405af0dd-014e-4e91-8ad6-f00c6aaa7824', 'b4f5caaa-a580-419f-93fb-ad8ec680359c', '1.6', '4115e16d-3a42-473a-ab64-bc56a16d776b'),
	('2451ec88-b7da-47d6-b7bd-e4bacf9fa468', 'ea773468-beb0-4f31-a8ba-2e562fb3cbbc', '6b2ed8a2-7186-4c0f-84c2-01c475acc220', '0.5', '5508505c-080d-4748-b518-0eab2758967d'),
	('fe3d4dcd-1c79-43a0-ab04-43685b41b733', 'f95f0cae-cea0-4eff-aa68-fd9258124eb9', '6d577b1d-11f9-4180-b972-7620ade8eefb', '0.8', '66ebf107-c136-49b2-8f23-7d27c96236a7'),
	('6e14e731-58dc-49cc-b94c-f915cd8459b0', '2dc28ee4-970d-41f4-a4b2-9d6bf123bdc8', 'b4f5caaa-a580-419f-93fb-ad8ec680359c', '0.8', '4115e16d-3a42-473a-ab64-bc56a16d776b'),
	('57d331da-7666-455f-bc81-96a59cc22259', '42c95009-abe7-47bd-80ec-f2f31a2156d1', '67c17539-8dd5-403d-b03a-7d95eb128eb2', '1.0', '6b6217b2-05fe-4e19-9746-88508efa5460'),
	('a0135f51-14c4-46c5-bb01-9c750ceb6706', 'de51aeff-6898-4739-9c24-9706eb6847fa', '3f25e9a7-640b-4aa9-9cb4-03b15494ef11', '1.5', '4524aa5d-3e53-4f49-8f81-294b296b206b'),
	('7b56b2d3-65b3-4edf-a47c-a117380f83d5', 'a75206e5-8c9d-4d66-bc79-d27f5b39324e', '1bb27007-5ff3-4177-b146-9fb7f9e0eb97', '0.6', 'e5f63d22-f4c3-4b8b-9e2f-637df1d3c2b2'),
	('5e0f2964-41cc-49f4-bde5-fb58e716e5dc', '2733ccb4-f9af-40b0-99ab-f09135a0f8ba', '2a32d4e1-b2d8-413e-994f-326cde8228d3', '1.5', '858e1c5a-80cb-4ec3-a82f-393efc5421bc'),
	('eadd6c0b-a022-4b4f-b32e-16b69c51fc24', 'f5e5ccbc-5d3c-4765-9a2b-fea8e1cbfee7', '2d74ac18-c7d1-464c-963d-62c5393cb7f7', '0.9', '61795a46-758f-4bdd-aaf0-2abb09ba4c18'),
	('b125e5ee-6ad0-4fb7-9052-707d57c1c373', '405af0dd-014e-4e91-8ad6-f00c6aaa7824', 'a38774fb-2868-4ce6-9913-367deded1b6f', '0.7', '8724c6de-ba8b-4905-9903-7b9e9b76beef'),
	('8527bef6-6bd5-4be0-85f8-a28e2d5f20b9', '360c7b75-7c5c-4627-8ad2-4ea8e3639e8d', '6090f73c-be89-4abe-a86e-23f88e2915dc', '0.9', '5912eab8-1dba-47ee-80a3-304a6b19b00c'),
	('00255c9b-abc7-4cc0-9576-657e5312e80d', 'b92470ae-de44-4265-aba6-22f7eff1ed5b', '1c432216-44e1-44fd-b067-dcba1f58870b', '1.1', '777f70c8-0359-422d-9ee7-36b328e37bcf'),
	('dc7073c4-1131-4960-ab9e-4449c4627ca5', '727b7cc2-8f26-482f-b16d-ad915f2f6a0e', '1549b3b7-5cbc-464d-a9f7-2a0933462eca', '1.8', '2f528d42-f1f6-4c09-9aa0-56d3568fd958'),
	('db6ca6c8-56cd-430b-9cef-93f202b942b1', 'af5e73c0-f9e3-43ad-84e2-025163a7748c', 'f6bdd407-fc03-46b2-85b9-0129168b7795', '0.3', 'a6e5e842-14b1-450f-8e57-960791fd3c32'),
	('3cc3cc01-8829-4c42-9ed6-502965deae5d', '69522b99-403f-415c-a456-8d64728a1a57', '6d6c5ed1-e0e1-49b3-9767-be2d06f403e4', '1.6', 'b5c0c8a5-370d-405e-9388-ecc4d644c106'),
	('2002e33e-dfb8-4feb-91b3-c4cdba590fb4', 'd28c294a-86a6-4cf1-9d1b-f5f50ad7a8cb', '525e715b-2d7c-48c1-8ceb-3c02d999c1a8', '0.8', '7f99c615-74e3-48b0-808f-9bda91370219'),
	('d2906546-37c5-4b31-8fc9-e05314f7897d', '69522b99-403f-415c-a456-8d64728a1a57', '6d6c5ed1-e0e1-49b3-9767-be2d06f403e4', '0.6', 'b5c0c8a5-370d-405e-9388-ecc4d644c106'),
	('19a2b26a-e154-4da1-885b-835ee9270323', '68fec44f-69b6-48d4-ae03-1fa4dfcda250', 'eebfbd78-5732-4950-afef-3be4773ba49a', '1.1', '6ee43407-6389-4505-853b-a3196d42f898'),
	('95c21516-a85d-4512-b201-8a5f19dafa91', '05f2d46b-11cb-4584-b049-b65ba5dfc789', 'c0eebf97-a3cc-41e6-b2f9-8315595f4ac1', '0.8', 'd85fb1c7-7655-4e35-92d5-f44e50c4af95'),
	('7f19c13e-39f3-4fb6-8ceb-df589bdd6c0a', '5cf11f35-192e-4b93-8ac7-e5ce882eedc3', 'e025bd1c-f56e-4f18-b1ba-fe6bf6551f9c', '0.2', '99568c56-ba84-4e8d-a775-c2466a73afe2'),
	('9b95cc62-84c6-4d08-93ad-de2e4c46869a', '60e493f3-2c10-487e-9793-f5525ebc60f7', 'd1364dba-9ef1-4a64-89b4-d87290926498', '0.6', '5e5e2ebc-855d-4f2f-8555-feb6e4c6961a'),
	('ff93ae8b-53fd-4743-80e2-ad692f6f6bb4', '45409141-c8e7-4177-9575-101b3676bc9f', '75f5e968-ef05-4ecc-a124-250e755a4385', '0.7', 'b21e79d2-0f7c-4bc2-9574-07f17d33dfa3'),
	('fb7c233d-14b9-46eb-9917-752e3bb85621', '13587ef5-1a20-496b-adf5-3186f0b6b79d', 'c5a96436-ba52-4726-84f9-6e9c59ceabfb', '1.6', 'e4a09409-3ab6-425f-b06c-0b90690f0793'),
	('7ac725d1-55a3-4414-b3ac-a3f8871439b8', '96cf4f55-0957-4a14-b679-9fbff6f9c3bc', 'c5a96436-ba52-4726-84f9-6e9c59ceabfb', '1.8', 'e4a09409-3ab6-425f-b06c-0b90690f0793'),
	('007d11c9-e781-49ab-bd5d-e3bff8b44921', '7aa80c55-e21b-4333-a674-bc2af2402cd3', 'eebfbd78-5732-4950-afef-3be4773ba49a', '0.4', '6ee43407-6389-4505-853b-a3196d42f898'),
	('82169d14-7dd5-4c10-b08a-e39efb5c2b04', 'be1080cd-3db4-45b1-affa-570b08fccf14', 'c0eebf97-a3cc-41e6-b2f9-8315595f4ac1', '1.3', 'd85fb1c7-7655-4e35-92d5-f44e50c4af95'),
	('7c681ed3-3986-4df2-9f9a-79af9de50dba', '2107d3ad-726d-4e1a-9196-ee8a0f62975a', '60b31f1d-2a9f-4baf-9123-78a53540c407', '1.1', 'a95a856c-905a-4d8a-a465-bb66c4733871'),
	('6d1a0de3-f4bd-4f8f-bcba-e6bc8ad83435', '663bb62f-d27f-4199-92a8-cf88b54b0c72', '0075c6cd-0f4e-48b4-91b9-ffb26c6f824b', '0.8', 'e5e47f36-d80d-4b7b-8d5b-335ff4edb49a'),
	('7a965ad4-0a6d-44e2-a6ce-aeba419dc631', '7850e984-2050-4968-a97a-d60874ab0f1d', '3e5d6881-5731-4e8b-9aae-ff17c54c85c5', '1.5', '49c4df64-5685-4744-b93c-5a57cd51103d'),
	('b115f93a-1011-417e-9339-e55424329e2d', 'c64072e3-7dea-4060-a6d7-a8cd9b262df4', '6082e4c4-6135-4ba5-bbb5-5f477967e4a5', '1.2', '20db40e5-e672-4ed5-bbbc-49ef950c34ac'),
	('f572c37a-eebf-4840-afc0-4c717f527eb4', '00ca33ee-f9cd-4be2-8584-3831bab5e945', 'b2b86a36-8e11-4571-a42e-6486fdbb4ee7', '0.9', '5669beb3-29f9-42a4-ba65-12a710404aaa'),
	('3ac42448-d521-4a1b-a160-af090aeed3df', '95d784d2-24c5-4f1c-bd93-81171d7dfff3', 'b4f5caaa-a580-419f-93fb-ad8ec680359c', '0.4', '4115e16d-3a42-473a-ab64-bc56a16d776b'),
	('bc60c601-5843-4bdd-ba9d-0535f6efe6d6', '7d05a382-0983-43fc-8e09-e9be3b9aa466', '67c17539-8dd5-403d-b03a-7d95eb128eb2', '1.2', '6b6217b2-05fe-4e19-9746-88508efa5460'),
	('b9cca7eb-b21e-489a-b614-d704253c97a5', '50275096-6861-438b-b24f-8e5b203db26a', '469724d5-cea8-4faf-ad45-590ce10700ef', '0.5', 'd62f02d4-41ec-4f48-8a97-3b99f8dd18d6'),
	('47c6096f-2ce1-4b91-9c6b-822a058a414b', 'ac3adfc6-a70a-4ad1-a6a4-dba8c8aec1cb', '60b31f1d-2a9f-4baf-9123-78a53540c407', '1.5', 'a95a856c-905a-4d8a-a465-bb66c4733871'),
	('6991db17-db2b-4032-96b9-2b99ecb8c0bf', '96cf4f55-0957-4a14-b679-9fbff6f9c3bc', '40b1c074-326e-4860-80e9-af8c478952b7', '1.5', '127fcedf-505a-4208-a1a4-e9c82265aaee'),
	('ddd7370a-f74a-4929-a7f0-46fe4c718f62', '83d4af80-cd1e-43b3-9c9e-f58f18366f72', '1c432216-44e1-44fd-b067-dcba1f58870b', '0.8', '777f70c8-0359-422d-9ee7-36b328e37bcf'),
	('8cf34200-82dd-4c34-a53e-548463d6347a', 'd1b1ec4e-841d-4b2b-b941-f802880f279d', '292ac526-92df-439e-a0d8-9893127cf6b9', '1.0', '80a763c1-1fda-40da-bc0f-cd281f2128bb'),
	('2d3bb4a8-8f46-4162-b88f-47e266512aa0', '4b122ad5-d313-402b-922e-f2ba85e56260', 'c1a14c13-7292-45bc-bdd0-ae77508443ff', '1.2', '954dc674-0dd6-438a-9a14-b960891f3326'),
	('96b9df7f-c27f-4c3e-973b-18389744a344', '67ac6d10-5844-4799-a455-f3072942ac03', '2a32d4e1-b2d8-413e-994f-326cde8228d3', '1.3', '858e1c5a-80cb-4ec3-a82f-393efc5421bc'),
	('8f6d933f-e739-44a9-8463-c94c14fdd0d1', '7bae7e56-2c30-4fa5-88e2-92ecde18555a', 'a74fc8c8-ed74-42db-949a-8c15a045f3b7', '1.4', '1af27b06-f25d-4772-9d14-8ac7f758e299'),
	('e873fe33-0830-43e9-98f8-91b60e919e78', '356387fd-b6b0-4bd8-8d97-2da3ea4cb42d', '841edb67-3d1d-4697-9891-b2c932ca0d5f', '0.5', '825438ab-7c2e-4904-bba2-7cefdfafcd30'),
	('8a4b5905-5c74-4a9f-899a-eaacbdc64674', 'b42b6884-8ada-40dd-8c3a-9a32193a1916', '1bb27007-5ff3-4177-b146-9fb7f9e0eb97', '1.2', 'e5f63d22-f4c3-4b8b-9e2f-637df1d3c2b2'),
	('c5f942b1-e60b-4339-8484-58c15b24175e', '356387fd-b6b0-4bd8-8d97-2da3ea4cb42d', '2a32d4e1-b2d8-413e-994f-326cde8228d3', '1.0', '858e1c5a-80cb-4ec3-a82f-393efc5421bc'),
	('a7bfd575-6f98-4b89-bd47-cd775e954685', 'fc878c9a-b51d-4be2-a701-5c3ee2eae59f', 'ce17b66a-eac0-480c-983b-90207a131003', '1.1', '19b374a7-3d88-419a-8d29-f5fb2cd6cddf'),
	('7aead369-7d90-42f7-8f66-47df70f128d4', 'f5e5ccbc-5d3c-4765-9a2b-fea8e1cbfee7', '1c432216-44e1-44fd-b067-dcba1f58870b', '1.3', '777f70c8-0359-422d-9ee7-36b328e37bcf'),
	('340cca94-7220-446e-8352-39b35def3476', 'ee4946d5-9f98-4a77-82bd-469651b73d1f', 'b4f5caaa-a580-419f-93fb-ad8ec680359c', '0.7', '4115e16d-3a42-473a-ab64-bc56a16d776b'),
	('fed95ea7-5c46-4bb8-9d12-da58e5e568d4', '405af0dd-014e-4e91-8ad6-f00c6aaa7824', '2b0c489d-a801-4d76-801f-1ffbdcebb8bc', '0.9', '779face4-5afb-4214-8963-e5510b74f22b'),
	('16ef17aa-a7f2-44d9-8111-b85d52dc32b8', '7d05a382-0983-43fc-8e09-e9be3b9aa466', 'a74fc8c8-ed74-42db-949a-8c15a045f3b7', '1.8', '1af27b06-f25d-4772-9d14-8ac7f758e299'),
	('0df209b8-ebf3-409c-9dfe-56b9a99cfc29', '605e745a-d053-4c64-bfa0-b6a078567a49', '3e5d6881-5731-4e8b-9aae-ff17c54c85c5', '0.8', '49c4df64-5685-4744-b93c-5a57cd51103d'),
	('46d73c6e-6954-458f-b27c-62051df9a1b2', 'b9154842-cba8-404a-8e4e-431fa671e9c8', '0a21c6c7-bdb2-49a3-a748-eacad17f6f69', '0.8', 'eea877ad-f50d-4654-9238-635ffa6e5e76'),
	('5190709b-5092-487c-aeca-37e36d02943c', '01e888e4-6c89-4c0b-ada4-66275812d4d3', 'cd386c79-0d47-4f76-9170-b0fe9f2aec11', '1.1', '9db0b173-b329-4c9d-9750-979aec67b39d'),
	('9fb1f75d-9201-4d17-b9e6-5b2dba7bf3d6', '05f2d46b-11cb-4584-b049-b65ba5dfc789', 'bfa36390-df38-4500-ae2e-edee2179398b', '0.6', 'dbade8ad-4489-48b7-9276-04b47d28f637'),
	('ba3ef7ed-2bd1-4e75-a293-0dab07cca806', 'e89a3d4f-a585-4ccb-af31-70b3f7287591', 'adcd25d4-7233-4ca4-b5ab-fd3c2dbe4f59', '0.8', '63cd55b9-0d23-4657-80de-7c090fe0103e'),
	('9aa34454-e6a6-4c71-89e9-6dc8f707530a', 'ed51c57d-5a36-4b00-82dd-2d5b203b8814', '3f25e9a7-640b-4aa9-9cb4-03b15494ef11', '0.1', '4524aa5d-3e53-4f49-8f81-294b296b206b'),
	('d785e5ac-ed93-4af5-8e09-632d940e213b', '7862a209-8061-4b18-adea-717c3142284e', 'c1a14c13-7292-45bc-bdd0-ae77508443ff', '0.9', '954dc674-0dd6-438a-9a14-b960891f3326'),
	('7aa45c4a-1d7d-4bbd-82c6-48f071402826', '9a42ac3d-9d11-40f7-88aa-1964c2a0d221', 'e025bd1c-f56e-4f18-b1ba-fe6bf6551f9c', '1.1', '99568c56-ba84-4e8d-a775-c2466a73afe2'),
	('c2873304-34f0-4082-b81f-dfaaae5e5b6e', '590b98fa-1af0-47f8-a18c-08912a5861c2', '2d74ac18-c7d1-464c-963d-62c5393cb7f7', '1.2', '61795a46-758f-4bdd-aaf0-2abb09ba4c18'),
	('c9e9bd21-7daa-4b9a-9ee9-8011ad8f8d32', '99dc05d4-0399-4cc9-9ea6-3b006c3ccf38', 'bfa36390-df38-4500-ae2e-edee2179398b', '0.6', 'dbade8ad-4489-48b7-9276-04b47d28f637'),
	('08125c9d-897d-4c58-b930-b5fa45c8eb8f', 'e957e18c-1c30-4cbd-8fd3-f18dcd18c59d', 'e96f3ab9-4bb5-4714-aa51-9e2eadc42510', '1.7', 'a0a34e9c-af6d-46c8-a010-1180d66a140f'),
	('d64c240b-83a4-40e9-b3fe-3e3648a5529e', 'd28c294a-86a6-4cf1-9d1b-f5f50ad7a8cb', 'f6bdd407-fc03-46b2-85b9-0129168b7795', '1.1', 'a6e5e842-14b1-450f-8e57-960791fd3c32'),
	('13c7895e-23d9-4ff8-9562-0b48859b2e5b', '432f9244-d5a1-4cab-9cd6-8080eec2674d', 'adcd25d4-7233-4ca4-b5ab-fd3c2dbe4f59', '0.7', '63cd55b9-0d23-4657-80de-7c090fe0103e'),
	('48037963-f242-4e8c-94bc-62904e11ee73', '96cf4f55-0957-4a14-b679-9fbff6f9c3bc', 'a38774fb-2868-4ce6-9913-367deded1b6f', '1.6', '8724c6de-ba8b-4905-9903-7b9e9b76beef'),
	('967d9d0d-70c2-4f18-a15e-d095d9ab707e', 'af93a76a-d259-4103-aae9-d64975d8bfee', '94eb8eee-3f89-4f8e-9124-7d2dc4f2b180', '0.6', 'a1bf3211-c6de-48a1-8738-961008ab0ebd'),
	('769f1e2c-ed79-4b3b-ab05-025a333bb96b', '3bdb24ce-8119-4666-a9a3-4dce0b5948e2', 'c9beebe9-8996-4578-9cf7-8cf125b4b173', '0.5', 'e8370b92-6cb2-4d7b-9030-e5f325e0c53f'),
	('8ece051b-c467-49bc-87af-1bfb99c62fb5', 'ed51c57d-5a36-4b00-82dd-2d5b203b8814', '6c767349-a5b7-4dd2-b9c7-8525346a3c88', '0.9', '860275c2-ef48-4069-8ed8-393497468a40'),
	('856846c1-3b85-45ee-bb64-88e81c7a9197', 'b42b6884-8ada-40dd-8c3a-9a32193a1916', '0a21c6c7-bdb2-49a3-a748-eacad17f6f69', '1.2', 'eea877ad-f50d-4654-9238-635ffa6e5e76'),
	('1cb09718-d384-46b9-a992-d3f9e0ac5be7', '5cf11f35-192e-4b93-8ac7-e5ce882eedc3', '6082e4c4-6135-4ba5-bbb5-5f477967e4a5', '0.7', '20db40e5-e672-4ed5-bbbc-49ef950c34ac'),
	('1fce19dc-43c4-4b53-a4d7-eeae6534a145', 'a4b903ca-a684-435d-914a-8596fdfb6b29', 'eebfbd78-5732-4950-afef-3be4773ba49a', '1.5', '6ee43407-6389-4505-853b-a3196d42f898'),
	('c8efc5fe-6519-4792-a2b1-3119f4abedbd', '651b134e-d668-4d0d-99ee-9001605839aa', 'c1a14c13-7292-45bc-bdd0-ae77508443ff', '1.7', '954dc674-0dd6-438a-9a14-b960891f3326'),
	('3bbb76b7-5e3e-43fe-8ac1-37cc2a1ccf90', 'f95f0cae-cea0-4eff-aa68-fd9258124eb9', '2b0c489d-a801-4d76-801f-1ffbdcebb8bc', '0.3', '779face4-5afb-4214-8963-e5510b74f22b'),
	('0450b3cd-b9d8-4113-95a1-c157cb79f5d6', '356387fd-b6b0-4bd8-8d97-2da3ea4cb42d', '6cd0d978-bed6-4616-8faf-1d9990f09d6d', '1.4', 'fb540d6a-7e40-4b41-965f-554298f59417'),
	('ba34611f-7e5f-488b-8cf7-f1ac85965065', 'cdeaab90-a83b-4f1b-ba00-ab8f5df6d803', '392d9062-2803-40e8-9460-9e45508ad6ee', '1.7', 'f378b02f-5cbb-4555-a883-836625f5c996'),
	('86ec3bad-9458-4e72-9007-567eb827910a', 'e89a3d4f-a585-4ccb-af31-70b3f7287591', 'eebfbd78-5732-4950-afef-3be4773ba49a', '0.2', '6ee43407-6389-4505-853b-a3196d42f898'),
	('c4318b21-d45b-44f9-bc1b-8c4b461b58f4', '1de6179c-85c9-4d10-b643-5cf6996c3ae5', 'e96f3ab9-4bb5-4714-aa51-9e2eadc42510', '1.1', 'a0a34e9c-af6d-46c8-a010-1180d66a140f'),
	('2d4aaeec-e2e7-4e19-be95-23dc09807851', 'b9154842-cba8-404a-8e4e-431fa671e9c8', 'ed2a417d-3ed8-4f5c-9940-f44c3f3544a0', '1.8', '3a202d29-2dfc-441b-b90c-c3b9d2e8fd6e'),
	('58a2781b-20ec-4204-aee0-0ebf7780927e', '1de6179c-85c9-4d10-b643-5cf6996c3ae5', 'c5a96436-ba52-4726-84f9-6e9c59ceabfb', '0.9', 'e4a09409-3ab6-425f-b06c-0b90690f0793'),
	('5bf82e0e-976f-40e4-ad15-cb79ebc7a91b', '32bc0893-ca68-4248-8d4e-547afa442a89', '292ac526-92df-439e-a0d8-9893127cf6b9', '1.8', '80a763c1-1fda-40da-bc0f-cd281f2128bb'),
	('03107255-023a-4239-a6c7-f74d4c90943c', '41430d59-e3d6-4793-babf-0d94e14cafc4', '45194bdd-af73-4a04-951b-ed9582f469fd', '0.8', '10bc2a1b-10c4-4f46-8ca4-df8bfb836728'),
	('390f579d-1df6-40cd-825f-cd1386ee78b9', '8e7734e5-9a81-4f74-b53a-f18b6e56ad27', 'c0eebf97-a3cc-41e6-b2f9-8315595f4ac1', '1.4', 'd85fb1c7-7655-4e35-92d5-f44e50c4af95'),
	('1df0e400-0347-4b3e-8271-2d01cd361392', '3bdb24ce-8119-4666-a9a3-4dce0b5948e2', '98cbfb4b-eea6-4c86-b1ed-c1179d9f4d4e', '0.9', 'b790269f-5d28-4bea-a8f6-9833b45d2725'),
	('84583870-90f8-4bf3-87cd-b90b25624914', '9584fdb0-d583-4530-a08c-ca2b21d18c94', 'a74fc8c8-ed74-42db-949a-8c15a045f3b7', '0.7', '1af27b06-f25d-4772-9d14-8ac7f758e299'),
	('8f89cf8d-8875-4187-88f4-5e9e5a06eb48', 'e0ecdc06-cf2b-44a0-ad4f-c5a475826a58', '113b2050-615c-4b03-96a5-783852f8a347', '0.5', 'a9b05c91-a666-431d-9fa9-e6b13341e717'),
	('18918886-e748-4638-99d8-d8814a981207', 'af2e04a6-1a28-44d9-baba-53f465f342c6', '1e570dfc-7d2a-44bf-9755-a6e13b01c48c', '0.8', '6d364f0c-eb39-4831-a284-3a501b9b6228'),
	('f62c8eb1-bdf6-4638-8542-d1ac84f84f85', '99891ee2-fe1f-4046-a349-7cd8ff8537a9', '6bf635c0-7c6b-4787-88d6-28c844563c96', '1.3', '6bb02ef5-2466-4d29-9fb5-b9392834b155'),
	('b7b6a06e-9d1e-4010-974d-806031e92d44', '1b46e36a-005d-4cc2-b3b1-383e5675485c', 'bb03b88e-bcc9-430a-a28e-c03ce8afa68f', '0.6', 'c49c989a-1f11-4af2-8f26-fec440037465'),
	('0bf99451-5c55-4866-b1b9-9cf6aaa112c3', '6ac16015-e948-4117-be69-cd4f708b93ec', '6082e4c4-6135-4ba5-bbb5-5f477967e4a5', '1.0', '20db40e5-e672-4ed5-bbbc-49ef950c34ac'),
	('43f4d2b4-92c7-433e-bb84-a5f0712c76eb', '404d8dde-6f81-43e4-992b-c1d7379bceaa', '525e715b-2d7c-48c1-8ceb-3c02d999c1a8', '1.3', '7f99c615-74e3-48b0-808f-9bda91370219'),
	('36543234-3941-4b9c-9af9-d7827a7127e8', 'c52591b0-6505-4fb1-8843-35191a39f536', '2a32d4e1-b2d8-413e-994f-326cde8228d3', '1.0', '858e1c5a-80cb-4ec3-a82f-393efc5421bc'),
	('652bda6e-1046-4771-a590-f405704ca928', '169a0e11-70f9-4c30-a7fd-e55c32d3cd20', '8c946a02-466a-4afb-b8ca-4238382fc37e', '1.3', 'd91d6f05-1d53-4603-ad1c-b607cd16300d'),
	('442d22a7-3183-44b7-84f8-8907b5980ed9', '37642464-d177-46d4-b08d-83aa220ab11a', 'e96f3ab9-4bb5-4714-aa51-9e2eadc42510', '1.7', 'a0a34e9c-af6d-46c8-a010-1180d66a140f'),
	('b5368ad2-272d-409a-97aa-806a5a1c2ad2', '99dc05d4-0399-4cc9-9ea6-3b006c3ccf38', '1549b3b7-5cbc-464d-a9f7-2a0933462eca', '0.9', '2f528d42-f1f6-4c09-9aa0-56d3568fd958'),
	('03701aed-8572-4071-8f1e-14a399bb6996', '45409141-c8e7-4177-9575-101b3676bc9f', 'a38774fb-2868-4ce6-9913-367deded1b6f', '0.4', '8724c6de-ba8b-4905-9903-7b9e9b76beef'),
	('fc69eb4f-91f9-4695-ad4a-b28ed7b28e96', 'd08905f5-dfe7-4520-8c31-22c8246561c5', 'eebfbd78-5732-4950-afef-3be4773ba49a', '1.0', '6ee43407-6389-4505-853b-a3196d42f898'),
	('22ab7aab-5af3-4933-b31a-b32c8bc1d1da', '6e621c16-7e10-4202-86c7-f3f2849f293f', '1c432216-44e1-44fd-b067-dcba1f58870b', '1.0', '777f70c8-0359-422d-9ee7-36b328e37bcf'),
	('2633f913-f46e-4a05-8b5f-b0569e7ea29b', '1788415a-37c2-4849-b35f-7c6747728680', 'eebfbd78-5732-4950-afef-3be4773ba49a', '0.4', '6ee43407-6389-4505-853b-a3196d42f898'),
	('b605f18c-ae2f-4ecb-8a01-26c7180634cc', '37642464-d177-46d4-b08d-83aa220ab11a', 'eebfbd78-5732-4950-afef-3be4773ba49a', '1.1', '6ee43407-6389-4505-853b-a3196d42f898'),
	('a7975d4c-eee6-4656-84e9-0d8097154a5d', 'd40a6d10-8c38-4843-a232-d8ec1727fad4', '48999bbf-6802-4edd-a687-ee198c473498', '0.7', '24375d6d-9687-4051-9229-acff8f177d3c'),
	('eb2f8d26-7183-4c1e-9c69-1daa6c21e1c8', '05f2d46b-11cb-4584-b049-b65ba5dfc789', 'ed2a417d-3ed8-4f5c-9940-f44c3f3544a0', '1.3', '3a202d29-2dfc-441b-b90c-c3b9d2e8fd6e'),
	('1e5625d6-42de-44df-a0b2-9c6b41d3eaa0', '46f09b38-ed30-4ac3-a36a-7ecda07175cd', '60b31f1d-2a9f-4baf-9123-78a53540c407', '0.8', 'a95a856c-905a-4d8a-a465-bb66c4733871'),
	('c5d5be7c-b5bb-4b5b-adda-a8214e4501c7', '13587ef5-1a20-496b-adf5-3186f0b6b79d', 'e96f3ab9-4bb5-4714-aa51-9e2eadc42510', '1.0', 'a0a34e9c-af6d-46c8-a010-1180d66a140f'),
	('bcf947cb-c182-46a2-8eb3-7b57ffd37f3d', 'a5172181-2dff-4e72-8c4b-ff0358bf3496', '94eb8eee-3f89-4f8e-9124-7d2dc4f2b180', '1.1', 'a1bf3211-c6de-48a1-8738-961008ab0ebd'),
	('b0d43204-8dee-407a-8ed9-6d580cb42121', '1de4c5b9-0879-4e87-bc04-63252d47dbe4', 'ed2a417d-3ed8-4f5c-9940-f44c3f3544a0', '0.1', '3a202d29-2dfc-441b-b90c-c3b9d2e8fd6e'),
	('c9114dd7-c2a4-41ea-9192-27714eb10236', '191990d0-a78e-43fc-a460-8418da94b4ae', '40b1c074-326e-4860-80e9-af8c478952b7', '1.5', '127fcedf-505a-4208-a1a4-e9c82265aaee'),
	('a735defd-57cd-4dbc-99bf-f757e454c9ee', '53fa5451-9c75-4446-8b7b-3577fd760862', 'b2b86a36-8e11-4571-a42e-6486fdbb4ee7', '1.6', '5669beb3-29f9-42a4-ba65-12a710404aaa'),
	('5e228e25-a455-44a5-ace8-050dfddd6279', 'd7a1d56a-02a6-4875-b2c9-cdc529dff8c4', 'c9beebe9-8996-4578-9cf7-8cf125b4b173', '0.8', 'e8370b92-6cb2-4d7b-9030-e5f325e0c53f'),
	('96d8f7fa-bccd-4212-a165-f6ebfa6c0e38', 'd1b1ec4e-841d-4b2b-b941-f802880f279d', 'e025bd1c-f56e-4f18-b1ba-fe6bf6551f9c', '1.1', '99568c56-ba84-4e8d-a775-c2466a73afe2'),
	('6050905b-9af3-4378-a1d4-47b18a49a77e', '191990d0-a78e-43fc-a460-8418da94b4ae', 'c9beebe9-8996-4578-9cf7-8cf125b4b173', '1.1', 'e8370b92-6cb2-4d7b-9030-e5f325e0c53f'),
	('61bb45f6-4985-4846-bbf5-53e81aa41d40', '2bba9963-6264-4c22-b5ee-cdad403ec9b9', 'f0757b4d-6aee-4705-a575-19ec89c2849b', '1.3', '68931f7e-f22a-4f24-aeda-9bfb6e6dd75e'),
	('1031f370-4f2b-42fd-9be1-dd096f334e5c', '6e621c16-7e10-4202-86c7-f3f2849f293f', 'cf53f2eb-0b72-4722-84bf-cc9402346b03', '1.0', 'df5252b8-5330-4b3a-b063-9793236bfbc6'),
	('2d6f9df3-3a1e-432b-bf1a-89a8ac9d30d7', 'f568b035-98bf-4ef3-9bdd-dba25271bb67', 'bfa36390-df38-4500-ae2e-edee2179398b', '0.1', 'dbade8ad-4489-48b7-9276-04b47d28f637'),
	('e8a001c7-2f85-4c26-aa40-7abd10bca613', '298104e3-a165-4110-8fa5-773453a7caba', '6fc1498e-141c-4fc6-89bf-8f5fc166d322', '1.1', '09e58d45-0160-43dd-bef9-09030cb3671f'),
	('13e1a59d-692a-47d6-b96f-3af86136f35f', '69522b99-403f-415c-a456-8d64728a1a57', '3f25e9a7-640b-4aa9-9cb4-03b15494ef11', '0.6', '4524aa5d-3e53-4f49-8f81-294b296b206b'),
	('16bb59e1-a1d5-4ca7-a7c2-38e004948239', 'e9235aa0-e614-449b-8f30-35d5767f7a24', '69a0c04b-4ab9-46b7-809c-59a6f9ef8e2f', '0.6', 'f3c29790-606f-4e81-b1ee-61f8281217e4'),
	('1f8de30d-f352-4a11-8bfa-e516ea2f3c84', 'bfe109eb-70a4-4dd9-95de-0dd3ad580c86', '8c946a02-466a-4afb-b8ca-4238382fc37e', '1.2', 'd91d6f05-1d53-4603-ad1c-b607cd16300d'),
	('4ee50d26-db7a-4865-90de-ccabfd8df98c', 'adb9e324-3425-479b-8e0c-5d810c97e2f5', '0075c6cd-0f4e-48b4-91b9-ffb26c6f824b', '0.2', 'e5e47f36-d80d-4b7b-8d5b-335ff4edb49a'),
	('91d5486e-b2ef-4ad8-83db-c3b13b05e385', 'af93a76a-d259-4103-aae9-d64975d8bfee', '3e5d6881-5731-4e8b-9aae-ff17c54c85c5', '0.5', '49c4df64-5685-4744-b93c-5a57cd51103d'),
	('a8db010f-346b-48a8-b21c-c32ec8b85f55', 'fcbe16c8-612a-4d93-9dc5-71fc29fa78f4', 'eebfbd78-5732-4950-afef-3be4773ba49a', '1.6', '6ee43407-6389-4505-853b-a3196d42f898'),
	('7db1b7c1-89a7-4fd4-bef2-f229b655d0ee', 'af93a76a-d259-4103-aae9-d64975d8bfee', '113b2050-615c-4b03-96a5-783852f8a347', '0.8', 'a9b05c91-a666-431d-9fa9-e6b13341e717'),
	('eb54d143-b0d8-4cce-9c32-9ad5561ccc5f', '05f2d46b-11cb-4584-b049-b65ba5dfc789', 'eebfbd78-5732-4950-afef-3be4773ba49a', '0.5', '6ee43407-6389-4505-853b-a3196d42f898'),
	('d12c1248-14e3-4700-839d-3c8635fa5133', '6e621c16-7e10-4202-86c7-f3f2849f293f', 'e96f3ab9-4bb5-4714-aa51-9e2eadc42510', '1.7', 'a0a34e9c-af6d-46c8-a010-1180d66a140f'),
	('d24395bb-2d9b-41ef-b4f2-b46afb116fe6', 'db71e695-7b8e-4616-937b-236872e01d17', 'f6bdd407-fc03-46b2-85b9-0129168b7795', '1.3', 'a6e5e842-14b1-450f-8e57-960791fd3c32'),
	('3fdc4c3a-219f-45a9-96cf-8b8aeeae3b01', 'd62d9d1b-6c52-452f-8ab4-695c6563e879', '45194bdd-af73-4a04-951b-ed9582f469fd', '1.0', '10bc2a1b-10c4-4f46-8ca4-df8bfb836728'),
	('32f56a09-dd90-417d-9cc8-594b0f564cea', '49de2b03-f97f-4eb3-af3e-da8dd4c907b6', '392d9062-2803-40e8-9460-9e45508ad6ee', '0.7', 'f378b02f-5cbb-4555-a883-836625f5c996'),
	('ee644340-7099-413f-8590-ad0de78b17e1', '85b01a82-6550-42c3-9713-22b0ee4e4f58', '48999bbf-6802-4edd-a687-ee198c473498', '1.2', '24375d6d-9687-4051-9229-acff8f177d3c'),
	('0c716198-924a-4f93-8b5f-49cd0c768373', '6e621c16-7e10-4202-86c7-f3f2849f293f', '98cbfb4b-eea6-4c86-b1ed-c1179d9f4d4e', '0.6', 'b790269f-5d28-4bea-a8f6-9833b45d2725'),
	('723ddb2e-a781-4f9a-9c55-f9d36fd93463', '727b7cc2-8f26-482f-b16d-ad915f2f6a0e', '2c8e295e-7a8c-426e-afd6-b217610fae16', '1.2', '76c65678-a9c9-4961-93da-3930c2ae28b7'),
	('42f99c7c-26d3-48a6-81c4-c49ac62aed32', '286908b6-a97d-48f8-bf21-84e49f86ff2b', '60b31f1d-2a9f-4baf-9123-78a53540c407', '0.5', 'a95a856c-905a-4d8a-a465-bb66c4733871'),
	('a3b4904e-0780-4c28-b01b-39bf0141c264', 'be1080cd-3db4-45b1-affa-570b08fccf14', '1fd7a2c1-43e3-4ad2-b9e8-4fbf39e33714', '0.6', '9d5cdc6c-35d8-4d12-82a3-73a4fb6e535a'),
	('df46f0c1-4e40-4523-abd7-a82aad2dd96b', '7bae7e56-2c30-4fa5-88e2-92ecde18555a', '1c432216-44e1-44fd-b067-dcba1f58870b', '0.3', '777f70c8-0359-422d-9ee7-36b328e37bcf'),
	('d654ded4-da5c-4c4d-a610-a364be32829b', 'a33baaf2-b914-44cd-a8ac-a77a86c10574', 'f6bdd407-fc03-46b2-85b9-0129168b7795', '0.9', 'a6e5e842-14b1-450f-8e57-960791fd3c32'),
	('49affa72-d3fc-440a-9496-b91abe64d758', '4f56ee47-a43d-4bfe-ae5d-8b0f9539b6c1', '2405dbbc-5044-4351-96b7-3a673c83a341', '0.3', 'caededb9-e5f0-46c1-beb7-f8919999213c'),
	('c4ccc134-a256-4f31-9072-329d23b51cb0', '3a33ce0e-a5dd-4c39-adc2-056ad5535083', 'ccc10cb4-d136-4d0f-848c-19702972d6c8', '1.1', '1621d9fb-0e60-4c0f-9def-27de96516da3'),
	('7ff9e17e-f202-4c10-accc-1067a001b1ab', '8e7734e5-9a81-4f74-b53a-f18b6e56ad27', '6bf635c0-7c6b-4787-88d6-28c844563c96', '0.6', '6bb02ef5-2466-4d29-9fb5-b9392834b155'),
	('c6a06c3e-d5bb-4e98-88a8-38a8bc1230a1', 'f5e5ccbc-5d3c-4765-9a2b-fea8e1cbfee7', 'f0757b4d-6aee-4705-a575-19ec89c2849b', '0.9', '68931f7e-f22a-4f24-aeda-9bfb6e6dd75e'),
	('80288926-c238-4ce8-8189-2260d4855517', '2d4a7982-933a-4bc6-82dc-ecaece0aaa60', '60b31f1d-2a9f-4baf-9123-78a53540c407', '1.5', 'a95a856c-905a-4d8a-a465-bb66c4733871'),
	('e74c8398-b800-42c7-abb5-6f63acf00228', '0b722fd4-b328-42ac-a678-101575901b36', '45194bdd-af73-4a04-951b-ed9582f469fd', '0.2', '10bc2a1b-10c4-4f46-8ca4-df8bfb836728'),
	('32db160f-1e26-44cf-8182-22a08380b8cc', '1adbda36-e03e-4558-a19b-a6a38071d49a', 'eebfbd78-5732-4950-afef-3be4773ba49a', '0.3', '6ee43407-6389-4505-853b-a3196d42f898'),
	('368789e9-1c15-4db1-80d7-8bb27da3e068', '663bb62f-d27f-4199-92a8-cf88b54b0c72', 'ccc10cb4-d136-4d0f-848c-19702972d6c8', '1.1', '1621d9fb-0e60-4c0f-9def-27de96516da3'),
	('0e0f6748-c10b-46e9-b650-7a8fa69d17f4', '2bba9963-6264-4c22-b5ee-cdad403ec9b9', '2d74ac18-c7d1-464c-963d-62c5393cb7f7', '1.3', '61795a46-758f-4bdd-aaf0-2abb09ba4c18'),
	('3047d213-080c-4494-bd55-42eb724006d0', '80188640-748e-43da-a9ca-faa0e257b8f7', '6fc1498e-141c-4fc6-89bf-8f5fc166d322', '1.1', '09e58d45-0160-43dd-bef9-09030cb3671f'),
	('8c8c13c5-e6bc-4dec-8e35-060dcdf17ab1', 'd17c96a2-7b4c-4992-a522-3207756206f8', '6082e4c4-6135-4ba5-bbb5-5f477967e4a5', '1.9', '20db40e5-e672-4ed5-bbbc-49ef950c34ac'),
	('3cf17d7a-cb78-4096-abe0-27d4c8050e3e', '605e745a-d053-4c64-bfa0-b6a078567a49', 'e96f3ab9-4bb5-4714-aa51-9e2eadc42510', '0.8', 'a0a34e9c-af6d-46c8-a010-1180d66a140f'),
	('ee29db26-9541-4cf8-bb74-b95a14ad3c7e', 'aaf9b39b-6b25-4578-8f5d-fcf6b9355413', 'e5ed39b0-0825-4ad1-986e-0d5b92576a40', '1.2', 'eee4de14-6080-44dc-ae87-8698399d6ed1'),
	('386409a8-cdb0-4ea8-beca-5ccc4a1c47f6', 'aee9bd1b-4c21-427b-84fc-24c99b5b978b', 'cd386c79-0d47-4f76-9170-b0fe9f2aec11', '0.7', '9db0b173-b329-4c9d-9750-979aec67b39d'),
	('90ca1f35-6663-475b-a92f-a796115cfb7b', '663bb62f-d27f-4199-92a8-cf88b54b0c72', '98cbfb4b-eea6-4c86-b1ed-c1179d9f4d4e', '1.1', 'b790269f-5d28-4bea-a8f6-9833b45d2725'),
	('073804b6-0940-4c08-9567-7d422fcb1f61', '66db378b-5397-49da-93cb-b0e5e2a76dbf', '1e570dfc-7d2a-44bf-9755-a6e13b01c48c', '0.9', '6d364f0c-eb39-4831-a284-3a501b9b6228'),
	('b5e91b9e-f53e-415d-b5ad-119c2847b839', '87c7b27a-2de8-4b04-a4bd-afb3415b369d', '2c8e295e-7a8c-426e-afd6-b217610fae16', '0.6', '76c65678-a9c9-4961-93da-3930c2ae28b7'),
	('604f37f2-45eb-4bb4-a041-e66f3e5c38bd', '66db378b-5397-49da-93cb-b0e5e2a76dbf', '69a0c04b-4ab9-46b7-809c-59a6f9ef8e2f', '0.9', 'f3c29790-606f-4e81-b1ee-61f8281217e4'),
	('f0c39dc6-69e8-46a6-add4-e172c4504ecf', 'b92470ae-de44-4265-aba6-22f7eff1ed5b', '6fc1498e-141c-4fc6-89bf-8f5fc166d322', '0.9', '09e58d45-0160-43dd-bef9-09030cb3671f'),
	('1d4b8543-0823-4e7d-9640-063d4f03c5b7', '663bb62f-d27f-4199-92a8-cf88b54b0c72', 'b4f5caaa-a580-419f-93fb-ad8ec680359c', '1.3', '4115e16d-3a42-473a-ab64-bc56a16d776b'),
	('47eea1d1-bf3b-4413-a12e-1a79cca7cb2a', '1a17d7e4-1bdb-494a-b0ec-188fc21606d5', '67c17539-8dd5-403d-b03a-7d95eb128eb2', '1.5', '6b6217b2-05fe-4e19-9746-88508efa5460'),
	('a0a6f834-d976-4af6-bd47-f229bc6d3547', '7aa80c55-e21b-4333-a674-bc2af2402cd3', '6090f73c-be89-4abe-a86e-23f88e2915dc', '1.1', '5912eab8-1dba-47ee-80a3-304a6b19b00c'),
	('67d542ff-15d8-4628-8a22-4d3879912ffc', '286908b6-a97d-48f8-bf21-84e49f86ff2b', '6bf635c0-7c6b-4787-88d6-28c844563c96', '1.5', '6bb02ef5-2466-4d29-9fb5-b9392834b155'),
	('ead90de5-91b8-4c18-9d9e-22758920db42', 'e11e9718-3d3a-41f9-a13a-66c2a03c9280', 'c1a14c13-7292-45bc-bdd0-ae77508443ff', '0.9', '954dc674-0dd6-438a-9a14-b960891f3326'),
	('26059b2b-9bd3-48cb-b166-707162219a04', '80188640-748e-43da-a9ca-faa0e257b8f7', '1bb27007-5ff3-4177-b146-9fb7f9e0eb97', '1.5', 'e5f63d22-f4c3-4b8b-9e2f-637df1d3c2b2'),
	('4fbb66a6-a2d6-4415-b7fa-8b1031228cd6', 'a8871e24-7e21-42a3-a299-02461162e39e', 'e025bd1c-f56e-4f18-b1ba-fe6bf6551f9c', '1.4', '99568c56-ba84-4e8d-a775-c2466a73afe2'),
	('6bbf6703-ceb7-4293-ba81-dcf921923434', '05f2d46b-11cb-4584-b049-b65ba5dfc789', '0314b33a-e5c8-413e-88d3-6b6b99086993', '0.7', '03c2b9a5-d671-4b5e-b8cd-c491f8dad9e7'),
	('f3dfa448-ff75-47d2-bfca-d2e1ca9a8611', '147e31cb-a069-4f6a-8a2a-6cade8efb360', '0075c6cd-0f4e-48b4-91b9-ffb26c6f824b', '1.3', 'e5e47f36-d80d-4b7b-8d5b-335ff4edb49a'),
	('7a487752-7e9d-4948-b3ae-d3c926b1d0d4', 'c52591b0-6505-4fb1-8843-35191a39f536', '113b2050-615c-4b03-96a5-783852f8a347', '1.3', 'a9b05c91-a666-431d-9fa9-e6b13341e717'),
	('e0a6cdb9-f014-4afe-ad91-d46009d4994e', 'e9235aa0-e614-449b-8f30-35d5767f7a24', 'cd386c79-0d47-4f76-9170-b0fe9f2aec11', '0.7', '9db0b173-b329-4c9d-9750-979aec67b39d'),
	('7f8a340f-2ce4-421e-ae66-e243881a7963', '32bc0893-ca68-4248-8d4e-547afa442a89', 'ccc10cb4-d136-4d0f-848c-19702972d6c8', '1.0', '1621d9fb-0e60-4c0f-9def-27de96516da3'),
	('e55f8b31-f89b-47cc-810c-b19f1afab5e8', '714bec7b-829d-405c-a5f4-280ef40ea39c', '1c432216-44e1-44fd-b067-dcba1f58870b', '0.1', '777f70c8-0359-422d-9ee7-36b328e37bcf'),
	('8a7d260d-7843-4893-a592-1c0d6ab5c7f5', '3a33ce0e-a5dd-4c39-adc2-056ad5535083', 'c5a96436-ba52-4726-84f9-6e9c59ceabfb', '1.8', 'e4a09409-3ab6-425f-b06c-0b90690f0793'),
	('3d72e04f-b4a8-41bf-99ab-f8ecb53f74b2', '067c46c8-d810-49cc-a167-7d0b2ae4fc0c', 'c5a96436-ba52-4726-84f9-6e9c59ceabfb', '1.8', 'e4a09409-3ab6-425f-b06c-0b90690f0793'),
	('0bde8379-2cea-4924-8791-b62ed45ef3bf', '2733ccb4-f9af-40b0-99ab-f09135a0f8ba', '6c767349-a5b7-4dd2-b9c7-8525346a3c88', '1.2', '860275c2-ef48-4069-8ed8-393497468a40'),
	('3fcbe8d4-45ce-476d-9d07-0f40c80c3d6e', '0084ba18-46ac-443d-b8ca-d06d0a234852', '1bb27007-5ff3-4177-b146-9fb7f9e0eb97', '0.6', 'e5f63d22-f4c3-4b8b-9e2f-637df1d3c2b2'),
	('66532428-7486-47b7-917e-d1b4cf08407d', 'a4b47585-4bfc-45a0-a14c-c8b6511be6f5', '0075c6cd-0f4e-48b4-91b9-ffb26c6f824b', '0.2', 'e5e47f36-d80d-4b7b-8d5b-335ff4edb49a'),
	('30ce15ef-814f-4d03-9166-8efae402672a', '5e19fa9d-3369-43c5-99df-3d5cd38b8f60', '1e570dfc-7d2a-44bf-9755-a6e13b01c48c', '1.3', '6d364f0c-eb39-4831-a284-3a501b9b6228'),
	('456ab669-241e-46a8-a32e-b55d0c4a38b4', '4ffbd619-0779-4008-a9c2-630a0c66e599', 'bfa36390-df38-4500-ae2e-edee2179398b', '0.1', 'dbade8ad-4489-48b7-9276-04b47d28f637'),
	('1d92fdec-dcbd-4f68-9ce4-3b93bfe24319', '05a46603-d616-4444-abe9-772f3ac919a2', '6090f73c-be89-4abe-a86e-23f88e2915dc', '0.9', '5912eab8-1dba-47ee-80a3-304a6b19b00c'),
	('72be0124-ef01-401e-bcad-f093bfc4f0a4', 'a9e5891a-694b-49c1-9f1f-be73d4d3a2d4', 'c0eebf97-a3cc-41e6-b2f9-8315595f4ac1', '1.1', 'd85fb1c7-7655-4e35-92d5-f44e50c4af95'),
	('a4fd7101-97e1-4834-8409-e2392941ed3c', '5cf11f35-192e-4b93-8ac7-e5ce882eedc3', 'cf53f2eb-0b72-4722-84bf-cc9402346b03', '1.4', 'df5252b8-5330-4b3a-b063-9793236bfbc6'),
	('90527290-12f0-457f-98e5-7c92248bdb31', '1b46e36a-005d-4cc2-b3b1-383e5675485c', 'bfa36390-df38-4500-ae2e-edee2179398b', '1.1', 'dbade8ad-4489-48b7-9276-04b47d28f637'),
	('10328387-670e-464e-a1c0-00e87578deb4', 'fcbe16c8-612a-4d93-9dc5-71fc29fa78f4', 'f6bdd407-fc03-46b2-85b9-0129168b7795', '0.3', 'a6e5e842-14b1-450f-8e57-960791fd3c32'),
	('45a47703-95f8-40cd-849a-fcaa2236eb72', '97dc02ec-e2e6-418a-aa5c-c23ab7386a60', '6c767349-a5b7-4dd2-b9c7-8525346a3c88', '0.7', '860275c2-ef48-4069-8ed8-393497468a40'),
	('327a102c-24b7-404c-b985-033b9a9c1596', '4d782477-0e27-4aab-915f-8f0ea43b5331', 'e96f3ab9-4bb5-4714-aa51-9e2eadc42510', '0.8', 'a0a34e9c-af6d-46c8-a010-1180d66a140f'),
	('566520ba-faa6-4eb6-8616-8f775c40a26b', '4b122ad5-d313-402b-922e-f2ba85e56260', '3e5d6881-5731-4e8b-9aae-ff17c54c85c5', '1.6', '49c4df64-5685-4744-b93c-5a57cd51103d'),
	('24a755ec-2390-464f-8a19-f5570225f04a', '45409141-c8e7-4177-9575-101b3676bc9f', '113b2050-615c-4b03-96a5-783852f8a347', '0.9', 'a9b05c91-a666-431d-9fa9-e6b13341e717'),
	('2c9498b7-ab02-4a9f-bc32-2240f03592c0', '4db002d0-87a6-4153-9942-032928f78319', 'ce17b66a-eac0-480c-983b-90207a131003', '0.9', '19b374a7-3d88-419a-8d29-f5fb2cd6cddf'),
	('66bc4e50-2c26-4bc5-87bb-f75431b14936', 'a463c893-e613-4812-9093-23d81b8dee86', '0a21c6c7-bdb2-49a3-a748-eacad17f6f69', '1.6', 'eea877ad-f50d-4654-9238-635ffa6e5e76'),
	('886c008b-5d6e-4d12-a8a1-f98f076f8e57', '05a46603-d616-4444-abe9-772f3ac919a2', '841edb67-3d1d-4697-9891-b2c932ca0d5f', '0.9', '825438ab-7c2e-4904-bba2-7cefdfafcd30'),
	('90594f85-e430-445b-b86c-14858ea2915d', '4b122ad5-d313-402b-922e-f2ba85e56260', 'e96f3ab9-4bb5-4714-aa51-9e2eadc42510', '1.5', 'a0a34e9c-af6d-46c8-a010-1180d66a140f'),
	('3346b884-ff04-4752-8b9f-4945fa45ec7b', 'd1b1ec4e-841d-4b2b-b941-f802880f279d', 'ccc10cb4-d136-4d0f-848c-19702972d6c8', '1.0', '1621d9fb-0e60-4c0f-9def-27de96516da3'),
	('e5a75216-b030-40b8-8855-2e086e2fde7d', '363a1a75-5c40-4553-a217-dc11b21cedb4', 'cd386c79-0d47-4f76-9170-b0fe9f2aec11', '0.6', '9db0b173-b329-4c9d-9750-979aec67b39d'),
	('ce40d683-f693-418d-807c-a503ffc1d1c4', '1d0d058f-4d91-4100-9232-6eee3bdd1d88', '2405dbbc-5044-4351-96b7-3a673c83a341', '1.0', 'caededb9-e5f0-46c1-beb7-f8919999213c'),
	('c6f0dd20-efbc-4aff-811e-1d8659628ecd', 'd28c294a-86a6-4cf1-9d1b-f5f50ad7a8cb', '75f5e968-ef05-4ecc-a124-250e755a4385', '0.7', 'b21e79d2-0f7c-4bc2-9574-07f17d33dfa3'),
	('528bc32d-3d5c-46a5-8d08-9086089b67cb', 'ca7d43c3-4b3d-411e-a3c2-34b88e0cb0f3', '6c767349-a5b7-4dd2-b9c7-8525346a3c88', '1.5', '860275c2-ef48-4069-8ed8-393497468a40'),
	('20be2869-6989-4503-b5e4-f299f987e5e9', '1f63dc18-5bb5-4e7e-b947-faadc66f72d2', 'e5ed39b0-0825-4ad1-986e-0d5b92576a40', '1.2', 'eee4de14-6080-44dc-ae87-8698399d6ed1'),
	('bad5189b-2065-40a7-8709-594184d055ff', 'b42b6884-8ada-40dd-8c3a-9a32193a1916', 'cf53f2eb-0b72-4722-84bf-cc9402346b03', '1.1', 'df5252b8-5330-4b3a-b063-9793236bfbc6'),
	('dc093ffd-ccbd-4640-bafc-ea2747b4ae2b', '590b98fa-1af0-47f8-a18c-08912a5861c2', '6d577b1d-11f9-4180-b972-7620ade8eefb', '1.3', '66ebf107-c136-49b2-8f23-7d27c96236a7'),
	('3f5c4695-33c3-4bee-883b-de7317c24c35', '99dc05d4-0399-4cc9-9ea6-3b006c3ccf38', '2b0c489d-a801-4d76-801f-1ffbdcebb8bc', '1.2', '779face4-5afb-4214-8963-e5510b74f22b'),
	('5db51a9e-7eaa-4aac-a7ed-0f821c576cd0', '651b134e-d668-4d0d-99ee-9001605839aa', '8c946a02-466a-4afb-b8ca-4238382fc37e', '1.5', 'd91d6f05-1d53-4603-ad1c-b607cd16300d'),
	('354211f6-eac9-42d3-ae0d-0ac73ed50f4b', '43aa66c8-0c98-4c94-a2c0-6a4707326426', 'e96f3ab9-4bb5-4714-aa51-9e2eadc42510', '1.2', 'a0a34e9c-af6d-46c8-a010-1180d66a140f'),
	('e3ad500d-1e9c-4cda-82b6-4f185d84ba99', '45409141-c8e7-4177-9575-101b3676bc9f', '0314b33a-e5c8-413e-88d3-6b6b99086993', '0.9', '03c2b9a5-d671-4b5e-b8cd-c491f8dad9e7'),
	('6a2307ee-2d60-4c58-a1a4-ceca6a70b273', '99891ee2-fe1f-4046-a349-7cd8ff8537a9', 'c0eebf97-a3cc-41e6-b2f9-8315595f4ac1', '1.0', 'd85fb1c7-7655-4e35-92d5-f44e50c4af95'),
	('7f9b15fd-218b-4111-8163-0672e1d28741', 'c52591b0-6505-4fb1-8843-35191a39f536', 'a38774fb-2868-4ce6-9913-367deded1b6f', '0.5', '8724c6de-ba8b-4905-9903-7b9e9b76beef'),
	('b0e9621f-5a88-47f7-a387-26b52c9344d8', '154234d3-4937-4204-9b1c-385127ca7b45', 'a38774fb-2868-4ce6-9913-367deded1b6f', '0.7', '8724c6de-ba8b-4905-9903-7b9e9b76beef'),
	('4fb5d591-54e4-459a-8d1a-24918c0ff438', '1d0d058f-4d91-4100-9232-6eee3bdd1d88', 'b4f5caaa-a580-419f-93fb-ad8ec680359c', '1.7', '4115e16d-3a42-473a-ab64-bc56a16d776b');

INSERT INTO "consumable_part" ("id", "brand", "article", "name", "price", "measure_unit", "photo_id", "date_add") VALUES
	('6000fe53-f0b6-47d5-b6a4-7b13200aed88', 'Mitsubishi', 'MD375060', 'Распредвал', '35649.00', 'шт.', 'f8a0269c-e2c2-454f-8c11-58de01a2853c', '2023-10-11'),
	('3f5d351e-1738-4b9b-bd34-72c4f2d67c8b', 'A4C', 'FA04110', 'Вал распределительный', '7895.00', 'шт.', '2efe4256-da1c-4d2c-930e-fd1caa828903', '2023-10-11'),
	('e1108f79-94b9-48cc-bfd1-0316e8dc155f', 'ACQ', 'AAM7560', 'Вал распределительный', '7489.00', 'шт.', '4334ec0b-f1f4-45ca-914f-0c4b4864c549', '2023-10-11'),
	('891913bb-44ab-490d-baa9-2d9b644a4230', 'Brave', 'BRCS219', 'Вал распределительный', '7439.00', 'шт.', '7708c23e-d69c-424f-abf2-f06f478e5c61', '2023-10-11'),
	('4162b4fa-4573-4f7a-b8f5-42ba73290cf8', 'CGA', '1CMS5001RA', 'Распредвал', '8899.00', 'шт.', '5882524f-02ef-4165-bfeb-abe269a90e0e', '2023-10-11'),
	('2c8a8c1a-1f5a-44fa-b0ad-8546b5d37d4b', 'Mitsubishi', 'MD368160', 'Блок цилиндров в сборе', '224547.00', 'шт.', '3ff3e471-1d84-4044-9141-ada3793923ac', '2023-10-11'),
	('9fef0e86-3906-4243-982d-f0972acfc12d', 'Mitsubishi', 'MD744538', 'Подшипник кпп', '1142.00', 'шт.', '4d05ff9a-e1b6-454f-b34e-d6f02e7e8fc3', '2023-10-11'),
	('02c7ca47-adff-45d6-8939-22b51de8fd50', 'Mitsubishi', 'MN168932', 'Кольца синхронизатора в сборе', '15182.00', 'шт.', '30b384a8-1396-4691-8655-3665076ec79f', '2023-10-11'),
	('5d7bda24-fe4f-47a6-92a0-9d758e908b74', 'VAG', '034103373AA', 'ГБЦ Audi 200 turbo', '10000.00', 'шт.', '63d0fcd6-2a39-4c86-b32d-2123e8e7487c', '2023-10-11'),
	('b7382b66-11bb-4a75-8e69-f1920f86ea94', 'VAG', '035103021N', 'Блок цилиндров Audi 200 turbo', '21000.00', 'шт.', '29c3f892-cd7a-4b3c-bf91-0a0ce5a9e602', '2023-10-11'),
	('07c05f24-6544-42f5-87f1-5b2b6d6ef065', 'Land Rover', '18K4F', 'Двигатель 18K4F Lotus Elise', '85000.00', 'шт.', '195089a2-4893-484b-bedb-aebe913ca4d6', '2023-10-11'),
	('bf613cb5-8d22-4085-a808-fac804e8cee1', 'Toyota', '1900088704', 'Двигатель 2ZZ-GE Lotus Elise', '155000.00', 'шт.', '77015659-cafb-4518-b3d6-ce432cd4bf86', '2023-10-11'),
	('ad32d1ab-c522-481d-8c80-809aedb4cecf', 'Toyota', '190000P090', 'Двигатель 2GR-FE Lotus Evora', '250000.00', 'шт.', 'b7ffa87b-2cb9-431e-bc49-60da2da8aee8', '2023-10-11'),
	('69a6548a-f7ac-4854-9a15-10deba0a2dd1', 'Cadillac', '25752724', 'Муфта эластичная Cadillac CTS', '2190.00', 'шт.', '8939bb60-9974-42d8-a8f2-124eafa1f1e0', '2023-10-11'),
	('458f4b33-5abc-45d3-8cf0-c9b8a7da909c', 'PATRON', 'PS40035R', 'Тяга стабилизатора Cadillac CTS', '960.00', 'шт.', '3186fc1c-56ec-402e-a694-4ea9d4311902', '2023-10-11');

INSERT INTO "list_consumable_parts" ("id", "order_id", "consumable_part_id") VALUES
	('c6230c4d-2f5f-431b-bcb2-e05f402c88fc', 'ed51c57d-5a36-4b00-82dd-2d5b203b8814', '02c7ca47-adff-45d6-8939-22b51de8fd50'),
	('c32766f4-5f30-406c-92df-71234b2affe2', '13587ef5-1a20-496b-adf5-3186f0b6b79d', '9fef0e86-3906-4243-982d-f0972acfc12d'),
	('a686dadb-df60-4a94-86ad-e0edccb8cb3a', '7862a209-8061-4b18-adea-717c3142284e', 'bf613cb5-8d22-4085-a808-fac804e8cee1'),
	('fe10c341-34ef-4f5d-8fa8-5cabd4eb4829', 'd34e030b-fd45-4af9-b403-3e8ffa5b097f', 'e1108f79-94b9-48cc-bfd1-0316e8dc155f'),
	('7f037823-fa1b-4fb1-aabf-9f8fee5eb6f8', '7bae7e56-2c30-4fa5-88e2-92ecde18555a', '891913bb-44ab-490d-baa9-2d9b644a4230'),
	('6161ac26-9570-4cdd-8d24-25ddac842d07', '00ca33ee-f9cd-4be2-8584-3831bab5e945', '458f4b33-5abc-45d3-8cf0-c9b8a7da909c'),
	('8a406f36-c11a-4e77-828c-d4c2e422aa49', '95d784d2-24c5-4f1c-bd93-81171d7dfff3', '69a6548a-f7ac-4854-9a15-10deba0a2dd1'),
	('45183d25-ebaf-4413-9053-985d9d4a0021', '3958cc68-1c6d-4b8d-bd0b-748cfbb41a60', '02c7ca47-adff-45d6-8939-22b51de8fd50'),
	('6b5fa32e-e033-4eb4-addf-58c623759e11', 'f5e5ccbc-5d3c-4765-9a2b-fea8e1cbfee7', '3f5d351e-1738-4b9b-bd34-72c4f2d67c8b'),
	('a16f4b2e-8110-46e3-8e9c-eceb58d8761e', 'd40a6d10-8c38-4843-a232-d8ec1727fad4', '458f4b33-5abc-45d3-8cf0-c9b8a7da909c'),
	('f49e18b1-8077-4c5e-b82d-9b3c4e24dee2', '05a46603-d616-4444-abe9-772f3ac919a2', '458f4b33-5abc-45d3-8cf0-c9b8a7da909c'),
	('60834c18-021f-4659-9bc9-5ba227c2356e', '6ac16015-e948-4117-be69-cd4f708b93ec', 'ad32d1ab-c522-481d-8c80-809aedb4cecf'),
	('1b3b17b3-f6ad-45d8-b677-c9c15f6c776e', '4ffbd619-0779-4008-a9c2-630a0c66e599', '69a6548a-f7ac-4854-9a15-10deba0a2dd1'),
	('28997575-0a05-4f9a-b2f9-dfa497ac46c0', '4d782477-0e27-4aab-915f-8f0ea43b5331', '3f5d351e-1738-4b9b-bd34-72c4f2d67c8b'),
	('cab6884d-92d8-4749-912b-94448e8d0c74', 'a8871e24-7e21-42a3-a299-02461162e39e', 'ad32d1ab-c522-481d-8c80-809aedb4cecf'),
	('926e8467-eec0-45ed-b7e9-32449b8c4f1c', '9a42ac3d-9d11-40f7-88aa-1964c2a0d221', '07c05f24-6544-42f5-87f1-5b2b6d6ef065'),
	('ec49be75-d103-44a4-a886-a93c12af9fd2', 'af5e73c0-f9e3-43ad-84e2-025163a7748c', '5d7bda24-fe4f-47a6-92a0-9d758e908b74'),
	('baffbdfc-7dd6-4d0a-9a47-ba1d06e9b11d', '0983dbea-a6f1-4cec-8e58-19a2e8a17ab6', '07c05f24-6544-42f5-87f1-5b2b6d6ef065'),
	('277fdcb3-4d7e-4529-b470-4619955ca3f2', '5e19fa9d-3369-43c5-99df-3d5cd38b8f60', 'e1108f79-94b9-48cc-bfd1-0316e8dc155f'),
	('42e006f8-f99e-4f44-8b97-7175a5c85194', '4db002d0-87a6-4153-9942-032928f78319', '07c05f24-6544-42f5-87f1-5b2b6d6ef065'),
	('c1852a6d-f463-4813-a234-80c3dc43f920', '1d0d058f-4d91-4100-9232-6eee3bdd1d88', '5d7bda24-fe4f-47a6-92a0-9d758e908b74'),
	('71cdda82-6b38-447b-9496-d9708ce9160e', '80188640-748e-43da-a9ca-faa0e257b8f7', 'b7382b66-11bb-4a75-8e69-f1920f86ea94'),
	('2cacf6f6-592e-4fe4-8d2f-80b28b7e8ebe', '1673c8dd-6736-4aa9-a0df-4033e15a5f52', 'b7382b66-11bb-4a75-8e69-f1920f86ea94'),
	('a3135b4c-88a2-45f9-b2ec-001f59beb2f4', '651b134e-d668-4d0d-99ee-9001605839aa', 'e1108f79-94b9-48cc-bfd1-0316e8dc155f'),
	('67a7aa96-2a5a-45e2-9ecf-27dd5d5d2363', '651b134e-d668-4d0d-99ee-9001605839aa', '02c7ca47-adff-45d6-8939-22b51de8fd50'),
	('2ca4305b-e2cd-4b9d-8408-6c4dcac53a61', '96cf4f55-0957-4a14-b679-9fbff6f9c3bc', '69a6548a-f7ac-4854-9a15-10deba0a2dd1'),
	('edc40128-5a98-4955-b071-fa9eb222518b', 'eec6e171-be90-4247-ba06-db031048894f', '3f5d351e-1738-4b9b-bd34-72c4f2d67c8b'),
	('d3e9e431-2dbf-4de5-8b04-92e51a42e930', '8dee759b-fc2e-4d25-b91c-249ffc971266', '69a6548a-f7ac-4854-9a15-10deba0a2dd1'),
	('22d143d8-477d-4ded-8b36-90a5a25386f9', '590b98fa-1af0-47f8-a18c-08912a5861c2', '9fef0e86-3906-4243-982d-f0972acfc12d'),
	('109ab913-daef-45ee-b85e-5fa24959d35e', '99dc05d4-0399-4cc9-9ea6-3b006c3ccf38', 'e1108f79-94b9-48cc-bfd1-0316e8dc155f'),
	('42a6b5d1-fd4c-4dec-987e-c8b6af4cad8d', '05a46603-d616-4444-abe9-772f3ac919a2', '02c7ca47-adff-45d6-8939-22b51de8fd50'),
	('9b8f796e-07e6-4709-81df-20e4e86a4a3b', 'ee4946d5-9f98-4a77-82bd-469651b73d1f', '9fef0e86-3906-4243-982d-f0972acfc12d'),
	('0ed613cf-967e-41f6-addb-ec1b965a148d', 'e5f773c9-2eb8-4574-9f19-2bd394f1a6fb', '02c7ca47-adff-45d6-8939-22b51de8fd50'),
	('a796daa7-1614-45e1-beba-dc5d29da950f', 'b92470ae-de44-4265-aba6-22f7eff1ed5b', '4162b4fa-4573-4f7a-b8f5-42ba73290cf8'),
	('fd8c23ff-c0ad-442c-9979-95a4809d2f6f', 'c52591b0-6505-4fb1-8843-35191a39f536', '02c7ca47-adff-45d6-8939-22b51de8fd50'),
	('e39d44a0-71f6-42a5-ba34-9b00ff3449d2', 'bfe109eb-70a4-4dd9-95de-0dd3ad580c86', '4162b4fa-4573-4f7a-b8f5-42ba73290cf8'),
	('fa761974-ef79-4e09-840d-f7f2f8dcae3b', '0983dbea-a6f1-4cec-8e58-19a2e8a17ab6', 'b7382b66-11bb-4a75-8e69-f1920f86ea94'),
	('d49f239a-77cc-4d74-a756-b90e883c47a0', 'e957e18c-1c30-4cbd-8fd3-f18dcd18c59d', '69a6548a-f7ac-4854-9a15-10deba0a2dd1'),
	('6c514e54-460a-4943-bf92-28606ecec397', 'ea773468-beb0-4f31-a8ba-2e562fb3cbbc', '458f4b33-5abc-45d3-8cf0-c9b8a7da909c'),
	('e0d02390-1c01-40d1-9ea3-38d2195247e1', '4f56ee47-a43d-4bfe-ae5d-8b0f9539b6c1', '02c7ca47-adff-45d6-8939-22b51de8fd50'),
	('5b22dfb3-4108-4168-8320-bd1aafef009a', '9584fdb0-d583-4530-a08c-ca2b21d18c94', '458f4b33-5abc-45d3-8cf0-c9b8a7da909c'),
	('76435a85-c126-4847-9351-36b400891f6d', '720306e6-09e0-41e0-b5ad-f1669c939d95', '69a6548a-f7ac-4854-9a15-10deba0a2dd1'),
	('d4411424-0bb3-4283-95f5-4a496745e011', 'c64072e3-7dea-4060-a6d7-a8cd9b262df4', '5d7bda24-fe4f-47a6-92a0-9d758e908b74'),
	('4b6f6ecf-54c9-46ff-b10c-45cdb6749f24', 'a5172181-2dff-4e72-8c4b-ff0358bf3496', '3f5d351e-1738-4b9b-bd34-72c4f2d67c8b'),
	('59cb7452-1159-4da1-87b4-bb22a3ebf058', '3958cc68-1c6d-4b8d-bd0b-748cfbb41a60', 'ad32d1ab-c522-481d-8c80-809aedb4cecf'),
	('9d27766c-cd17-442d-a3e1-507a2fdcd755', '169a0e11-70f9-4c30-a7fd-e55c32d3cd20', '891913bb-44ab-490d-baa9-2d9b644a4230'),
	('0239293a-2b6c-46a8-b87b-d8d7ef8e6cf6', '37642464-d177-46d4-b08d-83aa220ab11a', 'ad32d1ab-c522-481d-8c80-809aedb4cecf'),
	('eca8e40b-33f4-4b59-b716-c6c6d1d47454', '88baadc0-4669-458e-849a-17a1276be85c', '02c7ca47-adff-45d6-8939-22b51de8fd50'),
	('76814d4f-f6fc-49e3-9b02-32cfcc24e65d', '83d4af80-cd1e-43b3-9c9e-f58f18366f72', '9fef0e86-3906-4243-982d-f0972acfc12d'),
	('dd16434d-e24f-470e-a66c-62c716a78e4c', 'a8871e24-7e21-42a3-a299-02461162e39e', 'e1108f79-94b9-48cc-bfd1-0316e8dc155f'),
	('ed4f0e92-0f81-4dca-861e-4d6e8a4eb8f5', '4c4d4bd8-f68e-4f84-ba9b-353f021703d4', '4162b4fa-4573-4f7a-b8f5-42ba73290cf8'),
	('7add99d8-754c-4263-a3a2-982e1e8413b7', 'f5e5ccbc-5d3c-4765-9a2b-fea8e1cbfee7', 'ad32d1ab-c522-481d-8c80-809aedb4cecf'),
	('7bac2015-e63d-41ad-8641-35d384a3d74e', '0b722fd4-b328-42ac-a678-101575901b36', '69a6548a-f7ac-4854-9a15-10deba0a2dd1'),
	('1801902b-1600-4b2c-9fbb-1bfb91c8fd23', '4ffbd619-0779-4008-a9c2-630a0c66e599', '458f4b33-5abc-45d3-8cf0-c9b8a7da909c'),
	('59eb11ba-4b1f-4221-a132-f0f34442c8ac', '6e621c16-7e10-4202-86c7-f3f2849f293f', '02c7ca47-adff-45d6-8939-22b51de8fd50'),
	('5cb18ea8-fb40-4a3f-ab11-a8bfb1246224', 'ed51c57d-5a36-4b00-82dd-2d5b203b8814', '07c05f24-6544-42f5-87f1-5b2b6d6ef065'),
	('cf5cd38a-a695-4a62-a364-6513635a4b1e', 'ce74c39f-b7a4-4663-8581-3b7773aac3a2', '69a6548a-f7ac-4854-9a15-10deba0a2dd1'),
	('4bae0387-06f6-4624-b46b-7518eca391e2', '9a42ac3d-9d11-40f7-88aa-1964c2a0d221', '4162b4fa-4573-4f7a-b8f5-42ba73290cf8'),
	('dd0318b8-d74f-44a9-9ffe-5b3b166f5b49', '7862a209-8061-4b18-adea-717c3142284e', 'bf613cb5-8d22-4085-a808-fac804e8cee1'),
	('07472bd2-d0d1-4e4e-b88c-86f86188d1fd', '405af0dd-014e-4e91-8ad6-f00c6aaa7824', '02c7ca47-adff-45d6-8939-22b51de8fd50'),
	('486b3e68-7a81-43d5-a317-b06ccf1382d4', '05132454-6b17-4b0f-ac95-147e8eff3ae7', '5d7bda24-fe4f-47a6-92a0-9d758e908b74'),
	('c1809833-417d-43f3-aee1-b704bc334902', '637b066a-fc5f-4926-af27-83e108fab29a', '458f4b33-5abc-45d3-8cf0-c9b8a7da909c'),
	('c25c69ff-bc0a-42cd-a4fb-c2558b758650', '67ac6d10-5844-4799-a455-f3072942ac03', '3f5d351e-1738-4b9b-bd34-72c4f2d67c8b'),
	('8b75dc73-dc1d-4296-8970-ea199190ac21', '69eeb2cb-c5ce-46bb-ab32-ae561d41619f', 'ad32d1ab-c522-481d-8c80-809aedb4cecf'),
	('9263d282-350c-4b63-8727-037752770624', '49de2b03-f97f-4eb3-af3e-da8dd4c907b6', 'bf613cb5-8d22-4085-a808-fac804e8cee1'),
	('2493639e-5048-49d9-bfa5-846fe9d43707', '0983dbea-a6f1-4cec-8e58-19a2e8a17ab6', 'bf613cb5-8d22-4085-a808-fac804e8cee1'),
	('0a1d79a4-3d7a-48d0-bb81-084467463329', 'd62d9d1b-6c52-452f-8ab4-695c6563e879', '3f5d351e-1738-4b9b-bd34-72c4f2d67c8b'),
	('279dde2a-3a23-4c61-8563-3c8caaadda13', '1d0d058f-4d91-4100-9232-6eee3bdd1d88', 'e1108f79-94b9-48cc-bfd1-0316e8dc155f'),
	('6d2b9d35-ac2d-44c3-bc80-61717974acf9', '7850e984-2050-4968-a97a-d60874ab0f1d', '4162b4fa-4573-4f7a-b8f5-42ba73290cf8'),
	('692a60e0-772d-4f44-b308-53ed224fd209', '2fc74228-e70a-41d0-9367-c3b1a0b532a0', '3f5d351e-1738-4b9b-bd34-72c4f2d67c8b'),
	('cf5f988a-7622-4a7a-b3a5-1ddc9fdb9904', 'd62d9d1b-6c52-452f-8ab4-695c6563e879', '02c7ca47-adff-45d6-8939-22b51de8fd50'),
	('b373372c-c66d-45bf-b0fd-e3d87a5c672b', '85b01a82-6550-42c3-9713-22b0ee4e4f58', '02c7ca47-adff-45d6-8939-22b51de8fd50'),
	('e252e248-2121-46a0-abb1-8b67012e9f59', 'ca7d43c3-4b3d-411e-a3c2-34b88e0cb0f3', '5d7bda24-fe4f-47a6-92a0-9d758e908b74'),
	('a40390b1-88dc-4501-a0a1-7e670a8fb78a', '7850e984-2050-4968-a97a-d60874ab0f1d', '4162b4fa-4573-4f7a-b8f5-42ba73290cf8'),
	('5d74aca6-7df0-4371-94a9-a3fc8406b1da', 'adffa746-af19-4d0d-8a5b-acdab7318356', '02c7ca47-adff-45d6-8939-22b51de8fd50'),
	('84f6da3d-643c-4e85-9406-02b5dfe84b28', '05a46603-d616-4444-abe9-772f3ac919a2', 'b7382b66-11bb-4a75-8e69-f1920f86ea94'),
	('41e9956a-b3a8-43ca-b67e-16c8b51f1b68', 'fb645f34-d187-4237-902c-24ccf972b5bb', '5d7bda24-fe4f-47a6-92a0-9d758e908b74'),
	('21912cdd-296b-4ac5-b144-230a1b906f17', '360c7b75-7c5c-4627-8ad2-4ea8e3639e8d', '9fef0e86-3906-4243-982d-f0972acfc12d'),
	('fe6811bf-9469-4097-a55a-0b5435c88a41', '945b3bb5-f6c0-4828-a667-757c3f61a53a', '5d7bda24-fe4f-47a6-92a0-9d758e908b74'),
	('62d24b23-1ffb-4631-9f90-c722d8446a66', '0664fc7f-bbbd-430d-9c51-ede862d833d5', '2c8a8c1a-1f5a-44fa-b0ad-8546b5d37d4b'),
	('c1c8ea7c-c123-47d8-8e8b-45a6d9fab03a', '77ef830d-3297-4e80-9991-897ad6598f97', 'ad32d1ab-c522-481d-8c80-809aedb4cecf'),
	('9d164b01-cf59-4fac-b0b2-e635928d0c76', '4e5278c1-3f5b-4166-983c-975514e7db05', '4162b4fa-4573-4f7a-b8f5-42ba73290cf8'),
	('a31992d9-998a-46e5-a9db-3e3437fdb61d', '596eb8fe-4777-4d29-8696-4aef7883a4a8', '07c05f24-6544-42f5-87f1-5b2b6d6ef065'),
	('1408f307-f057-4542-b82d-8bd9c0dc365f', '3b1e1874-dfb6-4f76-a31f-170d185b728a', '5d7bda24-fe4f-47a6-92a0-9d758e908b74'),
	('9dc0972a-8375-4a57-8792-c386e6397be3', '60d1610a-99a0-4e6c-9cdb-c5b0d7a1a7f1', '07c05f24-6544-42f5-87f1-5b2b6d6ef065'),
	('4aa0fde3-1206-4bf1-84c9-a7fbf856187c', 'ad2f6245-4983-46c0-a501-b8c30972abe9', '02c7ca47-adff-45d6-8939-22b51de8fd50'),
	('35948442-cab9-4a8f-9adc-1b2dcf5eed01', 'e89a3d4f-a585-4ccb-af31-70b3f7287591', '5d7bda24-fe4f-47a6-92a0-9d758e908b74'),
	('91628d49-3d9b-438b-930c-c034cec3dc01', 'e957e18c-1c30-4cbd-8fd3-f18dcd18c59d', '02c7ca47-adff-45d6-8939-22b51de8fd50'),
	('d776087a-0cac-49dc-9a79-1441a0401dcd', 'a463c893-e613-4812-9093-23d81b8dee86', '07c05f24-6544-42f5-87f1-5b2b6d6ef065'),
	('6ba1eb49-af07-42d9-81f4-acd6430719fb', '404d8dde-6f81-43e4-992b-c1d7379bceaa', '6000fe53-f0b6-47d5-b6a4-7b13200aed88'),
	('efe17c67-62ca-4819-b201-cbfa43406017', '487a5be1-0c01-444e-8cef-ebb6c11a2c47', '02c7ca47-adff-45d6-8939-22b51de8fd50'),
	('ca2fa1c9-cd33-42de-92ac-da3a52430f7a', 'd28f5d64-b34c-40dc-9565-246197c1c2b1', '02c7ca47-adff-45d6-8939-22b51de8fd50'),
	('152989de-b4c5-4c36-9d7c-a1d8050ee5dc', '4d782477-0e27-4aab-915f-8f0ea43b5331', '3f5d351e-1738-4b9b-bd34-72c4f2d67c8b'),
	('b768df05-e3ee-4d94-aa67-2815b8b93a04', 'd7a1d56a-02a6-4875-b2c9-cdc529dff8c4', '2c8a8c1a-1f5a-44fa-b0ad-8546b5d37d4b'),
	('c44e2a93-0b45-404e-b0b2-1ecfbbafb254', 'b92470ae-de44-4265-aba6-22f7eff1ed5b', '9fef0e86-3906-4243-982d-f0972acfc12d'),
	('1ef1d972-e055-4523-9d76-0261ad5d2777', '404d8dde-6f81-43e4-992b-c1d7379bceaa', '02c7ca47-adff-45d6-8939-22b51de8fd50'),
	('aaa0c6ae-8ebd-437b-812c-75b2160acb55', 'af5e73c0-f9e3-43ad-84e2-025163a7748c', '69a6548a-f7ac-4854-9a15-10deba0a2dd1'),
	('7eece8b8-426b-45c4-b9a8-daf57d961e01', 'adffa746-af19-4d0d-8a5b-acdab7318356', '891913bb-44ab-490d-baa9-2d9b644a4230'),
	('bdd26111-9c21-40a7-af63-f32da9ca2748', '670e3d94-42d2-4514-b239-190770ecc780', '4162b4fa-4573-4f7a-b8f5-42ba73290cf8'),
	('4f8cd177-5abb-4747-b093-52e2f99e5d59', '356387fd-b6b0-4bd8-8d97-2da3ea4cb42d', '69a6548a-f7ac-4854-9a15-10deba0a2dd1'),
	('40289083-859c-4ea9-8d20-c889c6f06ba2', '88baadc0-4669-458e-849a-17a1276be85c', 'bf613cb5-8d22-4085-a808-fac804e8cee1'),
	('ffad5700-937a-4582-9f62-3dea3524c170', '98c7526c-96ba-4030-9fde-305fc7b64e20', '458f4b33-5abc-45d3-8cf0-c9b8a7da909c'),
	('785e84e1-8d49-48ee-926d-246dece56fc9', '4b122ad5-d313-402b-922e-f2ba85e56260', '07c05f24-6544-42f5-87f1-5b2b6d6ef065'),
	('1a21ed3d-2277-499d-94ef-9d8fbded9fb7', 'ad2f6245-4983-46c0-a501-b8c30972abe9', 'ad32d1ab-c522-481d-8c80-809aedb4cecf'),
	('72f33254-d1d1-4e65-ab82-478b28e63287', '7efdc24d-628e-4ab6-8b23-622664c0e918', '07c05f24-6544-42f5-87f1-5b2b6d6ef065'),
	('a1519ce8-7189-482a-8bd3-1935411d18df', 'bfe109eb-70a4-4dd9-95de-0dd3ad580c86', '2c8a8c1a-1f5a-44fa-b0ad-8546b5d37d4b'),
	('ad982e09-12b7-49e5-b70a-1fe42f55f265', 'b0fcc0a0-7d80-4115-aefd-63f3a7a08ebe', '9fef0e86-3906-4243-982d-f0972acfc12d'),
	('d9273665-5223-4108-90d9-92db65ac40dd', 'b0fcc0a0-7d80-4115-aefd-63f3a7a08ebe', 'ad32d1ab-c522-481d-8c80-809aedb4cecf'),
	('3933c3ee-1bfb-47e4-8ec2-39c25702a4fe', '50275096-6861-438b-b24f-8e5b203db26a', '69a6548a-f7ac-4854-9a15-10deba0a2dd1'),
	('a5bf8cef-6b6e-4be2-b18a-9ea71638888f', 'd34e030b-fd45-4af9-b403-3e8ffa5b097f', '02c7ca47-adff-45d6-8939-22b51de8fd50'),
	('6e115bb2-b450-4004-a6ef-42590df1051c', '87c7b27a-2de8-4b04-a4bd-afb3415b369d', 'e1108f79-94b9-48cc-bfd1-0316e8dc155f'),
	('32360370-4fd4-46f2-ab94-3cb34203999c', 'aef67d85-b7f6-44a9-8e9e-0372a764debb', '6000fe53-f0b6-47d5-b6a4-7b13200aed88'),
	('3e74b47f-1d07-4b09-a7b2-6cc1a98c4a0f', 'e5f773c9-2eb8-4574-9f19-2bd394f1a6fb', 'e1108f79-94b9-48cc-bfd1-0316e8dc155f'),
	('1a31d506-beb6-45ca-b9ee-b22c639bed00', 'fa0ef801-ff7d-4040-8727-bec4333f1761', '5d7bda24-fe4f-47a6-92a0-9d758e908b74'),
	('61063ea5-ba22-439b-967a-0b791050c672', '05a46603-d616-4444-abe9-772f3ac919a2', 'bf613cb5-8d22-4085-a808-fac804e8cee1'),
	('260a510a-ca55-4899-b8fc-a429cb8251d4', '2bd547d4-99b9-43fc-8c71-b6f39cefadfb', '9fef0e86-3906-4243-982d-f0972acfc12d'),
	('a2be948d-586c-42ad-873a-d2a331152c54', '356387fd-b6b0-4bd8-8d97-2da3ea4cb42d', '458f4b33-5abc-45d3-8cf0-c9b8a7da909c'),
	('1ca789e2-858f-461d-a483-55a6be7abe99', '3958cc68-1c6d-4b8d-bd0b-748cfbb41a60', 'b7382b66-11bb-4a75-8e69-f1920f86ea94'),
	('a30c3720-8b0a-4a6e-bc89-0e9886a8c891', '487a5be1-0c01-444e-8cef-ebb6c11a2c47', 'ad32d1ab-c522-481d-8c80-809aedb4cecf'),
	('dcd5586a-a580-414b-a7b4-78aab3f3df15', '37642464-d177-46d4-b08d-83aa220ab11a', '07c05f24-6544-42f5-87f1-5b2b6d6ef065'),
	('9b511fcd-5c16-42ff-b2e7-dc780a70168d', 'fc878c9a-b51d-4be2-a701-5c3ee2eae59f', 'bf613cb5-8d22-4085-a808-fac804e8cee1'),
	('0fc62022-b28a-4c5e-9c47-13bd4307f157', '46f09b38-ed30-4ac3-a36a-7ecda07175cd', '02c7ca47-adff-45d6-8939-22b51de8fd50'),
	('1449bc4a-6425-4c6e-a413-fb35970c4702', 'a75206e5-8c9d-4d66-bc79-d27f5b39324e', '07c05f24-6544-42f5-87f1-5b2b6d6ef065'),
	('ed77ca4f-6335-454c-95ca-5944ecc01422', 'be1080cd-3db4-45b1-affa-570b08fccf14', 'ad32d1ab-c522-481d-8c80-809aedb4cecf'),
	('4ae3c80d-b48a-48be-b7fb-afe375b8ceb3', '487a5be1-0c01-444e-8cef-ebb6c11a2c47', 'ad32d1ab-c522-481d-8c80-809aedb4cecf'),
	('a906f76b-da65-422a-9094-b22a0fe9b3d8', '42c95009-abe7-47bd-80ec-f2f31a2156d1', '458f4b33-5abc-45d3-8cf0-c9b8a7da909c'),
	('f599d74d-fd96-4bf0-a712-61a22bdcc1fd', '69522b99-403f-415c-a456-8d64728a1a57', '02c7ca47-adff-45d6-8939-22b51de8fd50'),
	('2ba1053f-cee7-4ec1-a34c-669bb992e030', '05132454-6b17-4b0f-ac95-147e8eff3ae7', '07c05f24-6544-42f5-87f1-5b2b6d6ef065'),
	('ad55adca-889e-4cbe-9d5b-3c29450cb859', '13068400-04df-4710-85c6-9732bc383d5d', '02c7ca47-adff-45d6-8939-22b51de8fd50'),
	('f8a70cbb-5369-497f-88f9-ae4be81087b9', 'ed51c57d-5a36-4b00-82dd-2d5b203b8814', 'bf613cb5-8d22-4085-a808-fac804e8cee1'),
	('f3980d21-c80d-4498-8c46-e8bdd34be60e', 'aef67d85-b7f6-44a9-8e9e-0372a764debb', '458f4b33-5abc-45d3-8cf0-c9b8a7da909c'),
	('ad1bfd19-bd91-454d-84b2-93f0c3e3be7b', '0664fc7f-bbbd-430d-9c51-ede862d833d5', 'ad32d1ab-c522-481d-8c80-809aedb4cecf'),
	('4959c1ef-0c9d-40e2-92ef-0b57d2535c0b', '2107d3ad-726d-4e1a-9196-ee8a0f62975a', '5d7bda24-fe4f-47a6-92a0-9d758e908b74'),
	('53912deb-2bc7-4988-8ad3-df62cf203938', '41430d59-e3d6-4793-babf-0d94e14cafc4', 'b7382b66-11bb-4a75-8e69-f1920f86ea94'),
	('2a4eead0-99b5-4edc-9ac0-132f0746eea6', '1de6179c-85c9-4d10-b643-5cf6996c3ae5', '4162b4fa-4573-4f7a-b8f5-42ba73290cf8'),
	('8bc7906f-8077-4a3a-afc0-18f19be9d15b', '98c7526c-96ba-4030-9fde-305fc7b64e20', 'bf613cb5-8d22-4085-a808-fac804e8cee1'),
	('4941e970-7655-4a13-af42-044ee7ca868f', '05132454-6b17-4b0f-ac95-147e8eff3ae7', 'bf613cb5-8d22-4085-a808-fac804e8cee1'),
	('693bf445-0f97-481f-863c-77756630178e', '945b3bb5-f6c0-4828-a667-757c3f61a53a', '9fef0e86-3906-4243-982d-f0972acfc12d'),
	('876f3983-f3aa-4284-ad7a-ccf34f4c453b', '95d784d2-24c5-4f1c-bd93-81171d7dfff3', 'b7382b66-11bb-4a75-8e69-f1920f86ea94'),
	('bfed1a8a-95e5-4f3e-9345-50c8fb22c9fc', '77ef830d-3297-4e80-9991-897ad6598f97', '07c05f24-6544-42f5-87f1-5b2b6d6ef065'),
	('0862739f-145d-4cf8-9d46-177b28c8a9da', 'db71e695-7b8e-4616-937b-236872e01d17', 'bf613cb5-8d22-4085-a808-fac804e8cee1'),
	('45eeb814-d484-4e69-bebb-22162ac95535', 'db71e695-7b8e-4616-937b-236872e01d17', '07c05f24-6544-42f5-87f1-5b2b6d6ef065'),
	('0430065e-a097-4d43-ab64-45ac64b5034f', 'ac91410b-fa22-4615-b056-0334d31ea5bf', 'bf613cb5-8d22-4085-a808-fac804e8cee1'),
	('ed446670-a72a-46e1-9b5f-dfb618e85c44', 'b2bfd017-c318-471c-af75-d3d0a557f4e8', '07c05f24-6544-42f5-87f1-5b2b6d6ef065'),
	('41c1a8f9-2a02-49f8-b791-b0e9db23db71', '01e888e4-6c89-4c0b-ada4-66275812d4d3', 'e1108f79-94b9-48cc-bfd1-0316e8dc155f'),
	('6083d67d-1296-4ba0-a92b-783bd27f5d29', '0b722fd4-b328-42ac-a678-101575901b36', '02c7ca47-adff-45d6-8939-22b51de8fd50'),
	('7ebcf5c6-9cff-4901-ac04-e3358532d8d3', 'ee4946d5-9f98-4a77-82bd-469651b73d1f', '5d7bda24-fe4f-47a6-92a0-9d758e908b74'),
	('32b5c5be-26ba-47f7-844e-b4c1638871d2', '432f9244-d5a1-4cab-9cd6-8080eec2674d', 'ad32d1ab-c522-481d-8c80-809aedb4cecf'),
	('a2be1f31-a8f2-4968-ae4c-a165c511a294', '844888c2-daf5-43fc-9f82-420d398d6c98', '3f5d351e-1738-4b9b-bd34-72c4f2d67c8b'),
	('d105a09e-d862-4b17-9407-e8f3d04adb00', '0b722fd4-b328-42ac-a678-101575901b36', '5d7bda24-fe4f-47a6-92a0-9d758e908b74'),
	('3f2a8aa3-ddb1-4dcd-9d3d-b3bf7bbe4109', '518f05d1-eb7a-4cd1-9922-894ad9295208', '9fef0e86-3906-4243-982d-f0972acfc12d'),
	('246901e0-7bdf-4032-9eca-1dc79f12dd2e', 'f95f0cae-cea0-4eff-aa68-fd9258124eb9', '458f4b33-5abc-45d3-8cf0-c9b8a7da909c'),
	('9739379c-b325-4943-a11a-a15708beba4e', 'fc878c9a-b51d-4be2-a701-5c3ee2eae59f', '02c7ca47-adff-45d6-8939-22b51de8fd50'),
	('b389ed0b-f265-4e93-b5fc-33386d8fbe38', '2d4a7982-933a-4bc6-82dc-ecaece0aaa60', '4162b4fa-4573-4f7a-b8f5-42ba73290cf8'),
	('ab29c2ef-85f3-40aa-878a-19f38abb6dfb', '3e9d5a69-23d2-4770-a080-0b7590ef5c04', '458f4b33-5abc-45d3-8cf0-c9b8a7da909c'),
	('8ee5187c-eca9-4340-9ed0-e5ca8b6629c0', 'be1080cd-3db4-45b1-affa-570b08fccf14', '458f4b33-5abc-45d3-8cf0-c9b8a7da909c'),
	('36a302a7-4102-437f-9a1f-5da003449572', '945b3bb5-f6c0-4828-a667-757c3f61a53a', 'b7382b66-11bb-4a75-8e69-f1920f86ea94'),
	('d267d039-d26e-4e70-b674-8a0cde3a2cf2', 'aee9bd1b-4c21-427b-84fc-24c99b5b978b', '2c8a8c1a-1f5a-44fa-b0ad-8546b5d37d4b'),
	('d8d8b240-9465-4ea3-92ba-63a1cece4286', '844888c2-daf5-43fc-9f82-420d398d6c98', '2c8a8c1a-1f5a-44fa-b0ad-8546b5d37d4b'),
	('de332ad8-464e-4a13-8d41-dc7b3f9b8849', 'b05be28d-2c6d-406b-a13b-ab8e823eec19', '02c7ca47-adff-45d6-8939-22b51de8fd50'),
	('fecea27a-fa69-4527-9b7c-663b64b9a5df', '42c95009-abe7-47bd-80ec-f2f31a2156d1', '458f4b33-5abc-45d3-8cf0-c9b8a7da909c'),
	('7295b912-2a19-463e-83b1-82b81e5b40b4', 'e89a3d4f-a585-4ccb-af31-70b3f7287591', 'bf613cb5-8d22-4085-a808-fac804e8cee1'),
	('59b99182-5e7e-46e8-9053-8dff2131cee8', '28cf42ed-0137-4039-933a-ad4f126899b4', 'bf613cb5-8d22-4085-a808-fac804e8cee1'),
	('e6fa347d-e904-4984-bd0f-71462e538af6', 'fb7d58f6-bc7b-4640-b09d-6df028d1b0ea', 'b7382b66-11bb-4a75-8e69-f1920f86ea94'),
	('f0c08db2-248f-4948-97ff-3676482f305d', 'ad2f6245-4983-46c0-a501-b8c30972abe9', '4162b4fa-4573-4f7a-b8f5-42ba73290cf8'),
	('e3751856-6ea5-4496-9d4c-c4601d66f5da', '169a0e11-70f9-4c30-a7fd-e55c32d3cd20', 'e1108f79-94b9-48cc-bfd1-0316e8dc155f'),
	('66b7375b-e677-4250-abf1-10e1195f4039', '487a5be1-0c01-444e-8cef-ebb6c11a2c47', '4162b4fa-4573-4f7a-b8f5-42ba73290cf8'),
	('d9843e8d-61ed-460c-ac29-fe94f28fd6a3', '1ece88ae-ecc5-40e2-98fe-b61763e91462', 'e1108f79-94b9-48cc-bfd1-0316e8dc155f'),
	('ea9f2e65-a542-4a93-af27-5f7b2b0a81cb', 'ff78a73f-da22-430c-8d48-7517c3f435d1', '69a6548a-f7ac-4854-9a15-10deba0a2dd1'),
	('7180ece3-7500-42fe-8ea8-616beb26920b', 'cbbe0efc-8598-45cf-bd26-2d5f3bb655bf', '2c8a8c1a-1f5a-44fa-b0ad-8546b5d37d4b'),
	('0fdb06c9-ad1f-418e-9989-e0a81fdd01e3', '5e19fa9d-3369-43c5-99df-3d5cd38b8f60', '69a6548a-f7ac-4854-9a15-10deba0a2dd1'),
	('a9fc6879-f250-4900-9f4c-e83351ace687', 'adffa746-af19-4d0d-8a5b-acdab7318356', 'b7382b66-11bb-4a75-8e69-f1920f86ea94'),
	('5f173dbb-ef7e-4b7b-a0f3-b4ca5d759c2d', '53fa5451-9c75-4446-8b7b-3577fd760862', '69a6548a-f7ac-4854-9a15-10deba0a2dd1'),
	('f75a5c18-070f-4cbe-9248-810b536cbe43', '99891ee2-fe1f-4046-a349-7cd8ff8537a9', '69a6548a-f7ac-4854-9a15-10deba0a2dd1'),
	('c5bdd90a-80b1-48e8-8ba0-0e9a5dab55dc', 'f86319ab-0107-4c97-87ce-562558336367', '07c05f24-6544-42f5-87f1-5b2b6d6ef065'),
	('023cdb14-56b1-41f7-92b4-16fa0e9d5d13', '8dee759b-fc2e-4d25-b91c-249ffc971266', 'b7382b66-11bb-4a75-8e69-f1920f86ea94'),
	('49aaf856-4e63-470a-b42c-9d895dff7992', '2d4a7982-933a-4bc6-82dc-ecaece0aaa60', 'ad32d1ab-c522-481d-8c80-809aedb4cecf'),
	('dde6a498-ac60-41d1-8be3-fc879df800b3', '45409141-c8e7-4177-9575-101b3676bc9f', 'e1108f79-94b9-48cc-bfd1-0316e8dc155f'),
	('a0e0d255-663c-402a-9f07-aba577d7d443', '216cec14-a654-4a47-91c2-ab84f266866b', 'ad32d1ab-c522-481d-8c80-809aedb4cecf'),
	('730ce94b-5d9b-4b43-9170-7dd92daa4f96', 'ac3adfc6-a70a-4ad1-a6a4-dba8c8aec1cb', '2c8a8c1a-1f5a-44fa-b0ad-8546b5d37d4b'),
	('b3b4ec39-e650-4e55-9d4d-17be1f1cde93', '4e5278c1-3f5b-4166-983c-975514e7db05', '4162b4fa-4573-4f7a-b8f5-42ba73290cf8'),
	('e6f4de6c-d559-4760-b1cb-f8d0a38cc52a', 'db71e695-7b8e-4616-937b-236872e01d17', '2c8a8c1a-1f5a-44fa-b0ad-8546b5d37d4b'),
	('5361b8f3-f065-4497-8410-2e858b0a5d17', '3a33ce0e-a5dd-4c39-adc2-056ad5535083', 'ad32d1ab-c522-481d-8c80-809aedb4cecf'),
	('ea3172d3-334c-41f4-a9b8-8771ec593eff', 'e89a3d4f-a585-4ccb-af31-70b3f7287591', '2c8a8c1a-1f5a-44fa-b0ad-8546b5d37d4b'),
	('8341f922-6999-4208-9cfa-3dc688088923', 'adb9e324-3425-479b-8e0c-5d810c97e2f5', 'bf613cb5-8d22-4085-a808-fac804e8cee1'),
	('535bac47-2d36-45db-baed-abe51db6a6aa', 'fc878c9a-b51d-4be2-a701-5c3ee2eae59f', '891913bb-44ab-490d-baa9-2d9b644a4230'),
	('941d1e02-6fbb-4fea-ac0f-bd7874df583b', '46f09b38-ed30-4ac3-a36a-7ecda07175cd', '69a6548a-f7ac-4854-9a15-10deba0a2dd1'),
	('822065b5-377f-4845-8ad4-502f125cd93b', '49de2b03-f97f-4eb3-af3e-da8dd4c907b6', '5d7bda24-fe4f-47a6-92a0-9d758e908b74'),
	('4a721bac-4c52-4357-b3bf-55d509c0cb39', '637b066a-fc5f-4926-af27-83e108fab29a', '02c7ca47-adff-45d6-8939-22b51de8fd50'),
	('92a2b82b-76cf-4aba-9812-3b6b8af93cae', '37642464-d177-46d4-b08d-83aa220ab11a', '458f4b33-5abc-45d3-8cf0-c9b8a7da909c'),
	('3cc989f0-af25-46cf-894f-a2ddfd974135', '432f9244-d5a1-4cab-9cd6-8080eec2674d', 'b7382b66-11bb-4a75-8e69-f1920f86ea94'),
	('d9ec3b07-cb76-4d11-a077-0598708a0e41', '605e745a-d053-4c64-bfa0-b6a078567a49', '891913bb-44ab-490d-baa9-2d9b644a4230'),
	('cbe78dda-3e7a-4e45-a7c3-f8a06ad779e7', 'a4b903ca-a684-435d-914a-8596fdfb6b29', 'e1108f79-94b9-48cc-bfd1-0316e8dc155f'),
	('4d591e9c-88b2-4132-9079-354be5eef226', '99891ee2-fe1f-4046-a349-7cd8ff8537a9', '3f5d351e-1738-4b9b-bd34-72c4f2d67c8b'),
	('056e8a83-c46a-4d34-98bc-ef25c1806da1', 'b05be28d-2c6d-406b-a13b-ab8e823eec19', '6000fe53-f0b6-47d5-b6a4-7b13200aed88'),
	('378a0ce8-7da9-4486-8fc7-102fffbb19f5', '154234d3-4937-4204-9b1c-385127ca7b45', '5d7bda24-fe4f-47a6-92a0-9d758e908b74'),
	('8d82ad22-6863-477a-b397-9a8b03010fda', 'eec6e171-be90-4247-ba06-db031048894f', '2c8a8c1a-1f5a-44fa-b0ad-8546b5d37d4b'),
	('183f29bb-a32e-4478-9c1d-4481d2516023', '98c7526c-96ba-4030-9fde-305fc7b64e20', 'b7382b66-11bb-4a75-8e69-f1920f86ea94'),
	('fb0d003f-35f0-41ae-b13e-8ba00d0bad3f', '1788415a-37c2-4849-b35f-7c6747728680', '69a6548a-f7ac-4854-9a15-10deba0a2dd1'),
	('2e4dd7ea-7bc8-4bbb-b814-1abba6147c78', 'd28f5d64-b34c-40dc-9565-246197c1c2b1', 'e1108f79-94b9-48cc-bfd1-0316e8dc155f'),
	('de62bed9-b3f8-403c-a5ea-6565549c0976', '13587ef5-1a20-496b-adf5-3186f0b6b79d', 'ad32d1ab-c522-481d-8c80-809aedb4cecf'),
	('549cec94-5814-449b-9cdb-b06be539bb86', 'b0fcc0a0-7d80-4115-aefd-63f3a7a08ebe', '4162b4fa-4573-4f7a-b8f5-42ba73290cf8'),
	('58db83a8-ada3-4f83-a681-b788d9618fe9', '67ac6d10-5844-4799-a455-f3072942ac03', '5d7bda24-fe4f-47a6-92a0-9d758e908b74'),
	('16802b29-3258-4a6e-9ed6-a69452354d7c', 'e11e9718-3d3a-41f9-a13a-66c2a03c9280', 'bf613cb5-8d22-4085-a808-fac804e8cee1'),
	('24fb9479-f1bf-4545-9426-6d7e40e3cbfb', 'e957e18c-1c30-4cbd-8fd3-f18dcd18c59d', 'e1108f79-94b9-48cc-bfd1-0316e8dc155f'),
	('81fc163d-ab54-4958-9553-9f73132b1d75', '22da916e-7439-4d61-92ee-7d2d854f8c8f', 'e1108f79-94b9-48cc-bfd1-0316e8dc155f'),
	('ffa62e3e-ac6a-434b-ac3f-0adcf8d25bd1', '4db002d0-87a6-4153-9942-032928f78319', '9fef0e86-3906-4243-982d-f0972acfc12d'),
	('f047bc3c-cd37-45cd-acd1-59570027383f', '714bec7b-829d-405c-a5f4-280ef40ea39c', '02c7ca47-adff-45d6-8939-22b51de8fd50'),
	('83fce869-77ee-4b9a-992d-be18621f3656', 'e5f773c9-2eb8-4574-9f19-2bd394f1a6fb', 'ad32d1ab-c522-481d-8c80-809aedb4cecf'),
	('2e40788e-cea0-4894-9655-6fb8e960c593', 'fcbe16c8-612a-4d93-9dc5-71fc29fa78f4', '5d7bda24-fe4f-47a6-92a0-9d758e908b74'),
	('3b7c9411-1d0f-46a2-8082-753839213675', '99dc05d4-0399-4cc9-9ea6-3b006c3ccf38', '5d7bda24-fe4f-47a6-92a0-9d758e908b74'),
	('09b376cb-1832-4f67-b02c-b4126f56d055', 'e9235aa0-e614-449b-8f30-35d5767f7a24', '69a6548a-f7ac-4854-9a15-10deba0a2dd1'),
	('cc0d6e16-0488-4391-9aa0-fd064344e6d8', 'd40a6d10-8c38-4843-a232-d8ec1727fad4', '4162b4fa-4573-4f7a-b8f5-42ba73290cf8'),
	('93500884-aa17-46dd-b4e8-55dffbc39ba0', '590b98fa-1af0-47f8-a18c-08912a5861c2', '3f5d351e-1738-4b9b-bd34-72c4f2d67c8b'),
	('70183bcd-519a-484b-b3a6-a8ca57ad7d42', '8dee759b-fc2e-4d25-b91c-249ffc971266', 'e1108f79-94b9-48cc-bfd1-0316e8dc155f'),
	('cde15e27-3c03-4e02-b367-9801bcf029dc', 'fb7d58f6-bc7b-4640-b09d-6df028d1b0ea', '891913bb-44ab-490d-baa9-2d9b644a4230'),
	('94cc5dd9-c8ce-4163-a1f4-3b2953f87b82', '22da916e-7439-4d61-92ee-7d2d854f8c8f', '891913bb-44ab-490d-baa9-2d9b644a4230'),
	('8c710f65-c1fa-4338-9ca9-0fac8f1139f1', '637b066a-fc5f-4926-af27-83e108fab29a', '458f4b33-5abc-45d3-8cf0-c9b8a7da909c'),
	('78d86e12-f9d7-4c65-9b3b-a91f6befd4b9', '3e9d5a69-23d2-4770-a080-0b7590ef5c04', '07c05f24-6544-42f5-87f1-5b2b6d6ef065'),
	('85341844-0435-429d-9077-50eb21c8b99a', '404d8dde-6f81-43e4-992b-c1d7379bceaa', '9fef0e86-3906-4243-982d-f0972acfc12d'),
	('01900992-1960-48b4-957a-3034b658937b', '5e19fa9d-3369-43c5-99df-3d5cd38b8f60', '4162b4fa-4573-4f7a-b8f5-42ba73290cf8'),
	('52463c18-e0b7-45f1-8e56-41a4a270a1a2', 'b2bfd017-c318-471c-af75-d3d0a557f4e8', 'e1108f79-94b9-48cc-bfd1-0316e8dc155f'),
	('f10a7ae8-f033-45cd-a67c-efecef2420b6', '83d4af80-cd1e-43b3-9c9e-f58f18366f72', '07c05f24-6544-42f5-87f1-5b2b6d6ef065'),
	('ee990fec-61cf-4b9a-a14c-5177fde07cbb', 'ad2f6245-4983-46c0-a501-b8c30972abe9', '6000fe53-f0b6-47d5-b6a4-7b13200aed88'),
	('a172fc08-f8ba-4b97-9aa3-caa99c3c124d', '3bdb24ce-8119-4666-a9a3-4dce0b5948e2', '02c7ca47-adff-45d6-8939-22b51de8fd50'),
	('d459ab85-052d-4d0b-98fd-db6bd5c4c533', '1adbda36-e03e-4558-a19b-a6a38071d49a', '458f4b33-5abc-45d3-8cf0-c9b8a7da909c'),
	('adf9b4dd-b277-423e-a8d5-7bab06b0ae56', 'f86319ab-0107-4c97-87ce-562558336367', '07c05f24-6544-42f5-87f1-5b2b6d6ef065'),
	('ff473bce-6bfc-464e-93e1-d3393696475c', '66db378b-5397-49da-93cb-b0e5e2a76dbf', '891913bb-44ab-490d-baa9-2d9b644a4230'),
	('47295a3e-1ef3-44b4-8cdb-0614d83eaa4e', '363a1a75-5c40-4553-a217-dc11b21cedb4', '69a6548a-f7ac-4854-9a15-10deba0a2dd1'),
	('19db5959-6e82-4bc2-b862-1d3cf221a681', '8e7734e5-9a81-4f74-b53a-f18b6e56ad27', '458f4b33-5abc-45d3-8cf0-c9b8a7da909c'),
	('4ca4933b-227d-4a2e-bd7c-314a2b73bc42', 'fb914b4f-6b8f-4182-ad21-cf7b4f8d5e32', 'b7382b66-11bb-4a75-8e69-f1920f86ea94'),
	('f5516a40-edab-4e2b-847b-8c6597942150', '605e745a-d053-4c64-bfa0-b6a078567a49', '69a6548a-f7ac-4854-9a15-10deba0a2dd1'),
	('931837e5-88ac-4743-bd7c-91a1718419cf', '298104e3-a165-4110-8fa5-773453a7caba', '2c8a8c1a-1f5a-44fa-b0ad-8546b5d37d4b'),
	('e02e93e0-33d9-447a-abc6-130c76338f5a', '20c94fb0-a168-4f98-b131-e6bf162316c4', '6000fe53-f0b6-47d5-b6a4-7b13200aed88'),
	('b2b6ff46-e5fa-4f09-ad54-3f9cf4b9bcc3', '68fec44f-69b6-48d4-ae03-1fa4dfcda250', 'b7382b66-11bb-4a75-8e69-f1920f86ea94'),
	('9f2a4346-ff06-4e6f-863a-03f9534545f6', '4c4d4bd8-f68e-4f84-ba9b-353f021703d4', '5d7bda24-fe4f-47a6-92a0-9d758e908b74'),
	('2a6d6c4c-92eb-4eb7-9896-d3a83364501e', '0084ba18-46ac-443d-b8ca-d06d0a234852', 'b7382b66-11bb-4a75-8e69-f1920f86ea94'),
	('2ac12520-9375-4afd-bcf3-724cfb96ffe5', '2d4a7982-933a-4bc6-82dc-ecaece0aaa60', '458f4b33-5abc-45d3-8cf0-c9b8a7da909c'),
	('a3373ce5-f05f-4b86-afbb-bb5df703e35e', '1418922f-dba1-4a12-9a18-670eef1372c5', '69a6548a-f7ac-4854-9a15-10deba0a2dd1'),
	('61877e06-fb6b-412d-a781-8036527598ef', 'ac91410b-fa22-4615-b056-0334d31ea5bf', '9fef0e86-3906-4243-982d-f0972acfc12d'),
	('49bdd9b8-35d8-47f2-8b9f-f47b2b978230', 'fc878c9a-b51d-4be2-a701-5c3ee2eae59f', '02c7ca47-adff-45d6-8939-22b51de8fd50'),
	('a9cc844d-df83-4ab3-9d0f-3af6fd72a75f', 'b0fcc0a0-7d80-4115-aefd-63f3a7a08ebe', '07c05f24-6544-42f5-87f1-5b2b6d6ef065'),
	('04482451-6b1f-41ba-ac27-e4e2a2e2f205', 'fb645f34-d187-4237-902c-24ccf972b5bb', '07c05f24-6544-42f5-87f1-5b2b6d6ef065'),
	('13d8ed81-0675-4d7a-a6dc-ddc7900fe4f9', '99dc05d4-0399-4cc9-9ea6-3b006c3ccf38', 'ad32d1ab-c522-481d-8c80-809aedb4cecf'),
	('7eaed562-1c79-4413-be66-eaf5155509a2', '00ca33ee-f9cd-4be2-8584-3831bab5e945', '2c8a8c1a-1f5a-44fa-b0ad-8546b5d37d4b'),
	('c130ef20-c624-466e-86aa-72780bab9af2', 'a463c893-e613-4812-9093-23d81b8dee86', 'bf613cb5-8d22-4085-a808-fac804e8cee1'),
	('63d35966-5c1e-445d-876b-1a6d9b647987', 'd40a6d10-8c38-4843-a232-d8ec1727fad4', '458f4b33-5abc-45d3-8cf0-c9b8a7da909c'),
	('6fbc5eae-b5a8-4626-a74a-5575b098fb19', '727b7cc2-8f26-482f-b16d-ad915f2f6a0e', '02c7ca47-adff-45d6-8939-22b51de8fd50'),
	('ee492534-f2e5-4ca9-b301-e6bfa9f20625', '6ac16015-e948-4117-be69-cd4f708b93ec', 'e1108f79-94b9-48cc-bfd1-0316e8dc155f'),
	('d2402290-783b-4ee6-a6ce-87d4d1f40f51', '286908b6-a97d-48f8-bf21-84e49f86ff2b', '5d7bda24-fe4f-47a6-92a0-9d758e908b74');